static const unsigned char remolo_inter_semibold_ttf[] = {
0x00, 0x01, 0x00, 0x00, 0x00, 0x11, 0x01, 0x00, 0x00, 0x04, 0x00, 0x10, 0x47, 0x44, 0x45, 0x46,
0x37, 0x6f, 0x37, 0x9e, 0x00, 0x00, 0xe3, 0xd0, 0x00, 0x00, 0x01, 0x18, 0x47, 0x50, 0x4f, 0x53,
0xb1, 0xad, 0x6e, 0xc0, 0x00, 0x00, 0xe4, 0xe8, 0x00, 0x00, 0x65, 0x6e, 0x47, 0x53, 0x55, 0x42,
0xc4, 0xa5, 0x51, 0xb0, 0x00, 0x01, 0x4a, 0x58, 0x00, 0x00, 0x24, 0x98, 0x4f, 0x53, 0x2f, 0x32,
0x71, 0x18, 0x75, 0xa3, 0x00, 0x00, 0xcc, 0xbc, 0x00, 0x00, 0x00, 0x60, 0x63, 0x6d, 0x61, 0x70,
0x38, 0x48, 0x38, 0x7f, 0x00, 0x00, 0xcd, 0x1c, 0x00, 0x00, 0x01, 0xbc, 0x63, 0x76, 0x74, 0x20,
0x80, 0xae, 0x42, 0x4a, 0x00, 0x00, 0xdd, 0xd4, 0x00, 0x00, 0x01, 0x04, 0x66, 0x70, 0x67, 0x6d,
0x62, 0x2f, 0x07, 0x81, 0x00, 0x00, 0xce, 0xd8, 0x00, 0x00, 0x0e, 0x0c, 0x67, 0x61, 0x73, 0x70,
0x00, 0x00, 0x00, 0x10, 0x00, 0x00, 0xe3, 0xc8, 0x00, 0x00, 0x00, 0x08, 0x67, 0x6c, 0x79, 0x66,
0xf8, 0x6e, 0x29, 0x3b, 0x00, 0x00, 0x01, 0x1c, 0x00, 0x00, 0xbc, 0x20, 0x68, 0x65, 0x61, 0x64,
0x34, 0x57, 0x74, 0x25, 0x00, 0x00, 0xc2, 0x60, 0x00, 0x00, 0x00, 0x36, 0x68, 0x68, 0x65, 0x61,
0x16, 0x41, 0x14, 0x79, 0x00, 0x00, 0xcc, 0x98, 0x00, 0x00, 0x00, 0x24, 0x68, 0x6d, 0x74, 0x78,
0xd7, 0xe2, 0xff, 0x27, 0x00, 0x00, 0xc2, 0x98, 0x00, 0x00, 0x0a, 0x00, 0x6c, 0x6f, 0x63, 0x61,
0x75, 0xe0, 0x46, 0x81, 0x00, 0x00, 0xbd, 0x5c, 0x00, 0x00, 0x05, 0x02, 0x6d, 0x61, 0x78, 0x70,
0x04, 0x86, 0x0f, 0x8e, 0x00, 0x00, 0xbd, 0x3c, 0x00, 0x00, 0x00, 0x20, 0x6e, 0x61, 0x6d, 0x65,
0x99, 0xdf, 0xc3, 0xf4, 0x00, 0x00, 0xde, 0xd8, 0x00, 0x00, 0x04, 0xd0, 0x70, 0x6f, 0x73, 0x74,
0xfe, 0xb8, 0x00, 0xad, 0x00, 0x00, 0xe3, 0xa8, 0x00, 0x00, 0x00, 0x20, 0x70, 0x72, 0x65, 0x70,
0x68, 0xff, 0x23, 0x7a, 0x00, 0x00, 0xdc, 0xe4, 0x00, 0x00, 0x00, 0xef, 0x00, 0x02, 0x00, 0x32,
0x00, 0x00, 0x05, 0xa1, 0x05, 0xd2, 0x00, 0x07, 0x00, 0x10, 0x00, 0x2c, 0x40, 0x29, 0x0d, 0x01,
0x04, 0x00, 0x01, 0x4c, 0x00, 0x04, 0x00, 0x02, 0x01, 0x04, 0x02, 0x68, 0x00, 0x00, 0x00, 0x56,
0x4d, 0x05, 0x03, 0x02, 0x01, 0x01, 0x57, 0x01, 0x4e, 0x00, 0x00, 0x09, 0x08, 0x00, 0x07, 0x00,
0x07, 0x11, 0x11, 0x11, 0x06, 0x0b, 0x19, 0x2b, 0x33, 0x01, 0x21, 0x01, 0x21, 0x03, 0x21, 0x03,
0x13, 0x21, 0x27, 0x26, 0x26, 0x27, 0x06, 0x06, 0x07, 0x32, 0x02, 0x08, 0x01, 0x53, 0x02, 0x14,
0xfe, 0xdb, 0x7f, 0xfd, 0xd3, 0x7a, 0xc1, 0x01, 0x9d, 0x41, 0x21, 0x47, 0x2a, 0x28, 0x44, 0x1f,
0x05, 0xd2, 0xfa, 0x2e, 0x01, 0x71, 0xfe, 0x8f, 0x02, 0x48, 0xbe, 0x67, 0xfa, 0x9b, 0x9c, 0xfd,
0x63, 0x00, 0xff, 0xff, 0x00, 0x32, 0x00, 0x00, 0x05, 0xa1, 0x07, 0x87, 0x02, 0x26, 0x00, 0x01,
0x00, 0x00, 0x01, 0x07, 0x02, 0x76, 0x00, 0x75, 0x01, 0x74, 0x00, 0x09, 0xb1, 0x02, 0x02, 0xb8,
0x01, 0x74, 0xb0, 0x35, 0x2b, 0x00, 0xff, 0xff, 0x00, 0x32, 0x00, 0x00, 0x05, 0xa1, 0x07, 0x7b,
0x02, 0x26, 0x00, 0x01, 0x00, 0x00, 0x01, 0x07, 0x01, 0xbf, 0x00, 0xe4, 0x01, 0x74, 0x00, 0x09,
0xb1, 0x02, 0x01, 0xb8, 0x01, 0x74, 0xb0, 0x35, 0x2b, 0x00, 0xff, 0xff, 0x00, 0x32, 0x00, 0x00,
0x05, 0xa1, 0x07, 0x93, 0x02, 0x26, 0x00, 0x01, 0x00, 0x00, 0x01, 0x07, 0x01, 0xbd, 0x01, 0x24,
0x01, 0x74, 0x00, 0x09, 0xb1, 0x02, 0x01, 0xb8, 0x01, 0x74, 0xb0, 0x35, 0x2b, 0x00, 0xff, 0xff,
0x00, 0x32, 0x00, 0x00, 0x05, 0xa1, 0x07, 0x93, 0x02, 0x26, 0x00, 0x01, 0x00, 0x00, 0x01, 0x07,
0x01, 0xbc, 0x01, 0xdc, 0x01, 0x74, 0x00, 0x09, 0xb1, 0x02, 0x01, 0xb8, 0x01, 0x74, 0xb0, 0x35,
0x2b, 0x00, 0xff, 0xff, 0x00, 0x32, 0x00, 0x00, 0x05, 0xa1, 0x07, 0x93, 0x02, 0x26, 0x00, 0x01,
0x00, 0x00, 0x01, 0x07, 0x02, 0x78, 0x01, 0x20, 0x01, 0x74, 0x00, 0x09, 0xb1, 0x02, 0x01, 0xb8,
0x01, 0x74, 0xb0, 0x35, 0x2b, 0x00, 0xff, 0xff, 0x00, 0x32, 0x00, 0x00, 0x05, 0xa1, 0x07, 0xf5,
0x02, 0x26, 0x00, 0x01, 0x00, 0x00, 0x00, 0x07, 0x02, 0x7b, 0x01, 0x89, 0x00, 0x00, 0x00, 0x02,
0x00, 0x32, 0x00, 0x00, 0x07, 0xa5, 0x05, 0xd2, 0x00, 0x0f, 0x00, 0x13, 0x00, 0x7f, 0x4b, 0xb0,
0x2e, 0x50, 0x58, 0x40, 0x2e, 0x00, 0x09, 0x00, 0x01, 0x01, 0x09, 0x72, 0x00, 0x02, 0x00, 0x03,
0x08, 0x02, 0x03, 0x67, 0x00, 0x08, 0x00, 0x06, 0x04, 0x08, 0x06, 0x67, 0x00, 0x01, 0x01, 0x00,
0x60, 0x00, 0x00, 0x00, 0x56, 0x4d, 0x00, 0x04, 0x04, 0x05, 0x5f, 0x0a, 0x07, 0x02, 0x05, 0x05,
0x57, 0x05, 0x4e, 0x1b, 0x40, 0x2f, 0x00, 0x09, 0x00, 0x01, 0x00, 0x09, 0x01, 0x80, 0x00, 0x02,
0x00, 0x03, 0x08, 0x02, 0x03, 0x67, 0x00, 0x08, 0x00, 0x06, 0x04, 0x08, 0x06, 0x67, 0x00, 0x01,
0x01, 0x00, 0x60, 0x00, 0x00, 0x00, 0x56, 0x4d, 0x00, 0x04, 0x04, 0x05, 0x5f, 0x0a, 0x07, 0x02,
0x05, 0x05, 0x57, 0x05, 0x4e, 0x59, 0x40, 0x14, 0x00, 0x00, 0x13, 0x12, 0x11, 0x10, 0x00, 0x0f,
0x00, 0x0f, 0x11, 0x11, 0x11, 0x11, 0x11, 0x11, 0x11, 0x0b, 0x0b, 0x1d, 0x2b, 0x33, 0x01, 0x21,
0x15, 0x21, 0x11, 0x21, 0x15, 0x21, 0x11, 0x21, 0x15, 0x21, 0x11, 0x21, 0x03, 0x13, 0x21, 0x11,
0x23, 0x32, 0x02, 0x9c, 0x04, 0xd1, 0xfd, 0x45, 0x02, 0x8a, 0xfd, 0x76, 0x02, 0xc1, 0xfc, 0x3f,
0xfe, 0x16, 0xa2, 0xf8, 0x01, 0x94, 0x52, 0x05, 0xd2, 0xe1, 0xfe, 0x6b, 0xde, 0xfe, 0x63, 0xe1,
0x01, 0x77, 0xfe, 0x89, 0x02, 0x3d, 0x02, 0xeb, 0x00, 0x03, 0x00, 0x96, 0x00, 0x00, 0x04, 0xeb,
0x05, 0xd2, 0x00, 0x12, 0x00, 0x1b, 0x00, 0x24, 0x00, 0x39, 0x40, 0x36, 0x09, 0x01, 0x03, 0x04,
0x01, 0x4c, 0x00, 0x04, 0x00, 0x03, 0x02, 0x04, 0x03, 0x67, 0x00, 0x05, 0x05, 0x00, 0x5f, 0x00,
0x00, 0x00, 0x56, 0x4d, 0x00, 0x02, 0x02, 0x01, 0x5f, 0x06, 0x01, 0x01, 0x01, 0x57, 0x01, 0x4e,
0x00, 0x00, 0x24, 0x22, 0x1e, 0x1c, 0x1b, 0x19, 0x15, 0x13, 0x00, 0x12, 0x00, 0x11, 0x21, 0x07,
0x0b, 0x17, 0x2b, 0x33, 0x11, 0x21, 0x32, 0x16, 0x16, 0x15, 0x14, 0x06, 0x07, 0x15, 0x1e, 0x02,
0x15, 0x14, 0x06, 0x06, 0x23, 0x25, 0x21, 0x32, 0x36, 0x35, 0x34, 0x26, 0x23, 0x21, 0x35, 0x21,
0x32, 0x36, 0x35, 0x34, 0x26, 0x23, 0x21, 0x96, 0x02, 0x3a, 0xa1, 0xd5, 0x6b, 0x97, 0x6d, 0x4f,
0x92, 0x5d, 0x70, 0xe1, 0xab, 0xfe, 0xb2, 0x01, 0x24, 0x94, 0x83, 0x92, 0x7c, 0xfe, 0xd3, 0x01,
0x0d, 0x6a, 0x8e, 0x7a, 0x78, 0xfe, 0xed, 0x05, 0xd2, 0x65, 0xaf, 0x6f, 0x88, 0x9c, 0x19, 0x0f,
0x04, 0x58, 0xa0, 0x71, 0x74, 0xb8, 0x6a, 0xdf, 0x72, 0x59, 0x64, 0x88, 0xc1, 0x73, 0x63, 0x57,
0x70, 0x00, 0x00, 0x01, 0x00, 0x67, 0xff, 0xec, 0x05, 0x86, 0x05, 0xe6, 0x00, 0x1d, 0x00, 0x3b,
0x40, 0x38, 0x00, 0x02, 0x03, 0x05, 0x03, 0x02, 0x05, 0x80, 0x00, 0x05, 0x04, 0x03, 0x05, 0x04,
0x7e, 0x00, 0x03, 0x03, 0x01, 0x61, 0x00, 0x01, 0x01, 0x5c, 0x4d, 0x00, 0x04, 0x04, 0x00, 0x61,
0x06, 0x01, 0x00, 0x00, 0x5d, 0x00, 0x4e, 0x01, 0x00, 0x1a, 0x19, 0x17, 0x15, 0x11, 0x0f, 0x0d,
0x0c, 0x09, 0x07, 0x00, 0x1d, 0x01, 0x1d, 0x07, 0x0b, 0x16, 0x2b, 0x05, 0x22, 0x24, 0x02, 0x35,
0x34, 0x12, 0x24, 0x33, 0x32, 0x04, 0x16, 0x17, 0x21, 0x26, 0x26, 0x23, 0x22, 0x02, 0x15, 0x10,
0x12, 0x33, 0x32, 0x36, 0x37, 0x21, 0x06, 0x06, 0x04, 0x03, 0x11, 0xc4, 0xfe, 0xcc, 0xb2, 0xb3,
0x01, 0x34, 0xc3, 0xa3, 0x01, 0x0b, 0xae, 0x18, 0xfe, 0xf3, 0x19, 0xc4, 0x86, 0xb7, 0xeb, 0xec,
0xb5, 0x86, 0xc5, 0x19, 0x01, 0x0e, 0x15, 0xa4, 0xfe, 0xf4, 0x14, 0xb6, 0x01, 0x56, 0xf0, 0xf1,
0x01, 0x57, 0xb6, 0x7a, 0xe7, 0xa3, 0x84, 0x91, 0xfe, 0xef, 0xfe, 0xfe, 0xff, 0xfe, 0xf4, 0x91,
0x84, 0x8f, 0xea, 0x8b, 0xff, 0xff, 0x00, 0x67, 0xfe, 0x59, 0x05, 0x86, 0x05, 0xe6, 0x02, 0x26,
0x00, 0x0a, 0x00, 0x00, 0x01, 0x07, 0x02, 0x7a, 0x01, 0xc2, 0xff, 0xfb, 0x00, 0x09, 0xb1, 0x01,
0x01, 0xb8, 0xff, 0xfb, 0xb0, 0x35, 0x2b, 0x00, 0x00, 0x02, 0x00, 0x96, 0x00, 0x00, 0x05, 0x5f,
0x05, 0xd2, 0x00, 0x0a, 0x00, 0x11, 0x00, 0x28, 0x40, 0x25, 0x00, 0x03, 0x03, 0x01, 0x5f, 0x00,
0x01, 0x01, 0x56, 0x4d, 0x00, 0x02, 0x02, 0x00, 0x5f, 0x04, 0x01, 0x00, 0x00, 0x57, 0x00, 0x4e,
0x01, 0x00, 0x11, 0x0f, 0x0d, 0x0b, 0x04, 0x02, 0x00, 0x0a, 0x01, 0x0a, 0x05, 0x0b, 0x16, 0x2b,
0x21, 0x21, 0x11, 0x21, 0x32, 0x04, 0x12, 0x15, 0x14, 0x02, 0x04, 0x25, 0x33, 0x20, 0x11, 0x10,
0x21, 0x23, 0x02, 0x8e, 0xfe, 0x08, 0x02, 0x02, 0xde, 0x01, 0x3f, 0xaa, 0xab, 0xfe, 0xbd, 0xfe,
0x30, 0xe0, 0x01, 0xd7, 0xfe, 0x30, 0xe7, 0x05, 0xd2, 0xb3, 0xfe, 0xb3, 0xe7, 0xe9, 0xfe, 0xb1,
0xb3, 0xe7, 0x02, 0x04, 0x02, 0x00, 0x00, 0x01, 0x00, 0x96, 0x00, 0x00, 0x04, 0x62, 0x05, 0xd2,
0x00, 0x0b, 0x00, 0x2f, 0x40, 0x2c, 0x00, 0x02, 0x00, 0x03, 0x04, 0x02, 0x03, 0x67, 0x00, 0x01,
0x01, 0x00, 0x5f, 0x00, 0x00, 0x00, 0x56, 0x4d, 0x00, 0x04, 0x04, 0x05, 0x5f, 0x06, 0x01, 0x05,
0x05, 0x57, 0x05, 0x4e, 0x00, 0x00, 0x00, 0x0b, 0x00, 0x0b, 0x11, 0x11, 0x11, 0x11, 0x11, 0x07,
0x0b, 0x1b, 0x2b, 0x33, 0x11, 0x21, 0x15, 0x21, 0x11, 0x21, 0x15, 0x21, 0x11, 0x21, 0x15, 0x96,
0x03, 0xc8, 0xfd, 0x43, 0x02, 0x89, 0xfd, 0x77, 0x02, 0xc1, 0x05, 0xd2, 0xe1, 0xfe, 0x6e, 0xde,
0xfe, 0x60, 0xe1, 0x00, 0xff, 0xff, 0x00, 0x96, 0x00, 0x00, 0x04, 0x62, 0x07, 0x93, 0x02, 0x26,
0x00, 0x0d, 0x00, 0x00, 0x01, 0x07, 0x01, 0xbd, 0x00, 0xb9, 0x01, 0x74, 0x00, 0x09, 0xb1, 0x01,
0x01, 0xb8, 0x01, 0x74, 0xb0, 0x35, 0x2b, 0x00, 0xff, 0xff, 0x00, 0x96, 0x00, 0x00, 0x04, 0x62,
0x07, 0x93, 0x02, 0x26, 0x00, 0x0d, 0x00, 0x00, 0x01, 0x07, 0x01, 0xbc, 0x01, 0x71, 0x01, 0x74,
0x00, 0x09, 0xb1, 0x01, 0x01, 0xb8, 0x01, 0x74, 0xb0, 0x35, 0x2b, 0x00, 0xff, 0xff, 0x00, 0x96,
0x00, 0x00, 0x04, 0x62, 0x07, 0x93, 0x02, 0x26, 0x00, 0x0d, 0x00, 0x00, 0x01, 0x07, 0x02, 0x78,
0x00, 0xb6, 0x01, 0x74, 0x00, 0x09, 0xb1, 0x01, 0x01, 0xb8, 0x01, 0x74, 0xb0, 0x35, 0x2b, 0x00,
0xff, 0xff, 0x00, 0x96, 0x00, 0x00, 0x04, 0x62, 0x07, 0x87, 0x02, 0x26, 0x00, 0x0d, 0x00, 0x00,
0x01, 0x07, 0x02, 0x76, 0x00, 0x0a, 0x01, 0x74, 0x00, 0x09, 0xb1, 0x01, 0x02, 0xb8, 0x01, 0x74,
0xb0, 0x35, 0x2b, 0x00, 0x00, 0x01, 0x00, 0x96, 0x00, 0x00, 0x04, 0x50, 0x05, 0xd2, 0x00, 0x09,
0x00, 0x29, 0x40, 0x26, 0x00, 0x02, 0x00, 0x03, 0x04, 0x02, 0x03, 0x67, 0x00, 0x01, 0x01, 0x00,
0x5f, 0x00, 0x00, 0x00, 0x56, 0x4d, 0x05, 0x01, 0x04, 0x04, 0x57, 0x04, 0x4e, 0x00, 0x00, 0x00,
0x09, 0x00, 0x09, 0x11, 0x11, 0x11, 0x11, 0x06, 0x0b, 0x1a, 0x2b, 0x33, 0x11, 0x21, 0x15, 0x21,
0x11, 0x21, 0x15, 0x21, 0x11, 0x96, 0x03, 0xba, 0xfd, 0x51, 0x02, 0x6c, 0xfd, 0x94, 0x05, 0xd2,
0xe1, 0xfe, 0x41, 0xde, 0xfd, 0xac, 0x00, 0x01, 0x00, 0x67, 0xff, 0xec, 0x05, 0x91, 0x05, 0xe6,
0x00, 0x21, 0x00, 0x3e, 0x40, 0x3b, 0x00, 0x02, 0x03, 0x06, 0x03, 0x02, 0x06, 0x80, 0x00, 0x06,
0x00, 0x05, 0x04, 0x06, 0x05, 0x67, 0x00, 0x03, 0x03, 0x01, 0x61, 0x00, 0x01, 0x01, 0x5c, 0x4d,
0x00, 0x04, 0x04, 0x00, 0x61, 0x07, 0x01, 0x00, 0x00, 0x5d, 0x00, 0x4e, 0x01, 0x00, 0x1d, 0x1c,
0x1b, 0x1a, 0x18, 0x16, 0x11, 0x0f, 0x0d, 0x0c, 0x09, 0x07, 0x00, 0x21, 0x01, 0x21, 0x08, 0x0b,
0x16, 0x2b, 0x05, 0x22, 0x24, 0x02, 0x35, 0x34, 0x12, 0x24, 0x33, 0x32, 0x04, 0x16, 0x17, 0x21,
0x26, 0x26, 0x23, 0x22, 0x06, 0x06, 0x15, 0x14, 0x12, 0x33, 0x32, 0x36, 0x37, 0x21, 0x35, 0x21,
0x15, 0x14, 0x02, 0x04, 0x03, 0x19, 0xce, 0xfe, 0xca, 0xae, 0xb3, 0x01, 0x34, 0xc3, 0xa4, 0x01,
0x0b, 0xad, 0x17, 0xfe, 0xef, 0x24, 0xb3, 0x88, 0x78, 0xbd, 0x6c, 0xeb, 0xbc, 0xa8, 0xc8, 0x04,
0xfe, 0xa8, 0x02, 0x5b, 0xa3, 0xfe, 0xe3, 0x14, 0xb9, 0x01, 0x57, 0xeb, 0xf0, 0x01, 0x57, 0xb8,
0x7e, 0xe0, 0x92, 0x77, 0x8a, 0x7a, 0xeb, 0xa9, 0xfd, 0xfe, 0xef, 0xbd, 0xa1, 0xd2, 0xb3, 0xbf,
0xfe, 0xe9, 0x96, 0x00, 0x00, 0x01, 0x00, 0x67, 0xff, 0xec, 0x05, 0x91, 0x05, 0xe6, 0x00, 0x23,
0x00, 0x7e, 0xb5, 0x20, 0x01, 0x04, 0x05, 0x01, 0x4c, 0x4b, 0xb0, 0x19, 0x50, 0x58, 0x40, 0x27,
0x00, 0x02, 0x03, 0x06, 0x03, 0x02, 0x06, 0x80, 0x00, 0x06, 0x00, 0x05, 0x04, 0x06, 0x05, 0x67,
0x00, 0x03, 0x03, 0x01, 0x61, 0x00, 0x01, 0x01, 0x5c, 0x4d, 0x00, 0x04, 0x04, 0x00, 0x61, 0x07,
0x08, 0x02, 0x00, 0x00, 0x5d, 0x00, 0x4e, 0x1b, 0x40, 0x2b, 0x00, 0x02, 0x03, 0x06, 0x03, 0x02,
0x06, 0x80, 0x00, 0x06, 0x00, 0x05, 0x04, 0x06, 0x05, 0x67, 0x00, 0x03, 0x03, 0x01, 0x61, 0x00,
0x01, 0x01, 0x5c, 0x4d, 0x00, 0x07, 0x07, 0x57, 0x4d, 0x00, 0x04, 0x04, 0x00, 0x61, 0x08, 0x01,
0x00, 0x00, 0x5d, 0x00, 0x4e, 0x59, 0x40, 0x17, 0x01, 0x00, 0x1f, 0x1e, 0x1d, 0x1c, 0x1b, 0x1a,
0x18, 0x16, 0x11, 0x0f, 0x0d, 0x0c, 0x09, 0x07, 0x00, 0x23, 0x01, 0x23, 0x09, 0x0b, 0x16, 0x2b,
0x05, 0x22, 0x24, 0x02, 0x35, 0x34, 0x12, 0x24, 0x33, 0x32, 0x04, 0x16, 0x17, 0x21, 0x26, 0x26,
0x23, 0x22, 0x06, 0x06, 0x15, 0x14, 0x12, 0x33, 0x32, 0x36, 0x37, 0x21, 0x35, 0x21, 0x11, 0x23,
0x03, 0x0e, 0x02, 0x02, 0xfd, 0xbd, 0xfe, 0xd5, 0xae, 0xb3, 0x01, 0x34, 0xc3, 0xa4, 0x01, 0x0b,
0xad, 0x17, 0xfe, 0xef, 0x24, 0xb3, 0x88, 0x78, 0xbd, 0x6c, 0xec, 0xbe, 0xa6, 0xc3, 0x08, 0xfe,
0xa7, 0x02, 0x5c, 0xb9, 0x21, 0x14, 0x67, 0xb6, 0x14, 0xb9, 0x01, 0x57, 0xeb, 0xf0, 0x01, 0x57,
0xb8, 0x7e, 0xe0, 0x92, 0x77, 0x8a, 0x7a, 0xeb, 0xa9, 0xfd, 0xfe, 0xef, 0xbc, 0xa2, 0xd2, 0xfc,
0xf5, 0x01, 0x46, 0x60, 0x9d, 0x5d, 0x00, 0x01, 0x00, 0x96, 0x00, 0x00, 0x05, 0x61, 0x05, 0xd2,
0x00, 0x0b, 0x00, 0x27, 0x40, 0x24, 0x00, 0x01, 0x00, 0x04, 0x03, 0x01, 0x04, 0x67, 0x02, 0x01,
0x00, 0x00, 0x56, 0x4d, 0x06, 0x05, 0x02, 0x03, 0x03, 0x57, 0x03, 0x4e, 0x00, 0x00, 0x00, 0x0b,
0x00, 0x0b, 0x11, 0x11, 0x11, 0x11, 0x11, 0x07, 0x0b, 0x1b, 0x2b, 0x33, 0x11, 0x21, 0x11, 0x21,
0x11, 0x21, 0x11, 0x21, 0x11, 0x21, 0x11, 0x96, 0x01, 0x0b, 0x02, 0xb5, 0x01, 0x0b, 0xfe, 0xf5,
0xfd, 0x4b, 0x05, 0xd2, 0xfd, 0x98, 0x02, 0x68, 0xfa, 0x2e, 0x02, 0x89, 0xfd, 0x77, 0x00, 0x01,
0x00, 0x96, 0x00, 0x00, 0x01, 0xa1, 0x05, 0xd2, 0x00, 0x03, 0x00, 0x19, 0x40, 0x16, 0x02, 0x01,
0x01, 0x01, 0x56, 0x4d, 0x00, 0x00, 0x00, 0x57, 0x00, 0x4e, 0x00, 0x00, 0x00, 0x03, 0x00, 0x03,
0x11, 0x03, 0x0b, 0x17, 0x2b, 0x01, 0x11, 0x21, 0x11, 0x01, 0xa1, 0xfe, 0xf5, 0x05, 0xd2, 0xfa,
0x2e, 0x05, 0xd2, 0x00, 0xff, 0xff, 0xff, 0xb7, 0x00, 0x00, 0x02, 0x81, 0x07, 0x87, 0x02, 0x26,
0x00, 0x16, 0x00, 0x00, 0x01, 0x07, 0x02, 0x76, 0xfe, 0xa9, 0x01, 0x74, 0x00, 0x09, 0xb1, 0x01,
0x02, 0xb8, 0x01, 0x74, 0xb0, 0x35, 0x2b, 0x00, 0xff, 0xff, 0xff, 0xf6, 0x00, 0x00, 0x01, 0xa1,
0x07, 0x93, 0x02, 0x26, 0x00, 0x16, 0x00, 0x00, 0x01, 0x07, 0x01, 0xbd, 0xff, 0x59, 0x01, 0x74,
0x00, 0x09, 0xb1, 0x01, 0x01, 0xb8, 0x01, 0x74, 0xb0, 0x35, 0x2b, 0x00, 0xff, 0xff, 0x00, 0x96,
0x00, 0x00, 0x02, 0x40, 0x07, 0x93, 0x02, 0x26, 0x00, 0x16, 0x00, 0x00, 0x01, 0x07, 0x01, 0xbc,
0x00, 0x10, 0x01, 0x74, 0x00, 0x09, 0xb1, 0x01, 0x01, 0xb8, 0x01, 0x74, 0xb0, 0x35, 0x2b, 0x00,
0xff, 0xff, 0xff, 0xa4, 0x00, 0x00, 0x02, 0x94, 0x07, 0x93, 0x02, 0x26, 0x00, 0x16, 0x00, 0x00,
0x01, 0x07, 0x02, 0x78, 0xff, 0x55, 0x01, 0x74, 0x00, 0x09, 0xb1, 0x01, 0x01, 0xb8, 0x01, 0x74,
0xb0, 0x35, 0x2b, 0x00, 0x00, 0x01, 0x00, 0x50, 0x00, 0x00, 0x03, 0x68, 0x05, 0xd2, 0x00, 0x0b,
0x00, 0x29, 0x40, 0x26, 0x03, 0x01, 0x01, 0x01, 0x02, 0x5f, 0x00, 0x02, 0x02, 0x56, 0x4d, 0x04,
0x01, 0x00, 0x00, 0x05, 0x5f, 0x06, 0x01, 0x05, 0x05, 0x57, 0x05, 0x4e, 0x00, 0x00, 0x00, 0x0b,
0x00, 0x0b, 0x11, 0x11, 0x11, 0x11, 0x11, 0x07, 0x0b, 0x1b, 0x2b, 0x33, 0x35, 0x21, 0x11, 0x21,
0x35, 0x21, 0x15, 0x21, 0x11, 0x21, 0x15, 0x50, 0x01, 0x07, 0xfe, 0xf9, 0x03, 0x18, 0xfe, 0xfa,
0x01, 0x06, 0xe1, 0x04, 0x10, 0xe1, 0xe1, 0xfb, 0xf0, 0xe1, 0xff, 0xff, 0x00, 0x50, 0x00, 0x00,
0x03, 0x68, 0x07, 0x87, 0x02, 0x26, 0x00, 0x1b, 0x00, 0x00, 0x01, 0x07, 0x02, 0x76, 0xff, 0x6a,
0x01, 0x74, 0x00, 0x09, 0xb1, 0x01, 0x02, 0xb8, 0x01, 0x74, 0xb0, 0x35, 0x2b, 0x00, 0xff, 0xff,
0x00, 0x50, 0x00, 0x00, 0x03, 0x68, 0x07, 0x93, 0x02, 0x26, 0x00, 0x1b, 0x00, 0x00, 0x01, 0x07,
0x01, 0xbd, 0x00, 0x19, 0x01, 0x74, 0x00, 0x09, 0xb1, 0x01, 0x01, 0xb8, 0x01, 0x74, 0xb0, 0x35,
0x2b, 0x00, 0xff, 0xff, 0x00, 0x50, 0x00, 0x00, 0x03, 0x68, 0x07, 0x93, 0x02, 0x26, 0x00, 0x1b,
0x00, 0x00, 0x01, 0x07, 0x01, 0xbc, 0x00, 0xd1, 0x01, 0x74, 0x00, 0x09, 0xb1, 0x01, 0x01, 0xb8,
0x01, 0x74, 0xb0, 0x35, 0x2b, 0x00, 0xff, 0xff, 0x00, 0x50, 0x00, 0x00, 0x03, 0x68, 0x07, 0x93,
0x02, 0x26, 0x00, 0x1b, 0x00, 0x00, 0x01, 0x07, 0x02, 0x78, 0x00, 0x15, 0x01, 0x74, 0x00, 0x09,
0xb1, 0x01, 0x01, 0xb8, 0x01, 0x74, 0xb0, 0x35, 0x2b, 0x00, 0x00, 0x01, 0x00, 0x4e, 0xff, 0xec,
0x04, 0x0e, 0x05, 0xd2, 0x00, 0x11, 0x00, 0x2b, 0x40, 0x28, 0x00, 0x01, 0x03, 0x02, 0x03, 0x01,
0x02, 0x80, 0x00, 0x03, 0x03, 0x56, 0x4d, 0x00, 0x02, 0x02, 0x00, 0x61, 0x04, 0x01, 0x00, 0x00,
0x5d, 0x00, 0x4e, 0x01, 0x00, 0x0e, 0x0d, 0x0a, 0x08, 0x05, 0x04, 0x00, 0x11, 0x01, 0x11, 0x05,
0x0b, 0x16, 0x2b, 0x05, 0x22, 0x24, 0x35, 0x35, 0x21, 0x15, 0x14, 0x16, 0x33, 0x32, 0x36, 0x35,
0x11, 0x21, 0x11, 0x14, 0x04, 0x02, 0x30, 0xdd, 0xfe, 0xfb, 0x01, 0x0b, 0x75, 0x62, 0x61, 0x74,
0x01, 0x09, 0xfe, 0xfd, 0x14, 0xef, 0xdd, 0x55, 0x57, 0x76, 0x78, 0x79, 0x75, 0x04, 0x1c, 0xfb,
0xe7, 0xde, 0xef, 0x00, 0x00, 0x01, 0x00, 0x96, 0x00, 0x00, 0x05, 0x6b, 0x05, 0xd2, 0x00, 0x0f,
0x00, 0x26, 0x40, 0x23, 0x0e, 0x0d, 0x0a, 0x04, 0x04, 0x02, 0x00, 0x01, 0x4c, 0x01, 0x01, 0x00,
0x00, 0x56, 0x4d, 0x04, 0x03, 0x02, 0x02, 0x02, 0x57, 0x02, 0x4e, 0x00, 0x00, 0x00, 0x0f, 0x00,
0x0f, 0x12, 0x16, 0x11, 0x05, 0x0b, 0x19, 0x2b, 0x33, 0x11, 0x21, 0x11, 0x03, 0x36, 0x36, 0x37,
0x01, 0x21, 0x01, 0x01, 0x21, 0x01, 0x07, 0x11, 0x96, 0x01, 0x0b, 0x04, 0x34, 0x74, 0x49, 0x01,
0x87, 0x01, 0x4c, 0xfd, 0xc4, 0x02, 0x46, 0xfe, 0xc5, 0xfe, 0x3c, 0xcb, 0x05, 0xd2, 0xfe, 0x46,
0xfe, 0xc1, 0x50, 0x96, 0x55, 0x01, 0xbe, 0xfd, 0x7b, 0xfc, 0xb3, 0x02, 0x9c, 0xdd, 0xfe, 0x41,
0x00, 0x01, 0x00, 0x96, 0x00, 0x00, 0x04, 0x33, 0x05, 0xd2, 0x00, 0x05, 0x00, 0x1f, 0x40, 0x1c,
0x00, 0x00, 0x00, 0x56, 0x4d, 0x00, 0x01, 0x01, 0x02, 0x60, 0x03, 0x01, 0x02, 0x02, 0x57, 0x02,
0x4e, 0x00, 0x00, 0x00, 0x05, 0x00, 0x05, 0x11, 0x11, 0x04, 0x0b, 0x18, 0x2b, 0x33, 0x11, 0x21,
0x11, 0x21, 0x15, 0x96, 0x01, 0x0b, 0x02, 0x92, 0x05, 0xd2, 0xfb, 0x0f, 0xe1, 0x00, 0x00, 0x01,
0x00, 0x96, 0x00, 0x00, 0x06, 0xcb, 0x05, 0xd2, 0x00, 0x24, 0x00, 0x27, 0x40, 0x24, 0x1f, 0x14,
0x07, 0x03, 0x02, 0x00, 0x01, 0x4c, 0x01, 0x01, 0x00, 0x00, 0x56, 0x4d, 0x05, 0x04, 0x03, 0x03,
0x02, 0x02, 0x57, 0x02, 0x4e, 0x00, 0x00, 0x00, 0x24, 0x00, 0x24, 0x1a, 0x11, 0x1a, 0x11, 0x06,
0x0b, 0x1a, 0x2b, 0x33, 0x11, 0x21, 0x01, 0x1e, 0x02, 0x17, 0x3e, 0x02, 0x37, 0x01, 0x21, 0x11,
0x21, 0x11, 0x34, 0x36, 0x36, 0x37, 0x0e, 0x02, 0x07, 0x01, 0x23, 0x01, 0x2e, 0x02, 0x27, 0x1e,
0x02, 0x15, 0x11, 0x96, 0x01, 0x92, 0x01, 0x1b, 0x0f, 0x27, 0x28, 0x11, 0x11, 0x28, 0x27, 0x0e,
0x01, 0x18, 0x01, 0x93, 0xfe, 0xf6, 0x03, 0x05, 0x01, 0x19, 0x38, 0x32, 0x12, 0xfe, 0xed, 0xe3,
0xfe, 0xe9, 0x12, 0x31, 0x37, 0x1c, 0x02, 0x05, 0x03, 0x05, 0xd2, 0xfc, 0xff, 0x2c, 0x8d, 0xa1,
0x4a, 0x49, 0xa1, 0x8d, 0x2d, 0x03, 0x01, 0xfa, 0x2e, 0x02, 0xf0, 0x38, 0xa5, 0xba, 0x59, 0x60,
0xbe, 0xa0, 0x32, 0xfd, 0x10, 0x02, 0xf0, 0x30, 0x9c, 0xbc, 0x60, 0x54, 0xb7, 0xa4, 0x39, 0xfd,
0x10, 0x00, 0x00, 0x01, 0x00, 0x96, 0x00, 0x00, 0x05, 0x7d, 0x05, 0xd2, 0x00, 0x16, 0x00, 0x24,
0x40, 0x21, 0x12, 0x06, 0x02, 0x02, 0x00, 0x01, 0x4c, 0x01, 0x01, 0x00, 0x00, 0x56, 0x4d, 0x04,
0x03, 0x02, 0x02, 0x02, 0x57, 0x02, 0x4e, 0x00, 0x00, 0x00, 0x16, 0x00, 0x16, 0x11, 0x18, 0x11,
0x05, 0x0b, 0x19, 0x2b, 0x33, 0x11, 0x21, 0x01, 0x16, 0x16, 0x17, 0x26, 0x26, 0x35, 0x11, 0x21,
0x11, 0x21, 0x01, 0x2e, 0x02, 0x27, 0x16, 0x16, 0x15, 0x11, 0x96, 0x01, 0x2e, 0x02, 0x03, 0x28,
0x5e, 0x31, 0x08, 0x08, 0x01, 0x0f, 0xfe, 0xd1, 0xfe, 0x2f, 0x27, 0x45, 0x4c, 0x32, 0x07, 0x0c,
0x05, 0xd2, 0xfc, 0xcb, 0x40, 0xab, 0x70, 0x6c, 0xd2, 0x44, 0x03, 0x0e, 0xfa, 0x2e, 0x02, 0xe3,
0x3e, 0x7a, 0x90, 0x61, 0x8a, 0xe0, 0x3e, 0xfd, 0x1c, 0x00, 0xff, 0xff, 0x00, 0x96, 0x00, 0x00,
0x05, 0x7d, 0x07, 0x7b, 0x02, 0x26, 0x00, 0x24, 0x00, 0x00, 0x01, 0x07, 0x01, 0xbf, 0x01, 0x07,
0x01, 0x74, 0x00, 0x09, 0xb1, 0x01, 0x01, 0xb8, 0x01, 0x74, 0xb0, 0x35, 0x2b, 0x00, 0x00, 0x02,
0x00, 0x67, 0xff, 0xec, 0x05, 0xbf, 0x05, 0xe6, 0x00, 0x0f, 0x00, 0x1b, 0x00, 0x2d, 0x40, 0x2a,
0x00, 0x03, 0x03, 0x01, 0x61, 0x00, 0x01, 0x01, 0x5c, 0x4d, 0x05, 0x01, 0x02, 0x02, 0x00, 0x61,
0x04, 0x01, 0x00, 0x00, 0x5d, 0x00, 0x4e, 0x11, 0x10, 0x01, 0x00, 0x17, 0x15, 0x10, 0x1b, 0x11,
0x1b, 0x09, 0x07, 0x00, 0x0f, 0x01, 0x0f, 0x06, 0x0b, 0x16, 0x2b, 0x05, 0x22, 0x24, 0x02, 0x35,
0x34, 0x12, 0x24, 0x33, 0x32, 0x04, 0x12, 0x15, 0x14, 0x02, 0x04, 0x27, 0x32, 0x12, 0x35, 0x10,
0x02, 0x23, 0x22, 0x02, 0x11, 0x14, 0x12, 0x03, 0x14, 0xc4, 0xfe, 0xcb, 0xb4, 0xb4, 0x01, 0x35,
0xc4, 0xc3, 0x01, 0x35, 0xb3, 0xb3, 0xfe, 0xcb, 0xc3, 0xb6, 0xe8, 0xe8, 0xb6, 0xb7, 0xea, 0xea,
0x14, 0xb6, 0x01, 0x56, 0xf0, 0xf1, 0x01, 0x57, 0xb6, 0xb6, 0xfe, 0xa9, 0xf1, 0xf1, 0xfe, 0xab,
0xb6, 0xef, 0x01, 0x0e, 0xff, 0x01, 0x00, 0x01, 0x0f, 0xfe, 0xf1, 0xff, 0x00, 0xfe, 0xfe, 0xf1,
0xff, 0xff, 0x00, 0x67, 0xff, 0xec, 0x05, 0xbf, 0x07, 0x87, 0x02, 0x26, 0x00, 0x26, 0x00, 0x00,
0x01, 0x07, 0x02, 0x76, 0x00, 0xa1, 0x01, 0x74, 0x00, 0x09, 0xb1, 0x02, 0x02, 0xb8, 0x01, 0x74,
0xb0, 0x35, 0x2b, 0x00, 0xff, 0xff, 0x00, 0x67, 0xff, 0xec, 0x05, 0xbf, 0x07, 0x7b, 0x02, 0x26,
0x00, 0x26, 0x00, 0x00, 0x01, 0x07, 0x01, 0xbf, 0x01, 0x10, 0x01, 0x74, 0x00, 0x09, 0xb1, 0x02,
0x01, 0xb8, 0x01, 0x74, 0xb0, 0x35, 0x2b, 0x00, 0xff, 0xff, 0x00, 0x67, 0xff, 0xc6, 0x05, 0xbf,
0x06, 0x0b, 0x02, 0x26, 0x00, 0x26, 0x00, 0x00, 0x00, 0x07, 0x02, 0x7c, 0x00, 0xab, 0x00, 0x00,
0xff, 0xff, 0x00, 0x67, 0xff, 0xec, 0x05, 0xbf, 0x07, 0x93, 0x02, 0x26, 0x00, 0x26, 0x00, 0x00,
0x01, 0x07, 0x01, 0xbd, 0x01, 0x50, 0x01, 0x74, 0x00, 0x09, 0xb1, 0x02, 0x01, 0xb8, 0x01, 0x74,
0xb0, 0x35, 0x2b, 0x00, 0xff, 0xff, 0x00, 0x67, 0xff, 0xec, 0x05, 0xbf, 0x07, 0x93, 0x02, 0x26,
0x00, 0x26, 0x00, 0x00, 0x01, 0x07, 0x01, 0xbc, 0x02, 0x08, 0x01, 0x74, 0x00, 0x09, 0xb1, 0x02,
0x01, 0xb8, 0x01, 0x74, 0xb0, 0x35, 0x2b, 0x00, 0xff, 0xff, 0x00, 0x67, 0xff, 0xec, 0x05, 0xbf,
0x07, 0x93, 0x02, 0x26, 0x00, 0x26, 0x00, 0x00, 0x01, 0x07, 0x02, 0x78, 0x01, 0x4d, 0x01, 0x74,
0x00, 0x09, 0xb1, 0x02, 0x01, 0xb8, 0x01, 0x74, 0xb0, 0x35, 0x2b, 0x00, 0x00, 0x02, 0x00, 0x96,
0x00, 0x00, 0x04, 0xd0, 0x05, 0xd2, 0x00, 0x0c, 0x00, 0x15, 0x00, 0x2b, 0x40, 0x28, 0x00, 0x03,
0x00, 0x01, 0x02, 0x03, 0x01, 0x67, 0x00, 0x04, 0x04, 0x00, 0x5f, 0x00, 0x00, 0x00, 0x56, 0x4d,
0x05, 0x01, 0x02, 0x02, 0x57, 0x02, 0x4e, 0x00, 0x00, 0x15, 0x13, 0x0f, 0x0d, 0x00, 0x0c, 0x00,
0x0c, 0x26, 0x21, 0x06, 0x0b, 0x18, 0x2b, 0x33, 0x11, 0x21, 0x32, 0x16, 0x16, 0x15, 0x14, 0x06,
0x06, 0x23, 0x21, 0x11, 0x11, 0x33, 0x32, 0x36, 0x35, 0x34, 0x26, 0x23, 0x23, 0x96, 0x02, 0x2d,
0xab, 0xea, 0x78, 0x79, 0xec, 0xac, 0xfe, 0xe2, 0xfb, 0x97, 0x8c, 0x8c, 0x99, 0xf9, 0x05, 0xd2,
0x80, 0xdf, 0x8e, 0x8f, 0xdf, 0x7f, 0xfe, 0x08, 0x02, 0xd4, 0x9a, 0x77, 0x77, 0x96, 0x00, 0x02,
0x00, 0x67, 0xff, 0x7f, 0x05, 0xbf, 0x05, 0xe6, 0x00, 0x13, 0x00, 0x24, 0x00, 0x74, 0x40, 0x0c,
0x24, 0x16, 0x02, 0x05, 0x03, 0x12, 0x0f, 0x02, 0x00, 0x05, 0x02, 0x4c, 0x4b, 0xb0, 0x0a, 0x50,
0x58, 0x40, 0x22, 0x00, 0x03, 0x04, 0x05, 0x05, 0x03, 0x72, 0x00, 0x02, 0x00, 0x02, 0x86, 0x00,
0x04, 0x04, 0x01, 0x61, 0x00, 0x01, 0x01, 0x5c, 0x4d, 0x00, 0x05, 0x05, 0x00, 0x62, 0x06, 0x01,
0x00, 0x00, 0x5d, 0x00, 0x4e, 0x1b, 0x40, 0x23, 0x00, 0x03, 0x04, 0x05, 0x04, 0x03, 0x05, 0x80,
0x00, 0x02, 0x00, 0x02, 0x86, 0x00, 0x04, 0x04, 0x01, 0x61, 0x00, 0x01, 0x01, 0x5c, 0x4d, 0x00,
0x05, 0x05, 0x00, 0x62, 0x06, 0x01, 0x00, 0x00, 0x5d, 0x00, 0x4e, 0x59, 0x40, 0x13, 0x01, 0x00,
0x23, 0x21, 0x1d, 0x1b, 0x15, 0x14, 0x11, 0x10, 0x09, 0x07, 0x00, 0x13, 0x01, 0x13, 0x07, 0x0b,
0x16, 0x2b, 0x05, 0x22, 0x24, 0x02, 0x35, 0x34, 0x12, 0x24, 0x33, 0x32, 0x04, 0x12, 0x15, 0x14,
0x02, 0x07, 0x13, 0x21, 0x27, 0x06, 0x03, 0x33, 0x17, 0x36, 0x36, 0x35, 0x10, 0x02, 0x23, 0x22,
0x02, 0x11, 0x14, 0x12, 0x33, 0x32, 0x37, 0x03, 0x14, 0xc4, 0xfe, 0xcb, 0xb4, 0xb4, 0x01, 0x35,
0xc4, 0xc3, 0x01, 0x35, 0xb3, 0x82, 0x70, 0xcf, 0xff, 0x00, 0x7d, 0x7b, 0xe4, 0xf0, 0x7d, 0x3f,
0x46, 0xe8, 0xb6, 0xb7, 0xea, 0xea, 0xb7, 0x3d, 0x36, 0x14, 0xb6, 0x01, 0x56, 0xf0, 0xf1, 0x01,
0x57, 0xb6, 0xb6, 0xfe, 0xa9, 0xf1, 0xca, 0xfe, 0xcc, 0x61, 0xfe, 0xf6, 0x9f, 0x32, 0x02, 0x05,
0xa2, 0x42, 0xce, 0x89, 0x01, 0x00, 0x01, 0x0f, 0xfe, 0xf1, 0xff, 0x00, 0xfe, 0xfe, 0xf1, 0x10,
0x00, 0x02, 0x00, 0x96, 0x00, 0x00, 0x05, 0x07, 0x05, 0xd2, 0x00, 0x0d, 0x00, 0x16, 0x00, 0x33,
0x40, 0x30, 0x08, 0x01, 0x02, 0x04, 0x01, 0x4c, 0x00, 0x04, 0x00, 0x02, 0x01, 0x04, 0x02, 0x67,
0x00, 0x05, 0x05, 0x00, 0x5f, 0x00, 0x00, 0x00, 0x56, 0x4d, 0x06, 0x03, 0x02, 0x01, 0x01, 0x57,
0x01, 0x4e, 0x00, 0x00, 0x16, 0x14, 0x10, 0x0e, 0x00, 0x0d, 0x00, 0x0d, 0x11, 0x16, 0x21, 0x07,
0x0b, 0x19, 0x2b, 0x33, 0x11, 0x21, 0x20, 0x00, 0x15, 0x14, 0x06, 0x07, 0x01, 0x21, 0x01, 0x21,
0x11, 0x11, 0x33, 0x32, 0x36, 0x35, 0x34, 0x26, 0x23, 0x23, 0x96, 0x02, 0x2d, 0x01, 0x01, 0x01,
0x0c, 0x88, 0x84, 0x01, 0x43, 0xfe, 0xd5, 0xfe, 0xdb, 0xfe, 0xea, 0xfb, 0x97, 0x8c, 0x8c, 0x99,
0xf9, 0x05, 0xd2, 0xfe, 0xf8, 0xd5, 0x97, 0xda, 0x34, 0xfd, 0xb0, 0x02, 0x23, 0xfd, 0xdd, 0x03,
0x00, 0x7f, 0x76, 0x78, 0x85, 0x00, 0x00, 0x01, 0x00, 0x5f, 0xff, 0xe9, 0x04, 0xd5, 0x05, 0xe6,
0x00, 0x2c, 0x00, 0x3b, 0x40, 0x38, 0x00, 0x04, 0x05, 0x01, 0x05, 0x04, 0x01, 0x80, 0x00, 0x01,
0x02, 0x05, 0x01, 0x02, 0x7e, 0x00, 0x05, 0x05, 0x03, 0x61, 0x00, 0x03, 0x03, 0x5c, 0x4d, 0x00,
0x02, 0x02, 0x00, 0x61, 0x06, 0x01, 0x00, 0x00, 0x60, 0x00, 0x4e, 0x01, 0x00, 0x1e, 0x1c, 0x1a,
0x19, 0x16, 0x14, 0x08, 0x06, 0x04, 0x03, 0x00, 0x2c, 0x01, 0x2c, 0x07, 0x0b, 0x16, 0x2b, 0x05,
0x20, 0x24, 0x27, 0x21, 0x16, 0x16, 0x33, 0x32, 0x36, 0x35, 0x34, 0x26, 0x27, 0x27, 0x26, 0x26,
0x35, 0x34, 0x36, 0x36, 0x33, 0x32, 0x16, 0x16, 0x17, 0x21, 0x26, 0x26, 0x23, 0x22, 0x06, 0x15,
0x14, 0x16, 0x16, 0x17, 0x17, 0x1e, 0x02, 0x15, 0x14, 0x06, 0x06, 0x02, 0xa1, 0xfe, 0xfc, 0xfe,
0xcb, 0x09, 0x01, 0x07, 0x09, 0xb2, 0x7e, 0x84, 0xa7, 0x94, 0x79, 0xa9, 0xbb, 0xd1, 0x8e, 0xf6,
0x9c, 0x9f, 0xef, 0x88, 0x03, 0xfe, 0xfd, 0x0a, 0x97, 0x79, 0x7e, 0x90, 0x4d, 0x75, 0x3c, 0x8b,
0x6e, 0xc9, 0x7f, 0x86, 0xfc, 0x17, 0xf0, 0xdd, 0x76, 0x73, 0x77, 0x60, 0x57, 0x59, 0x1f, 0x2c,
0x30, 0xc2, 0x9e, 0x84, 0xc5, 0x6e, 0x6e, 0xc2, 0x7c, 0x5f, 0x6a, 0x6f, 0x55, 0x3f, 0x4f, 0x30,
0x0f, 0x24, 0x1b, 0x65, 0xaa, 0x82, 0x83, 0xc7, 0x6f, 0x00, 0x00, 0x01, 0x00, 0x53, 0x00, 0x00,
0x04, 0xf5, 0x05, 0xd2, 0x00, 0x07, 0x00, 0x21, 0x40, 0x1e, 0x04, 0x03, 0x02, 0x01, 0x01, 0x00,
0x5f, 0x00, 0x00, 0x00, 0x56, 0x4d, 0x00, 0x02, 0x02, 0x57, 0x02, 0x4e, 0x00, 0x00, 0x00, 0x07,
0x00, 0x07, 0x11, 0x11, 0x11, 0x05, 0x0b, 0x19, 0x2b, 0x13, 0x35, 0x21, 0x15, 0x21, 0x11, 0x21,
0x11, 0x53, 0x04, 0xa2, 0xfe, 0x35, 0xfe, 0xf5, 0x04, 0xf1, 0xe1, 0xe1, 0xfb, 0x0f, 0x04, 0xf1,
0x00, 0x01, 0x00, 0x96, 0xff, 0xea, 0x05, 0x4e, 0x05, 0xd2, 0x00, 0x13, 0x00, 0x24, 0x40, 0x21,
0x03, 0x01, 0x01, 0x01, 0x56, 0x4d, 0x00, 0x02, 0x02, 0x00, 0x61, 0x04, 0x01, 0x00, 0x00, 0x5d,
0x00, 0x4e, 0x01, 0x00, 0x0f, 0x0e, 0x0b, 0x09, 0x06, 0x05, 0x00, 0x13, 0x01, 0x13, 0x05, 0x0b,
0x16, 0x2b, 0x05, 0x22, 0x24, 0x26, 0x35, 0x11, 0x21, 0x11, 0x14, 0x16, 0x33, 0x32, 0x36, 0x35,
0x11, 0x21, 0x11, 0x14, 0x06, 0x04, 0x02, 0xf2, 0xb6, 0xfe, 0xf0, 0x96, 0x01, 0x0b, 0xb7, 0x9a,
0x9a, 0xb7, 0x01, 0x0b, 0x97, 0xfe, 0xf0, 0x16, 0x89, 0xf3, 0x9f, 0x03, 0xcd, 0xfc, 0x49, 0x8c,
0xb6, 0xb6, 0x8c, 0x03, 0xb7, 0xfc, 0x33, 0x9f, 0xf3, 0x89, 0xff, 0xff, 0x00, 0x96, 0xff, 0xea,
0x05, 0x4e, 0x07, 0x93, 0x02, 0x26, 0x00, 0x32, 0x00, 0x00, 0x01, 0x07, 0x01, 0xbd, 0x01, 0x2f,
0x01, 0x74, 0x00, 0x09, 0xb1, 0x01, 0x01, 0xb8, 0x01, 0x74, 0xb0, 0x35, 0x2b, 0x00, 0xff, 0xff,
0x00, 0x96, 0xff, 0xea, 0x05, 0x4e, 0x07, 0x93, 0x02, 0x26, 0x00, 0x32, 0x00, 0x00, 0x01, 0x07,
0x01, 0xbc, 0x01, 0xe6, 0x01, 0x74, 0x00, 0x09, 0xb1, 0x01, 0x01, 0xb8, 0x01, 0x74, 0xb0, 0x35,
0x2b, 0x00, 0xff, 0xff, 0x00, 0x96, 0xff, 0xea, 0x05, 0x4e, 0x07, 0x93, 0x02, 0x26, 0x00, 0x32,
0x00, 0x00, 0x01, 0x07, 0x02, 0x78, 0x01, 0x2b, 0x01, 0x74, 0x00, 0x09, 0xb1, 0x01, 0x01, 0xb8,
0x01, 0x74, 0xb0, 0x35, 0x2b, 0x00, 0xff, 0xff, 0x00, 0x96, 0xff, 0xea, 0x05, 0x4e, 0x07, 0x87,
0x02, 0x26, 0x00, 0x32, 0x00, 0x00, 0x01, 0x07, 0x02, 0x76, 0x00, 0x7f, 0x01, 0x74, 0x00, 0x09,
0xb1, 0x01, 0x02, 0xb8, 0x01, 0x74, 0xb0, 0x35, 0x2b, 0x00, 0x00, 0x01, 0x00, 0x32, 0x00, 0x00,
0x05, 0xa1, 0x05, 0xd2, 0x00, 0x0b, 0x00, 0x21, 0x40, 0x1e, 0x06, 0x01, 0x02, 0x00, 0x01, 0x4c,
0x01, 0x01, 0x00, 0x00, 0x56, 0x4d, 0x03, 0x01, 0x02, 0x02, 0x57, 0x02, 0x4e, 0x00, 0x00, 0x00,
0x0b, 0x00, 0x0b, 0x17, 0x11, 0x04, 0x0b, 0x18, 0x2b, 0x21, 0x01, 0x21, 0x01, 0x16, 0x16, 0x17,
0x12, 0x37, 0x01, 0x21, 0x01, 0x02, 0x45, 0xfd, 0xed, 0x01, 0x25, 0x01, 0x08, 0x20, 0x47, 0x2a,
0x4f, 0x3e, 0x01, 0x00, 0x01, 0x24, 0xfd, 0xf6, 0x05, 0xd2, 0xfc, 0xfa, 0x63, 0xfa, 0x9a, 0x01,
0x32, 0xc5, 0x03, 0x06, 0xfa, 0x2e, 0x00, 0x01, 0x00, 0x32, 0x00, 0x00, 0x07, 0xf7, 0x05, 0xd2,
0x00, 0x1e, 0x00, 0x27, 0x40, 0x24, 0x1a, 0x0f, 0x06, 0x03, 0x03, 0x00, 0x01, 0x4c, 0x02, 0x01,
0x02, 0x00, 0x00, 0x56, 0x4d, 0x05, 0x04, 0x02, 0x03, 0x03, 0x57, 0x03, 0x4e, 0x00, 0x00, 0x00,
0x1e, 0x00, 0x1e, 0x11, 0x18, 0x18, 0x11, 0x06, 0x0b, 0x1a, 0x2b, 0x21, 0x01, 0x21, 0x13, 0x16,
0x16, 0x17, 0x36, 0x36, 0x37, 0x13, 0x21, 0x13, 0x16, 0x16, 0x17, 0x36, 0x36, 0x37, 0x13, 0x21,
0x01, 0x21, 0x03, 0x26, 0x26, 0x27, 0x06, 0x06, 0x07, 0x03, 0x01, 0xc4, 0xfe, 0x6e, 0x01, 0x1f,
0xc2, 0x17, 0x28, 0x13, 0x14, 0x2b, 0x19, 0xca, 0x01, 0x1b, 0xc9, 0x19, 0x2b, 0x14, 0x13, 0x29,
0x17, 0xc1, 0x01, 0x20, 0xfe, 0x6d, 0xfe, 0xce, 0xd9, 0x14, 0x22, 0x10, 0x0f, 0x1f, 0x16, 0xd9,
0x05, 0xd2, 0xfc, 0xe7, 0x65, 0xe1, 0x6f, 0x6f, 0xe1, 0x65, 0x03, 0x19, 0xfc, 0xe7, 0x64, 0xde,
0x6e, 0x6e, 0xde, 0x64, 0x03, 0x19, 0xfa, 0x2e, 0x03, 0x37, 0x4e, 0xb0, 0x60, 0x5d, 0xae, 0x53,
0xfc, 0xc9, 0x00, 0x01, 0x00, 0x35, 0x00, 0x00, 0x05, 0x8d, 0x05, 0xd2, 0x00, 0x17, 0x00, 0x26,
0x40, 0x23, 0x13, 0x0d, 0x07, 0x01, 0x04, 0x02, 0x00, 0x01, 0x4c, 0x01, 0x01, 0x00, 0x00, 0x56,
0x4d, 0x04, 0x03, 0x02, 0x02, 0x02, 0x57, 0x02, 0x4e, 0x00, 0x00, 0x00, 0x17, 0x00, 0x17, 0x12,
0x18, 0x12, 0x05, 0x0b, 0x19, 0x2b, 0x33, 0x01, 0x01, 0x21, 0x13, 0x16, 0x16, 0x17, 0x36, 0x36,
0x37, 0x13, 0x21, 0x01, 0x01, 0x21, 0x03, 0x26, 0x26, 0x27, 0x06, 0x06, 0x07, 0x03, 0x35, 0x02,
0x17, 0xfe, 0x14, 0x01, 0x35, 0xb5, 0x38, 0x41, 0x21, 0x21, 0x42, 0x39, 0xb8, 0x01, 0x2e, 0xfe,
0x17, 0x02, 0x10, 0xfe, 0xc6, 0xe2, 0x35, 0x3b, 0x20, 0x20, 0x3c, 0x37, 0xe6, 0x02, 0xfa, 0x02,
0xd8, 0xfe, 0xf0, 0x56, 0x7b, 0x41, 0x40, 0x7c, 0x56, 0x01, 0x10, 0xfd, 0x31, 0xfc, 0xfd, 0x01,
0x4e, 0x50, 0x67, 0x3c, 0x3b, 0x68, 0x50, 0xfe, 0xb2, 0x00, 0x00, 0x01, 0x00, 0x32, 0x00, 0x00,
0x05, 0x83, 0x05, 0xd2, 0x00, 0x0e, 0x00, 0x23, 0x40, 0x20, 0x0d, 0x07, 0x01, 0x03, 0x02, 0x00,
0x01, 0x4c, 0x01, 0x01, 0x00, 0x00, 0x56, 0x4d, 0x03, 0x01, 0x02, 0x02, 0x57, 0x02, 0x4e, 0x00,
0x00, 0x00, 0x0e, 0x00, 0x0e, 0x18, 0x12, 0x04, 0x0b, 0x18, 0x2b, 0x21, 0x11, 0x01, 0x21, 0x01,
0x16, 0x16, 0x17, 0x36, 0x36, 0x37, 0x01, 0x21, 0x01, 0x11, 0x02, 0x58, 0xfd, 0xda, 0x01, 0x38,
0x01, 0x0a, 0x1f, 0x34, 0x18, 0x19, 0x33, 0x1d, 0x01, 0x05, 0x01, 0x36, 0xfd, 0xe0, 0x02, 0x41,
0x03, 0x91, 0xfe, 0x2a, 0x37, 0x67, 0x3e, 0x40, 0x67, 0x35, 0x01, 0xd6, 0xfc, 0x6f, 0xfd, 0xbf,
0xff, 0xff, 0x00, 0x32, 0x00, 0x00, 0x05, 0x83, 0x07, 0x93, 0x02, 0x26, 0x00, 0x3a, 0x00, 0x00,
0x01, 0x07, 0x01, 0xbc, 0x01, 0xcf, 0x01, 0x74, 0x00, 0x09, 0xb1, 0x01, 0x01, 0xb8, 0x01, 0x74,
0xb0, 0x35, 0x2b, 0x00, 0x00, 0x01, 0x00, 0x74, 0x00, 0x00, 0x04, 0xc5, 0x05, 0xd2, 0x00, 0x15,
0x00, 0x2f, 0x40, 0x2c, 0x0c, 0x01, 0x00, 0x01, 0x01, 0x01, 0x03, 0x02, 0x02, 0x4c, 0x00, 0x00,
0x00, 0x01, 0x5f, 0x00, 0x01, 0x01, 0x56, 0x4d, 0x00, 0x02, 0x02, 0x03, 0x5f, 0x04, 0x01, 0x03,
0x03, 0x57, 0x03, 0x4e, 0x00, 0x00, 0x00, 0x15, 0x00, 0x15, 0x45, 0x11, 0x45, 0x05, 0x0b, 0x19,
0x2b, 0x33, 0x35, 0x01, 0x36, 0x36, 0x37, 0x06, 0x06, 0x23, 0x21, 0x35, 0x21, 0x15, 0x01, 0x06,
0x06, 0x07, 0x36, 0x36, 0x33, 0x21, 0x15, 0x78, 0x02, 0x71, 0x24, 0x51, 0x2a, 0x48, 0x91, 0x49,
0xfe, 0x0e, 0x04, 0x4c, 0xfd, 0x9a, 0x27, 0x56, 0x2d, 0x4b, 0x96, 0x4b, 0x01, 0xe9, 0xa6, 0x03,
0x84, 0x33, 0x66, 0x33, 0x03, 0x02, 0xe1, 0xa8, 0xfc, 0x8c, 0x36, 0x6e, 0x36, 0x03, 0x02, 0xe1,
0x00, 0x02, 0x00, 0x4c, 0xff, 0xe9, 0x04, 0x0e, 0x04, 0x6c, 0x00, 0x21, 0x00, 0x2f, 0x00, 0x7a,
0x4b, 0xb0, 0x17, 0x50, 0x58, 0x40, 0x0c, 0x26, 0x13, 0x12, 0x03, 0x04, 0x01, 0x1e, 0x01, 0x00,
0x04, 0x02, 0x4c, 0x1b, 0x40, 0x0c, 0x26, 0x13, 0x12, 0x03, 0x04, 0x01, 0x1e, 0x01, 0x03, 0x04,
0x02, 0x4c, 0x59, 0x4b, 0xb0, 0x17, 0x50, 0x58, 0x40, 0x18, 0x00, 0x01, 0x01, 0x02, 0x61, 0x00,
0x02, 0x02, 0x5f, 0x4d, 0x06, 0x01, 0x04, 0x04, 0x00, 0x61, 0x03, 0x05, 0x02, 0x00, 0x00, 0x60,
0x00, 0x4e, 0x1b, 0x40, 0x1c, 0x00, 0x01, 0x01, 0x02, 0x61, 0x00, 0x02, 0x02, 0x5f, 0x4d, 0x00,
0x03, 0x03, 0x57, 0x4d, 0x06, 0x01, 0x04, 0x04, 0x00, 0x61, 0x05, 0x01, 0x00, 0x00, 0x60, 0x00,
0x4e, 0x59, 0x40, 0x15, 0x23, 0x22, 0x01, 0x00, 0x22, 0x2f, 0x23, 0x2f, 0x1d, 0x1c, 0x17, 0x15,
0x10, 0x0e, 0x00, 0x21, 0x01, 0x21, 0x07, 0x0b, 0x16, 0x2b, 0x05, 0x22, 0x26, 0x26, 0x35, 0x34,
0x36, 0x36, 0x37, 0x36, 0x36, 0x35, 0x35, 0x34, 0x26, 0x23, 0x22, 0x06, 0x07, 0x27, 0x36, 0x24,
0x33, 0x32, 0x1e, 0x02, 0x15, 0x11, 0x23, 0x35, 0x23, 0x06, 0x06, 0x27, 0x32, 0x36, 0x35, 0x35,
0x0e, 0x02, 0x07, 0x06, 0x06, 0x15, 0x14, 0x16, 0x01, 0xc2, 0x6a, 0xaa, 0x62, 0x7b, 0xc3, 0x6c,
0x92, 0x82, 0x64, 0x5f, 0x62, 0x74, 0x14, 0xf1, 0x31, 0x01, 0x01, 0xa8, 0x4f, 0xa1, 0x86, 0x52,
0xf9, 0x0a, 0x25, 0xa2, 0x3f, 0x78, 0x8f, 0x12, 0x5c, 0x67, 0x22, 0x58, 0x75, 0x6a, 0x17, 0x4d,
0x96, 0x6e, 0x7e, 0x8b, 0x3f, 0x0b, 0x10, 0x1b, 0x3a, 0x05, 0x52, 0x5b, 0x56, 0x37, 0x31, 0x94,
0x90, 0x25, 0x57, 0x95, 0x70, 0xfd, 0x15, 0x9a, 0x48, 0x69, 0xc1, 0x8a, 0x5d, 0x84, 0x0e, 0x15,
0x0f, 0x05, 0x0c, 0x48, 0x4d, 0x48, 0x4b, 0x00, 0xff, 0xff, 0x00, 0x4c, 0xff, 0xe9, 0x04, 0x0e,
0x06, 0x1f, 0x02, 0x26, 0x00, 0x3d, 0x00, 0x00, 0x00, 0x07, 0x01, 0xbc, 0x01, 0x37, 0x00, 0x00,
0xff, 0xff, 0x00, 0x4c, 0xff, 0xe9, 0x04, 0x0e, 0x06, 0x1f, 0x02, 0x26, 0x00, 0x3d, 0x00, 0x00,
0x00, 0x06, 0x02, 0x78, 0x7c, 0x00, 0xff, 0xff, 0x00, 0x4c, 0xff, 0xe9, 0x04, 0x0e, 0x06, 0x13,
0x02, 0x26, 0x00, 0x3d, 0x00, 0x00, 0x00, 0x06, 0x02, 0x76, 0xd0, 0x00, 0xff, 0xff, 0x00, 0x4c,
0xff, 0xe9, 0x04, 0x0e, 0x06, 0x1f, 0x02, 0x26, 0x00, 0x3d, 0x00, 0x00, 0x00, 0x06, 0x01, 0xbd,
0x7f, 0x00, 0xff, 0xff, 0x00, 0x4c, 0xff, 0xe9, 0x04, 0x0e, 0x06, 0xa7, 0x02, 0x26, 0x00, 0x3d,
0x00, 0x00, 0x00, 0x07, 0x02, 0x79, 0x00, 0xe4, 0x00, 0x00, 0xff, 0xff, 0x00, 0x4c, 0xff, 0xe9,
0x04, 0x0e, 0x06, 0x07, 0x02, 0x26, 0x00, 0x3d, 0x00, 0x00, 0x00, 0x06, 0x01, 0xbf, 0x40, 0x00,
0x00, 0x03, 0x00, 0x4c, 0xff, 0xe9, 0x06, 0xf8, 0x04, 0x6c, 0x00, 0x2e, 0x00, 0x39, 0x00, 0x40,
0x00, 0xb3, 0x4b, 0xb0, 0x2d, 0x50, 0x58, 0x40, 0x14, 0x16, 0x01, 0x02, 0x03, 0x10, 0x0f, 0x02,
0x01, 0x02, 0x26, 0x25, 0x02, 0x06, 0x05, 0x2c, 0x01, 0x00, 0x06, 0x04, 0x4c, 0x1b, 0x40, 0x14,
0x16, 0x01, 0x02, 0x03, 0x10, 0x0f, 0x02, 0x01, 0x02, 0x26, 0x25, 0x02, 0x06, 0x05, 0x2c, 0x01,
0x00, 0x09, 0x04, 0x4c, 0x59, 0x4b, 0xb0, 0x2d, 0x50, 0x58, 0x40, 0x24, 0x0a, 0x01, 0x01, 0x08,
0x01, 0x05, 0x06, 0x01, 0x05, 0x67, 0x0b, 0x01, 0x02, 0x02, 0x03, 0x61, 0x04, 0x01, 0x03, 0x03,
0x5f, 0x4d, 0x09, 0x01, 0x06, 0x06, 0x00, 0x61, 0x07, 0x0c, 0x02, 0x00, 0x00, 0x60, 0x00, 0x4e,
0x1b, 0x40, 0x2f, 0x0a, 0x01, 0x01, 0x08, 0x01, 0x05, 0x06, 0x01, 0x05, 0x67, 0x0b, 0x01, 0x02,
0x02, 0x03, 0x61, 0x04, 0x01, 0x03, 0x03, 0x5f, 0x4d, 0x00, 0x06, 0x06, 0x00, 0x61, 0x07, 0x0c,
0x02, 0x00, 0x00, 0x60, 0x4d, 0x00, 0x09, 0x09, 0x00, 0x61, 0x07, 0x0c, 0x02, 0x00, 0x00, 0x60,
0x00, 0x4e, 0x59, 0x40, 0x1f, 0x01, 0x00, 0x3f, 0x3d, 0x3b, 0x3a, 0x37, 0x35, 0x31, 0x2f, 0x2a,
0x28, 0x23, 0x21, 0x1f, 0x1e, 0x1a, 0x18, 0x14, 0x12, 0x0d, 0x0b, 0x08, 0x06, 0x00, 0x2e, 0x01,
0x2e, 0x0d, 0x0b, 0x16, 0x2b, 0x05, 0x22, 0x26, 0x35, 0x34, 0x36, 0x36, 0x33, 0x33, 0x35, 0x34,
0x26, 0x23, 0x22, 0x06, 0x07, 0x27, 0x36, 0x24, 0x33, 0x32, 0x16, 0x17, 0x36, 0x36, 0x33, 0x32,
0x16, 0x16, 0x15, 0x15, 0x21, 0x16, 0x16, 0x33, 0x32, 0x36, 0x37, 0x17, 0x06, 0x06, 0x23, 0x22,
0x26, 0x27, 0x06, 0x06, 0x13, 0x23, 0x22, 0x06, 0x15, 0x14, 0x16, 0x33, 0x32, 0x36, 0x35, 0x13,
0x21, 0x26, 0x26, 0x23, 0x22, 0x06, 0x01, 0xcd, 0xa8, 0xd9, 0x8f, 0xe1, 0x7b, 0xd3, 0x64, 0x5f,
0x61, 0x75, 0x14, 0xf1, 0x31, 0x01, 0x01, 0xa8, 0x6b, 0xaf, 0x36, 0x40, 0xb3, 0x71, 0x89, 0xe8,
0x8d, 0xfc, 0xf5, 0x05, 0x9d, 0x7c, 0x56, 0x7c, 0x1b, 0xf3, 0x23, 0xfd, 0xc3, 0x8c, 0xd5, 0x3c,
0x33, 0xe6, 0xb8, 0xc4, 0x71, 0x8d, 0x6a, 0x53, 0x78, 0x8d, 0xe4, 0x02, 0x0c, 0x04, 0x88, 0x72,
0x78, 0x8c, 0x17, 0xac, 0xa5, 0x80, 0x99, 0x44, 0x60, 0x52, 0x5b, 0x56, 0x37, 0x31, 0x94, 0x90,
0x44, 0x4e, 0x45, 0x4d, 0x77, 0xf9, 0xc4, 0x52, 0x97, 0x9a, 0x4a, 0x48, 0x1d, 0x90, 0xb1, 0x66,
0x58, 0x57, 0x67, 0x01, 0xfd, 0x59, 0x4d, 0x4b, 0x4b, 0x8a, 0x5d, 0x01, 0x06, 0x76, 0x93, 0x9a,
0x00, 0x02, 0x00, 0x59, 0xff, 0xec, 0x04, 0x75, 0x04, 0x6c, 0x00, 0x16, 0x00, 0x22, 0x00, 0xb7,
0x4b, 0xb0, 0x19, 0x50, 0x58, 0x40, 0x0a, 0x0c, 0x01, 0x05, 0x01, 0x12, 0x01, 0x00, 0x04, 0x02,
0x4c, 0x1b, 0x4b, 0xb0, 0x24, 0x50, 0x58, 0x40, 0x0a, 0x0c, 0x01, 0x05, 0x01, 0x12, 0x01, 0x03,
0x04, 0x02, 0x4c, 0x1b, 0x40, 0x0a, 0x0c, 0x01, 0x05, 0x02, 0x12, 0x01, 0x03, 0x04, 0x02, 0x4c,
0x59, 0x59, 0x4b, 0xb0, 0x19, 0x50, 0x58, 0x40, 0x19, 0x00, 0x05, 0x05, 0x01, 0x61, 0x02, 0x01,
0x01, 0x01, 0x5f, 0x4d, 0x07, 0x01, 0x04, 0x04, 0x00, 0x61, 0x03, 0x06, 0x02, 0x00, 0x00, 0x5d,
0x00, 0x4e, 0x1b, 0x4b, 0xb0, 0x24, 0x50, 0x58, 0x40, 0x1d, 0x00, 0x05, 0x05, 0x01, 0x61, 0x02,
0x01, 0x01, 0x01, 0x5f, 0x4d, 0x00, 0x03, 0x03, 0x57, 0x4d, 0x07, 0x01, 0x04, 0x04, 0x00, 0x61,
0x06, 0x01, 0x00, 0x00, 0x5d, 0x00, 0x4e, 0x1b, 0x40, 0x21, 0x00, 0x02, 0x02, 0x59, 0x4d, 0x00,
0x05, 0x05, 0x01, 0x61, 0x00, 0x01, 0x01, 0x5f, 0x4d, 0x00, 0x03, 0x03, 0x57, 0x4d, 0x07, 0x01,
0x04, 0x04, 0x00, 0x61, 0x06, 0x01, 0x00, 0x00, 0x5d, 0x00, 0x4e, 0x59, 0x59, 0x40, 0x17, 0x18,
0x17, 0x01, 0x00, 0x1e, 0x1c, 0x17, 0x22, 0x18, 0x22, 0x11, 0x10, 0x0f, 0x0e, 0x09, 0x07, 0x00,
0x16, 0x01, 0x16, 0x08, 0x0b, 0x16, 0x2b, 0x05, 0x22, 0x26, 0x02, 0x35, 0x34, 0x12, 0x36, 0x33,
0x32, 0x16, 0x16, 0x17, 0x33, 0x35, 0x21, 0x11, 0x21, 0x35, 0x23, 0x0e, 0x02, 0x27, 0x32, 0x36,
0x35, 0x34, 0x26, 0x23, 0x22, 0x06, 0x15, 0x14, 0x16, 0x02, 0x25, 0x83, 0xd0, 0x79, 0x7b, 0xd2,
0x81, 0x63, 0x7f, 0x4a, 0x13, 0x0c, 0x01, 0x03, 0xfe, 0xfe, 0x0d, 0x14, 0x4c, 0x80, 0x18, 0x7f,
0x8a, 0x88, 0x81, 0x84, 0x87, 0x88, 0x14, 0x87, 0x01, 0x02, 0xb8, 0xba, 0x01, 0x01, 0x84, 0x42,
0x5d, 0x28, 0xb9, 0xfb, 0xa2, 0xb1, 0x29, 0x5c, 0x40, 0xd6, 0xc9, 0xa3, 0xa3, 0xc5, 0xcb, 0x9d,
0x9d, 0xcf, 0xff, 0xff, 0x00, 0x59, 0xff, 0xec, 0x04, 0x75, 0x06, 0x1f, 0x02, 0x26, 0x00, 0x45,
0x00, 0x00, 0x00, 0x07, 0x01, 0xbc, 0x01, 0x6f, 0x00, 0x00, 0xff, 0xff, 0x00, 0x59, 0xff, 0xec,
0x04, 0x75, 0x06, 0x1f, 0x02, 0x26, 0x00, 0x45, 0x00, 0x00, 0x00, 0x07, 0x02, 0x78, 0x00, 0xb4,
0x00, 0x00, 0xff, 0xff, 0x00, 0x59, 0xff, 0xec, 0x04, 0x75, 0x06, 0x13, 0x02, 0x26, 0x00, 0x45,
0x00, 0x00, 0x00, 0x06, 0x02, 0x76, 0x08, 0x00, 0xff, 0xff, 0x00, 0x59, 0xff, 0xec, 0x04, 0x75,
0x06, 0x1f, 0x02, 0x26, 0x00, 0x45, 0x00, 0x00, 0x00, 0x07, 0x01, 0xbd, 0x00, 0xb7, 0x00, 0x00,
0xff, 0xff, 0x00, 0x59, 0xff, 0xec, 0x04, 0x75, 0x06, 0xa7, 0x02, 0x26, 0x00, 0x45, 0x00, 0x00,
0x00, 0x07, 0x02, 0x79, 0x01, 0x1c, 0x00, 0x00, 0xff, 0xff, 0x00, 0x59, 0xff, 0xec, 0x04, 0x75,
0x06, 0x07, 0x02, 0x26, 0x00, 0x45, 0x00, 0x00, 0x00, 0x06, 0x01, 0xbf, 0x78, 0x00, 0x00, 0x02,
0x00, 0x8a, 0xff, 0xec, 0x04, 0xa6, 0x05, 0xd2, 0x00, 0x16, 0x00, 0x22, 0x00, 0x82, 0x4b, 0xb0,
0x19, 0x50, 0x58, 0x40, 0x0a, 0x0a, 0x01, 0x05, 0x03, 0x04, 0x01, 0x00, 0x04, 0x02, 0x4c, 0x1b,
0x40, 0x0a, 0x0a, 0x01, 0x05, 0x03, 0x04, 0x01, 0x01, 0x04, 0x02, 0x4c, 0x59, 0x4b, 0xb0, 0x19,
0x50, 0x58, 0x40, 0x1d, 0x00, 0x02, 0x02, 0x56, 0x4d, 0x00, 0x05, 0x05, 0x03, 0x61, 0x00, 0x03,
0x03, 0x5f, 0x4d, 0x07, 0x01, 0x04, 0x04, 0x00, 0x61, 0x01, 0x06, 0x02, 0x00, 0x00, 0x5d, 0x00,
0x4e, 0x1b, 0x40, 0x21, 0x00, 0x02, 0x02, 0x56, 0x4d, 0x00, 0x05, 0x05, 0x03, 0x61, 0x00, 0x03,
0x03, 0x5f, 0x4d, 0x00, 0x01, 0x01, 0x57, 0x4d, 0x07, 0x01, 0x04, 0x04, 0x00, 0x61, 0x06, 0x01,
0x00, 0x00, 0x5d, 0x00, 0x4e, 0x59, 0x40, 0x17, 0x18, 0x17, 0x01, 0x00, 0x1e, 0x1c, 0x17, 0x22,
0x18, 0x22, 0x10, 0x0e, 0x09, 0x08, 0x07, 0x06, 0x00, 0x16, 0x01, 0x16, 0x08, 0x0b, 0x16, 0x2b,
0x05, 0x22, 0x26, 0x26, 0x27, 0x23, 0x15, 0x23, 0x11, 0x21, 0x11, 0x33, 0x3e, 0x02, 0x33, 0x32,
0x16, 0x12, 0x15, 0x14, 0x02, 0x06, 0x27, 0x32, 0x36, 0x35, 0x34, 0x26, 0x23, 0x22, 0x06, 0x15,
0x14, 0x16, 0x02, 0xd8, 0x60, 0x7f, 0x4c, 0x14, 0x11, 0xfe, 0x01, 0x04, 0x0b, 0x13, 0x4a, 0x80,
0x63, 0x81, 0xd1, 0x7b, 0x79, 0xd0, 0xcb, 0x82, 0x87, 0x85, 0x84, 0x81, 0x88, 0x8a, 0x14, 0x41,
0x5c, 0x28, 0xb1, 0x05, 0xd2, 0xfd, 0xd3, 0x27, 0x5d, 0x43, 0x84, 0xfe, 0xff, 0xba, 0xb8, 0xfe,
0xfe, 0x87, 0xd6, 0xcf, 0x9d, 0x9c, 0xcc, 0xc5, 0xa3, 0xa3, 0xc9, 0x00, 0x00, 0x02, 0x00, 0x8a,
0xfe, 0x5e, 0x04, 0xa6, 0x05, 0xd2, 0x00, 0x16, 0x00, 0x22, 0x00, 0x45, 0x40, 0x42, 0x0a, 0x01,
0x05, 0x03, 0x04, 0x01, 0x00, 0x04, 0x02, 0x4c, 0x00, 0x02, 0x02, 0x56, 0x4d, 0x00, 0x05, 0x05,
0x03, 0x61, 0x00, 0x03, 0x03, 0x5f, 0x4d, 0x07, 0x01, 0x04, 0x04, 0x00, 0x61, 0x06, 0x01, 0x00,
0x00, 0x5d, 0x4d, 0x00, 0x01, 0x01, 0x5b, 0x01, 0x4e, 0x18, 0x17, 0x01, 0x00, 0x1e, 0x1c, 0x17,
0x22, 0x18, 0x22, 0x10, 0x0e, 0x09, 0x08, 0x07, 0x06, 0x00, 0x16, 0x01, 0x16, 0x08, 0x0b, 0x16,
0x2b, 0x05, 0x22, 0x26, 0x26, 0x27, 0x23, 0x11, 0x21, 0x11, 0x21, 0x11, 0x33, 0x3e, 0x02, 0x33,
0x32, 0x16, 0x12, 0x15, 0x14, 0x02, 0x06, 0x27, 0x32, 0x36, 0x35, 0x34, 0x26, 0x23, 0x22, 0x06,
0x15, 0x14, 0x16, 0x02, 0xd8, 0x60, 0x7f, 0x4c, 0x14, 0x0b, 0xfe, 0xfc, 0x01, 0x04, 0x0b, 0x13,
0x4a, 0x80, 0x63, 0x81, 0xd1, 0x7b, 0x79, 0xd0, 0xcb, 0x82, 0x87, 0x85, 0x84, 0x81, 0x88, 0x8a,
0x14, 0x41, 0x5c, 0x28, 0xfd, 0xad, 0x07, 0x74, 0xfd, 0xd3, 0x27, 0x5d, 0x43, 0x84, 0xfe, 0xff,
0xba, 0xb8, 0xfe, 0xfe, 0x87, 0xd6, 0xcf, 0x9d, 0x9c, 0xcc, 0xc5, 0xa3, 0xa3, 0xc9, 0x00, 0x01,
0x00, 0x59, 0xff, 0xe9, 0x04, 0x54, 0x04, 0x6c, 0x00, 0x1c, 0x00, 0x31, 0x40, 0x2e, 0x1a, 0x19,
0x0c, 0x0b, 0x04, 0x03, 0x02, 0x01, 0x4c, 0x00, 0x02, 0x02, 0x01, 0x61, 0x00, 0x01, 0x01, 0x5f,
0x4d, 0x00, 0x03, 0x03, 0x00, 0x61, 0x04, 0x01, 0x00, 0x00, 0x60, 0x00, 0x4e, 0x01, 0x00, 0x17,
0x15, 0x10, 0x0e, 0x09, 0x07, 0x00, 0x1c, 0x01, 0x1c, 0x05, 0x0b, 0x16, 0x2b, 0x05, 0x22, 0x26,
0x02, 0x35, 0x34, 0x12, 0x36, 0x33, 0x32, 0x04, 0x17, 0x07, 0x26, 0x26, 0x23, 0x22, 0x06, 0x15,
0x14, 0x16, 0x16, 0x33, 0x32, 0x36, 0x37, 0x17, 0x06, 0x04, 0x02, 0x6f, 0xa3, 0xf0, 0x83, 0x83,
0xf0, 0xa3, 0xbb, 0x01, 0x03, 0x24, 0xf3, 0x15, 0x7a, 0x5e, 0x88, 0x87, 0x3c, 0x78, 0x5b, 0x60,
0x7b, 0x15, 0xf3, 0x24, 0xfe, 0xfc, 0x17, 0x91, 0x01, 0x03, 0xac, 0xae, 0x01, 0x05, 0x90, 0xbb,
0xa4, 0x33, 0x57, 0x68, 0xd2, 0x9d, 0x67, 0xa6, 0x61, 0x6d, 0x5a, 0x33, 0xa7, 0xc0, 0xff, 0xff,
0x00, 0x59, 0xfe, 0x5e, 0x04, 0x54, 0x04, 0x6c, 0x02, 0x26, 0x00, 0x4e, 0x00, 0x00, 0x00, 0x07,
0x02, 0x7a, 0x01, 0x23, 0x00, 0x00, 0x00, 0x02, 0x00, 0x59, 0xff, 0xec, 0x04, 0x75, 0x05, 0xd2,
0x00, 0x16, 0x00, 0x22, 0x00, 0x82, 0x4b, 0xb0, 0x19, 0x50, 0x58, 0x40, 0x0a, 0x0c, 0x01, 0x05,
0x01, 0x12, 0x01, 0x00, 0x04, 0x02, 0x4c, 0x1b, 0x40, 0x0a, 0x0c, 0x01, 0x05, 0x01, 0x12, 0x01,
0x03, 0x04, 0x02, 0x4c, 0x59, 0x4b, 0xb0, 0x19, 0x50, 0x58, 0x40, 0x1d, 0x00, 0x02, 0x02, 0x56,
0x4d, 0x00, 0x05, 0x05, 0x01, 0x61, 0x00, 0x01, 0x01, 0x5f, 0x4d, 0x07, 0x01, 0x04, 0x04, 0x00,
0x61, 0x03, 0x06, 0x02, 0x00, 0x00, 0x5d, 0x00, 0x4e, 0x1b, 0x40, 0x21, 0x00, 0x02, 0x02, 0x56,
0x4d, 0x00, 0x05, 0x05, 0x01, 0x61, 0x00, 0x01, 0x01, 0x5f, 0x4d, 0x00, 0x03, 0x03, 0x57, 0x4d,
0x07, 0x01, 0x04, 0x04, 0x00, 0x61, 0x06, 0x01, 0x00, 0x00, 0x5d, 0x00, 0x4e, 0x59, 0x40, 0x17,
0x18, 0x17, 0x01, 0x00, 0x1e, 0x1c, 0x17, 0x22, 0x18, 0x22, 0x11, 0x10, 0x0f, 0x0e, 0x09, 0x07,
0x00, 0x16, 0x01, 0x16, 0x08, 0x0b, 0x16, 0x2b, 0x05, 0x22, 0x26, 0x02, 0x35, 0x34, 0x12, 0x36,
0x33, 0x32, 0x16, 0x16, 0x17, 0x33, 0x11, 0x21, 0x11, 0x23, 0x35, 0x23, 0x0e, 0x02, 0x27, 0x32,
0x36, 0x35, 0x34, 0x26, 0x23, 0x22, 0x06, 0x15, 0x14, 0x16, 0x02, 0x26, 0x84, 0xd1, 0x78, 0x7a,
0xd1, 0x81, 0x64, 0x7f, 0x4a, 0x14, 0x0b, 0x01, 0x04, 0xff, 0x10, 0x15, 0x4c, 0x7f, 0x19, 0x7f,
0x8a, 0x89, 0x80, 0x84, 0x86, 0x87, 0x14, 0x87, 0x01, 0x02, 0xb8, 0xba, 0x01, 0x01, 0x84, 0x43,
0x5d, 0x27, 0x02, 0x2d, 0xfa, 0x2e, 0xb1, 0x28, 0x5c, 0x41, 0xd6, 0xc9, 0xa3, 0xa3, 0xc5, 0xcc,
0x9c, 0x9d, 0xcf, 0x00, 0x00, 0x02, 0x00, 0x59, 0xff, 0xe9, 0x04, 0x66, 0x04, 0x6c, 0x00, 0x17,
0x00, 0x1e, 0x00, 0x3b, 0x40, 0x38, 0x15, 0x14, 0x02, 0x03, 0x02, 0x01, 0x4c, 0x00, 0x04, 0x00,
0x02, 0x03, 0x04, 0x02, 0x67, 0x00, 0x05, 0x05, 0x01, 0x61, 0x00, 0x01, 0x01, 0x5f, 0x4d, 0x00,
0x03, 0x03, 0x00, 0x61, 0x06, 0x01, 0x00, 0x00, 0x60, 0x00, 0x4e, 0x01, 0x00, 0x1d, 0x1b, 0x19,
0x18, 0x12, 0x10, 0x0e, 0x0d, 0x09, 0x07, 0x00, 0x17, 0x01, 0x17, 0x07, 0x0b, 0x16, 0x2b, 0x05,
0x22, 0x26, 0x02, 0x35, 0x34, 0x12, 0x36, 0x33, 0x32, 0x16, 0x16, 0x15, 0x15, 0x21, 0x16, 0x16,
0x33, 0x32, 0x36, 0x37, 0x17, 0x06, 0x06, 0x01, 0x21, 0x26, 0x26, 0x23, 0x22, 0x06, 0x02, 0x78,
0xa9, 0xf3, 0x83, 0x81, 0xed, 0xa0, 0x88, 0xe9, 0x8e, 0xfc, 0xf6, 0x05, 0x9d, 0x7d, 0x56, 0x7b,
0x1a, 0xef, 0x28, 0xfb, 0xfe, 0x2b, 0x02, 0x0c, 0x0c, 0x81, 0x74, 0x77, 0x8b, 0x17, 0x8e, 0x01,
0x02, 0xaf, 0xac, 0x01, 0x05, 0x93, 0x77, 0xf9, 0xc4, 0x52, 0x95, 0x9c, 0x4a, 0x47, 0x31, 0x87,
0xa5, 0x02, 0xae, 0x78, 0x91, 0x99, 0xff, 0xff, 0x00, 0x59, 0xff, 0xe9, 0x04, 0x66, 0x06, 0x13,
0x02, 0x26, 0x00, 0x51, 0x00, 0x00, 0x00, 0x06, 0x02, 0x76, 0xef, 0x00, 0xff, 0xff, 0x00, 0x59,
0xff, 0xe9, 0x04, 0x66, 0x06, 0x1f, 0x02, 0x26, 0x00, 0x51, 0x00, 0x00, 0x00, 0x07, 0x01, 0xbd,
0x00, 0x9e, 0x00, 0x00, 0xff, 0xff, 0x00, 0x59, 0xff, 0xe9, 0x04, 0x66, 0x06, 0x1f, 0x02, 0x26,
0x00, 0x51, 0x00, 0x00, 0x00, 0x07, 0x01, 0xbc, 0x01, 0x56, 0x00, 0x00, 0xff, 0xff, 0x00, 0x59,
0xff, 0xe9, 0x04, 0x66, 0x06, 0x1f, 0x02, 0x26, 0x00, 0x51, 0x00, 0x00, 0x00, 0x07, 0x02, 0x78,
0x00, 0x9b, 0x00, 0x00, 0x00, 0x01, 0x00, 0x14, 0x00, 0x00, 0x03, 0x04, 0x06, 0x18, 0x00, 0x18,
0x00, 0x61, 0x40, 0x0a, 0x10, 0x01, 0x05, 0x04, 0x11, 0x01, 0x03, 0x05, 0x02, 0x4c, 0x4b, 0xb0,
0x20, 0x50, 0x58, 0x40, 0x1d, 0x00, 0x05, 0x05, 0x04, 0x61, 0x00, 0x04, 0x04, 0x5e, 0x4d, 0x02,
0x01, 0x00, 0x00, 0x03, 0x5f, 0x07, 0x06, 0x02, 0x03, 0x03, 0x59, 0x4d, 0x00, 0x01, 0x01, 0x57,
0x01, 0x4e, 0x1b, 0x40, 0x1b, 0x00, 0x04, 0x00, 0x05, 0x03, 0x04, 0x05, 0x69, 0x02, 0x01, 0x00,
0x00, 0x03, 0x5f, 0x07, 0x06, 0x02, 0x03, 0x03, 0x59, 0x4d, 0x00, 0x01, 0x01, 0x57, 0x01, 0x4e,
0x59, 0x40, 0x0f, 0x00, 0x00, 0x00, 0x18, 0x00, 0x18, 0x25, 0x24, 0x11, 0x11, 0x11, 0x11, 0x08,
0x0b, 0x1c, 0x2b, 0x01, 0x15, 0x23, 0x11, 0x21, 0x11, 0x23, 0x35, 0x33, 0x35, 0x34, 0x36, 0x36,
0x33, 0x32, 0x16, 0x17, 0x07, 0x26, 0x26, 0x23, 0x22, 0x06, 0x15, 0x15, 0x02, 0xd6, 0xf2, 0xfe,
0xfd, 0xcd, 0xcd, 0x5e, 0x9d, 0x60, 0x45, 0x6a, 0x19, 0x35, 0x11, 0x31, 0x21, 0x49, 0x3f, 0x04,
0x5e, 0xcc, 0xfc, 0x6e, 0x03, 0x92, 0xcc, 0x6b, 0x6f, 0x95, 0x4b, 0x16, 0x09, 0xca, 0x05, 0x0b,
0x48, 0x42, 0x57, 0x00, 0x00, 0x01, 0x00, 0x8a, 0x00, 0x00, 0x02, 0xad, 0x06, 0x18, 0x00, 0x14,
0x00, 0x5b, 0x40, 0x0a, 0x0c, 0x01, 0x03, 0x02, 0x0d, 0x01, 0x04, 0x03, 0x02, 0x4c, 0x4b, 0xb0,
0x20, 0x50, 0x58, 0x40, 0x1b, 0x00, 0x03, 0x03, 0x02, 0x61, 0x00, 0x02, 0x02, 0x5e, 0x4d, 0x00,
0x00, 0x00, 0x04, 0x5f, 0x05, 0x01, 0x04, 0x04, 0x59, 0x4d, 0x00, 0x01, 0x01, 0x57, 0x01, 0x4e,
0x1b, 0x40, 0x19, 0x00, 0x02, 0x00, 0x03, 0x04, 0x02, 0x03, 0x69, 0x00, 0x00, 0x00, 0x04, 0x5f,
0x05, 0x01, 0x04, 0x04, 0x59, 0x4d, 0x00, 0x01, 0x01, 0x57, 0x01, 0x4e, 0x59, 0x40, 0x0d, 0x00,
0x00, 0x00, 0x14, 0x00, 0x14, 0x25, 0x24, 0x11, 0x11, 0x06, 0x0b, 0x1a, 0x2b, 0x01, 0x15, 0x23,
0x11, 0x21, 0x11, 0x34, 0x36, 0x36, 0x33, 0x32, 0x16, 0x17, 0x07, 0x26, 0x26, 0x23, 0x22, 0x06,
0x15, 0x15, 0x02, 0x7f, 0xf2, 0xfe, 0xfd, 0x5e, 0x9d, 0x60, 0x45, 0x6a, 0x19, 0x35, 0x11, 0x32,
0x20, 0x49, 0x3f, 0x04, 0x5e, 0xcc, 0xfc, 0x6e, 0x04, 0xc9, 0x6f, 0x95, 0x4b, 0x16, 0x09, 0xca,
0x05, 0x0b, 0x48, 0x42, 0x57, 0x00, 0x00, 0x01, 0x00, 0x14, 0x00, 0x00, 0x03, 0xdf, 0x06, 0x18,
0x00, 0x17, 0x00, 0x5c, 0xb5, 0x0c, 0x01, 0x03, 0x02, 0x01, 0x4c, 0x4b, 0xb0, 0x20, 0x50, 0x58,
0x40, 0x1d, 0x00, 0x03, 0x03, 0x02, 0x61, 0x00, 0x02, 0x02, 0x5e, 0x4d, 0x05, 0x01, 0x00, 0x00,
0x01, 0x5f, 0x04, 0x01, 0x01, 0x01, 0x59, 0x4d, 0x07, 0x01, 0x06, 0x06, 0x57, 0x06, 0x4e, 0x1b,
0x40, 0x1b, 0x00, 0x02, 0x00, 0x03, 0x01, 0x02, 0x03, 0x69, 0x05, 0x01, 0x00, 0x00, 0x01, 0x5f,
0x04, 0x01, 0x01, 0x01, 0x59, 0x4d, 0x07, 0x01, 0x06, 0x06, 0x57, 0x06, 0x4e, 0x59, 0x40, 0x0f,
0x00, 0x00, 0x00, 0x17, 0x00, 0x17, 0x11, 0x13, 0x24, 0x24, 0x11, 0x11, 0x08, 0x0b, 0x1c, 0x2b,
0x33, 0x11, 0x23, 0x35, 0x33, 0x35, 0x34, 0x36, 0x36, 0x33, 0x32, 0x16, 0x17, 0x07, 0x26, 0x23,
0x22, 0x06, 0x15, 0x15, 0x21, 0x15, 0x21, 0x11, 0xe0, 0xcc, 0xcc, 0x5d, 0x9e, 0x60, 0x21, 0x3e,
0x19, 0x11, 0x1a, 0x1d, 0x49, 0x3f, 0x01, 0xfc, 0xfe, 0x04, 0x03, 0x92, 0xcc, 0x6b, 0x6f, 0x95,
0x4b, 0x06, 0x05, 0xd3, 0x05, 0x48, 0x42, 0x57, 0xcc, 0xfc, 0x6e, 0x00, 0x00, 0x01, 0x00, 0x8a,
0x00, 0x00, 0x03, 0x8a, 0x06, 0x18, 0x00, 0x13, 0x00, 0x56, 0xb5, 0x08, 0x01, 0x01, 0x00, 0x01,
0x4c, 0x4b, 0xb0, 0x20, 0x50, 0x58, 0x40, 0x1b, 0x00, 0x01, 0x01, 0x00, 0x61, 0x00, 0x00, 0x00,
0x5e, 0x4d, 0x00, 0x03, 0x03, 0x02, 0x5f, 0x00, 0x02, 0x02, 0x59, 0x4d, 0x05, 0x01, 0x04, 0x04,
0x57, 0x04, 0x4e, 0x1b, 0x40, 0x19, 0x00, 0x00, 0x00, 0x01, 0x02, 0x00, 0x01, 0x69, 0x00, 0x03,
0x03, 0x02, 0x5f, 0x00, 0x02, 0x02, 0x59, 0x4d, 0x05, 0x01, 0x04, 0x04, 0x57, 0x04, 0x4e, 0x59,
0x40, 0x0d, 0x00, 0x00, 0x00, 0x13, 0x00, 0x13, 0x11, 0x13, 0x24, 0x24, 0x06, 0x0b, 0x1a, 0x2b,
0x33, 0x11, 0x34, 0x36, 0x36, 0x33, 0x32, 0x16, 0x17, 0x07, 0x26, 0x23, 0x22, 0x06, 0x15, 0x15,
0x21, 0x15, 0x21, 0x11, 0x8a, 0x5e, 0x9d, 0x60, 0x22, 0x3d, 0x1a, 0x12, 0x19, 0x1e, 0x49, 0x3f,
0x01, 0xfd, 0xfe, 0x03, 0x04, 0xc9, 0x6f, 0x95, 0x4b, 0x06, 0x05, 0xd3, 0x05, 0x48, 0x42, 0x57,
0xcc, 0xfc, 0x6e, 0x00, 0x00, 0x02, 0x00, 0x59, 0xfe, 0x46, 0x04, 0x77, 0x04, 0x6c, 0x00, 0x23,
0x00, 0x2f, 0x00, 0xa2, 0x4b, 0xb0, 0x24, 0x50, 0x58, 0x40, 0x0b, 0x1c, 0x01, 0x07, 0x04, 0x04,
0x03, 0x02, 0x01, 0x03, 0x02, 0x4c, 0x1b, 0x40, 0x0b, 0x1c, 0x01, 0x07, 0x05, 0x04, 0x03, 0x02,
0x01, 0x03, 0x02, 0x4c, 0x59, 0x4b, 0xb0, 0x24, 0x50, 0x58, 0x40, 0x2a, 0x00, 0x02, 0x06, 0x03,
0x06, 0x02, 0x03, 0x80, 0x00, 0x07, 0x07, 0x04, 0x61, 0x05, 0x01, 0x04, 0x04, 0x5f, 0x4d, 0x09,
0x01, 0x06, 0x06, 0x03, 0x61, 0x00, 0x03, 0x03, 0x57, 0x4d, 0x00, 0x01, 0x01, 0x00, 0x61, 0x08,
0x01, 0x00, 0x00, 0x61, 0x00, 0x4e, 0x1b, 0x40, 0x2e, 0x00, 0x02, 0x06, 0x03, 0x06, 0x02, 0x03,
0x80, 0x00, 0x05, 0x05, 0x59, 0x4d, 0x00, 0x07, 0x07, 0x04, 0x61, 0x00, 0x04, 0x04, 0x5f, 0x4d,
0x09, 0x01, 0x06, 0x06, 0x03, 0x61, 0x00, 0x03, 0x03, 0x57, 0x4d, 0x00, 0x01, 0x01, 0x00, 0x61,
0x08, 0x01, 0x00, 0x00, 0x61, 0x00, 0x4e, 0x59, 0x40, 0x1b, 0x25, 0x24, 0x01, 0x00, 0x2b, 0x29,
0x24, 0x2f, 0x25, 0x2f, 0x1f, 0x1e, 0x19, 0x17, 0x11, 0x0f, 0x0c, 0x0b, 0x08, 0x06, 0x00, 0x23,
0x01, 0x23, 0x0a, 0x0b, 0x16, 0x2b, 0x01, 0x22, 0x26, 0x27, 0x37, 0x16, 0x16, 0x33, 0x32, 0x36,
0x35, 0x35, 0x23, 0x0e, 0x02, 0x23, 0x22, 0x26, 0x26, 0x35, 0x34, 0x36, 0x36, 0x33, 0x32, 0x16,
0x16, 0x17, 0x33, 0x35, 0x33, 0x11, 0x14, 0x06, 0x06, 0x03, 0x32, 0x36, 0x35, 0x34, 0x26, 0x23,
0x22, 0x06, 0x15, 0x14, 0x16, 0x02, 0x6c, 0xca, 0xf4, 0x2a, 0xdc, 0x1a, 0x77, 0x7a, 0x79, 0x92,
0x16, 0x14, 0x4a, 0x7c, 0x61, 0x80, 0xd1, 0x7b, 0x7b, 0xd2, 0x81, 0x63, 0x80, 0x4c, 0x14, 0x0e,
0xff, 0x88, 0xec, 0x95, 0x7f, 0x8a, 0x88, 0x81, 0x84, 0x87, 0x88, 0xfe, 0x46, 0x94, 0x6f, 0x4f,
0x30, 0x5c, 0x71, 0x78, 0xd3, 0x28, 0x56, 0x39, 0x79, 0xf2, 0xb6, 0xb7, 0xff, 0x84, 0x42, 0x5d,
0x28, 0xb9, 0xfb, 0x9f, 0x96, 0xc2, 0x5f, 0x02, 0x98, 0xb6, 0xa0, 0x9f, 0xc3, 0xca, 0x98, 0x9b,
0xbb, 0x00, 0x00, 0x01, 0x00, 0x8a, 0x00, 0x00, 0x04, 0x5c, 0x05, 0xd2, 0x00, 0x12, 0x00, 0x26,
0x40, 0x23, 0x05, 0x01, 0x04, 0x01, 0x4b, 0x00, 0x01, 0x01, 0x56, 0x4d, 0x00, 0x04, 0x04, 0x02,
0x61, 0x00, 0x02, 0x02, 0x5f, 0x4d, 0x03, 0x01, 0x00, 0x00, 0x57, 0x00, 0x4e, 0x23, 0x13, 0x22,
0x11, 0x11, 0x05, 0x0b, 0x1b, 0x2b, 0x01, 0x11, 0x21, 0x11, 0x21, 0x11, 0x36, 0x33, 0x32, 0x16,
0x15, 0x11, 0x21, 0x11, 0x34, 0x26, 0x23, 0x22, 0x06, 0x01, 0x8e, 0xfe, 0xfc, 0x01, 0x00, 0x66,
0xed, 0xad, 0xd2, 0xfe, 0xfb, 0x74, 0x66, 0x68, 0x87, 0x02, 0x8f, 0xfd, 0x71, 0x05, 0xd2, 0xfd,
0xbd, 0xdd, 0xdc, 0xc9, 0xfd, 0x39, 0x02, 0x9f, 0x70, 0x80, 0x86, 0x00, 0xff, 0xff, 0x00, 0x75,
0x00, 0x00, 0x01, 0xa4, 0x06, 0x19, 0x02, 0x26, 0x00, 0x5d, 0x00, 0x00, 0x00, 0x06, 0x02, 0x77,
0xf6, 0x00, 0x00, 0x01, 0x00, 0x8a, 0x00, 0x00, 0x01, 0x8e, 0x04, 0x5e, 0x00, 0x03, 0x00, 0x19,
0x40, 0x16, 0x00, 0x00, 0x00, 0x59, 0x4d, 0x02, 0x01, 0x01, 0x01, 0x57, 0x01, 0x4e, 0x00, 0x00,
0x00, 0x03, 0x00, 0x03, 0x11, 0x03, 0x0b, 0x17, 0x2b, 0x33, 0x11, 0x21, 0x11, 0x8a, 0x01, 0x04,
0x04, 0x5e, 0xfb, 0xa2, 0xff, 0xff, 0xff, 0xa7, 0x00, 0x00, 0x02, 0x71, 0x06, 0x13, 0x02, 0x26,
0x00, 0x5d, 0x00, 0x00, 0x00, 0x07, 0x02, 0x76, 0xfe, 0x99, 0x00, 0x00, 0xff, 0xff, 0xff, 0xe6,
0x00, 0x00, 0x01, 0x8e, 0x06, 0x1f, 0x02, 0x26, 0x00, 0x5d, 0x00, 0x00, 0x00, 0x07, 0x01, 0xbd,
0xff, 0x49, 0x00, 0x00, 0xff, 0xff, 0x00, 0x8a, 0x00, 0x00, 0x02, 0x31, 0x06, 0x1f, 0x02, 0x26,
0x00, 0x5d, 0x00, 0x00, 0x00, 0x06, 0x01, 0xbc, 0x01, 0x00, 0xff, 0xff, 0xff, 0x94, 0x00, 0x00,
0x02, 0x84, 0x06, 0x1f, 0x02, 0x26, 0x00, 0x5d, 0x00, 0x00, 0x00, 0x07, 0x02, 0x78, 0xff, 0x45,
0x00, 0x00, 0x00, 0x01, 0xff, 0xd6, 0xfe, 0x5e, 0x01, 0x8e, 0x04, 0x5e, 0x00, 0x0b, 0x00, 0x19,
0x40, 0x16, 0x00, 0x00, 0x00, 0x59, 0x4d, 0x00, 0x02, 0x02, 0x01, 0x62, 0x00, 0x01, 0x01, 0x5b,
0x01, 0x4e, 0x21, 0x23, 0x10, 0x03, 0x0b, 0x19, 0x2b, 0x13, 0x21, 0x11, 0x14, 0x06, 0x23, 0x23,
0x35, 0x33, 0x32, 0x36, 0x35, 0x89, 0x01, 0x05, 0xcc, 0xb7, 0x35, 0x26, 0x4c, 0x41, 0x04, 0x5e,
0xfb, 0x61, 0xb6, 0xab, 0xd5, 0x48, 0x47, 0x00, 0xff, 0xff, 0xff, 0xd6, 0xfe, 0x5e, 0x01, 0xa3,
0x06, 0x19, 0x02, 0x26, 0x00, 0x62, 0x00, 0x00, 0x00, 0x06, 0x02, 0x77, 0xf5, 0x00, 0x00, 0x01,
0x00, 0x8a, 0x00, 0x00, 0x04, 0x7f, 0x05, 0xd2, 0x00, 0x0c, 0x00, 0x2a, 0x40, 0x27, 0x0b, 0x0a,
0x07, 0x03, 0x04, 0x02, 0x01, 0x01, 0x4c, 0x00, 0x00, 0x00, 0x56, 0x4d, 0x00, 0x01, 0x01, 0x59,
0x4d, 0x04, 0x03, 0x02, 0x02, 0x02, 0x57, 0x02, 0x4e, 0x00, 0x00, 0x00, 0x0c, 0x00, 0x0c, 0x12,
0x13, 0x11, 0x05, 0x0b, 0x19, 0x2b, 0x33, 0x11, 0x21, 0x11, 0x33, 0x01, 0x21, 0x01, 0x01, 0x21,
0x01, 0x07, 0x11, 0x8a, 0x01, 0x04, 0x13, 0x01, 0x93, 0x01, 0x31, 0xfe, 0x4f, 0x01, 0xcb, 0xfe,
0xc8, 0xfe, 0xa7, 0x60, 0x05, 0xd2, 0xfc, 0xc9, 0x01, 0xc3, 0xfe, 0x1d, 0xfd, 0x85, 0x01, 0xdf,
0x67, 0xfe, 0x88, 0x00, 0x00, 0x01, 0x00, 0x8a, 0x00, 0x00, 0x01, 0x8e, 0x05, 0xd2, 0x00, 0x03,
0x00, 0x19, 0x40, 0x16, 0x02, 0x01, 0x01, 0x01, 0x56, 0x4d, 0x00, 0x00, 0x00, 0x57, 0x00, 0x4e,
0x00, 0x00, 0x00, 0x03, 0x00, 0x03, 0x11, 0x03, 0x0b, 0x17, 0x2b, 0x01, 0x11, 0x21, 0x11, 0x01,
0x8e, 0xfe, 0xfc, 0x05, 0xd2, 0xfa, 0x2e, 0x05, 0xd2, 0x00, 0xff, 0xff, 0x00, 0x8a, 0x00, 0x00,
0x03, 0x4f, 0x05, 0xd2, 0x00, 0x26, 0x00, 0x65, 0x00, 0x00, 0x01, 0x07, 0x00, 0xfb, 0x01, 0x68,
0x02, 0x5a, 0x00, 0x09, 0xb1, 0x01, 0x01, 0xb8, 0x02, 0x5a, 0xb0, 0x35, 0x2b, 0x00, 0x00, 0x01,
0x00, 0x8a, 0xff, 0xf9, 0x02, 0x50, 0x05, 0xd2, 0x00, 0x0f, 0x00, 0x27, 0x40, 0x24, 0x0d, 0x01,
0x00, 0x02, 0x01, 0x4c, 0x00, 0x01, 0x01, 0x56, 0x4d, 0x00, 0x02, 0x02, 0x00, 0x62, 0x03, 0x01,
0x00, 0x00, 0x57, 0x00, 0x4e, 0x01, 0x00, 0x0a, 0x08, 0x05, 0x04, 0x00, 0x0f, 0x01, 0x0f, 0x04,
0x0b, 0x16, 0x2b, 0x05, 0x22, 0x26, 0x35, 0x11, 0x21, 0x11, 0x14, 0x16, 0x33, 0x32, 0x36, 0x37,
0x17, 0x06, 0x06, 0x01, 0xbb, 0x9c, 0x95, 0x01, 0x04, 0x25, 0x31, 0x1a, 0x1b, 0x0b, 0x2c, 0x18,
0x4e, 0x07, 0x8f, 0x8c, 0x04, 0xbe, 0xfb, 0x6d, 0x3e, 0x35, 0x04, 0x03, 0xc5, 0x07, 0x0e, 0x00,
0xff, 0xff, 0x00, 0x8a, 0xff, 0xf9, 0x03, 0x4f, 0x05, 0xd2, 0x00, 0x26, 0x00, 0x67, 0x00, 0x00,
0x01, 0x07, 0x00, 0xfb, 0x01, 0x68, 0x02, 0x5a, 0x00, 0x09, 0xb1, 0x01, 0x01, 0xb8, 0x02, 0x5a,
0xb0, 0x35, 0x2b, 0x00, 0x00, 0x01, 0x00, 0x8a, 0x00, 0x00, 0x06, 0xaa, 0x04, 0x70, 0x00, 0x21,
0x00, 0x56, 0xb6, 0x08, 0x03, 0x02, 0x03, 0x04, 0x01, 0x4c, 0x4b, 0xb0, 0x1c, 0x50, 0x58, 0x40,
0x16, 0x06, 0x01, 0x04, 0x04, 0x00, 0x61, 0x02, 0x01, 0x02, 0x00, 0x00, 0x59, 0x4d, 0x08, 0x07,
0x05, 0x03, 0x03, 0x03, 0x57, 0x03, 0x4e, 0x1b, 0x40, 0x1a, 0x00, 0x00, 0x00, 0x59, 0x4d, 0x06,
0x01, 0x04, 0x04, 0x01, 0x61, 0x02, 0x01, 0x01, 0x01, 0x5f, 0x4d, 0x08, 0x07, 0x05, 0x03, 0x03,
0x03, 0x57, 0x03, 0x4e, 0x59, 0x40, 0x10, 0x00, 0x00, 0x00, 0x21, 0x00, 0x21, 0x23, 0x13, 0x23,
0x13, 0x23, 0x23, 0x11, 0x09, 0x0b, 0x1d, 0x2b, 0x33, 0x11, 0x33, 0x17, 0x36, 0x36, 0x33, 0x32,
0x17, 0x36, 0x36, 0x33, 0x32, 0x16, 0x15, 0x11, 0x21, 0x11, 0x34, 0x26, 0x23, 0x22, 0x06, 0x15,
0x11, 0x23, 0x11, 0x34, 0x26, 0x23, 0x22, 0x06, 0x15, 0x11, 0x8a, 0xf4, 0x08, 0x2c, 0xad, 0x64,
0xd6, 0x49, 0x2d, 0xc2, 0x76, 0x97, 0xcc, 0xfe, 0xfc, 0x72, 0x50, 0x5f, 0x6c, 0xfe, 0x6a, 0x53,
0x56, 0x7a, 0x04, 0x5e, 0xd5, 0x77, 0x70, 0xf3, 0x79, 0x7a, 0xc4, 0xba, 0xfd, 0x0e, 0x02, 0xca,
0x68, 0x60, 0x76, 0x5e, 0xfd, 0x42, 0x02, 0xd6, 0x55, 0x67, 0x75, 0x70, 0xfd, 0x53, 0x00, 0x01,
0x00, 0x8a, 0x00, 0x00, 0x04, 0x5b, 0x04, 0x6c, 0x00, 0x12, 0x00, 0x44, 0xb5, 0x05, 0x01, 0x00,
0x04, 0x01, 0x4c, 0x4b, 0xb0, 0x24, 0x50, 0x58, 0x40, 0x12, 0x00, 0x04, 0x04, 0x01, 0x61, 0x02,
0x01, 0x01, 0x01, 0x59, 0x4d, 0x03, 0x01, 0x00, 0x00, 0x57, 0x00, 0x4e, 0x1b, 0x40, 0x16, 0x00,
0x01, 0x01, 0x59, 0x4d, 0x00, 0x04, 0x04, 0x02, 0x61, 0x00, 0x02, 0x02, 0x5f, 0x4d, 0x03, 0x01,
0x00, 0x00, 0x57, 0x00, 0x4e, 0x59, 0xb7, 0x23, 0x13, 0x22, 0x11, 0x11, 0x05, 0x0b, 0x1b, 0x2b,
0x01, 0x11, 0x21, 0x11, 0x33, 0x17, 0x36, 0x33, 0x32, 0x16, 0x15, 0x11, 0x21, 0x11, 0x34, 0x26,
0x23, 0x22, 0x06, 0x01, 0x8e, 0xfe, 0xfc, 0xf6, 0x03, 0x64, 0xf6, 0xad, 0xd1, 0xfe, 0xfc, 0x74,
0x66, 0x68, 0x87, 0x02, 0x8f, 0xfd, 0x71, 0x04, 0x5e, 0xdf, 0xed, 0xdc, 0xc9, 0xfd, 0x39, 0x02,
0x9f, 0x70, 0x80, 0x86, 0xff, 0xff, 0x00, 0x8a, 0x00, 0x00, 0x04, 0x5b, 0x06, 0x07, 0x02, 0x26,
0x00, 0x6a, 0x00, 0x00, 0x00, 0x06, 0x01, 0xbf, 0x6f, 0x00, 0x00, 0x02, 0x00, 0x59, 0xff, 0xe9,
0x04, 0x86, 0x04, 0x6c, 0x00, 0x0f, 0x00, 0x1f, 0x00, 0x2d, 0x40, 0x2a, 0x00, 0x03, 0x03, 0x01,
0x61, 0x00, 0x01, 0x01, 0x5f, 0x4d, 0x05, 0x01, 0x02, 0x02, 0x00, 0x61, 0x04, 0x01, 0x00, 0x00,
0x60, 0x00, 0x4e, 0x11, 0x10, 0x01, 0x00, 0x19, 0x17, 0x10, 0x1f, 0x11, 0x1f, 0x09, 0x07, 0x00,
0x0f, 0x01, 0x0f, 0x06, 0x0b, 0x16, 0x2b, 0x05, 0x22, 0x26, 0x02, 0x35, 0x34, 0x12, 0x36, 0x33,
0x32, 0x16, 0x12, 0x15, 0x14, 0x02, 0x06, 0x27, 0x32, 0x36, 0x36, 0x35, 0x34, 0x26, 0x26, 0x23,
0x22, 0x06, 0x06, 0x15, 0x14, 0x16, 0x16, 0x02, 0x6f, 0xa3, 0xf0, 0x83, 0x83, 0xf0, 0xa3, 0xa3,
0xf0, 0x84, 0x84, 0xf0, 0xa3, 0x5b, 0x78, 0x3c, 0x3c, 0x78, 0x5b, 0x5a, 0x78, 0x3b, 0x3b, 0x78,
0x17, 0x91, 0x01, 0x03, 0xac, 0xae, 0x01, 0x05, 0x90, 0x90, 0xfe, 0xfb, 0xae, 0xac, 0xfe, 0xfd,
0x91, 0xd3, 0x62, 0xa6, 0x66, 0x67, 0xa6, 0x62, 0x62, 0xa6, 0x67, 0x66, 0xa6, 0x62, 0xff, 0xff,
0x00, 0x59, 0xff, 0xe9, 0x04, 0x86, 0x06, 0x13, 0x02, 0x26, 0x00, 0x6c, 0x00, 0x00, 0x00, 0x06,
0x02, 0x76, 0xfc, 0x00, 0xff, 0xff, 0x00, 0x59, 0xff, 0xe9, 0x04, 0x86, 0x06, 0x07, 0x02, 0x26,
0x00, 0x6c, 0x00, 0x00, 0x00, 0x06, 0x01, 0xbf, 0x6c, 0x00, 0xff, 0xff, 0x00, 0x52, 0xff, 0xd2,
0x04, 0x8b, 0x04, 0x8c, 0x02, 0x26, 0x00, 0x6c, 0x00, 0x00, 0x00, 0x06, 0x02, 0x7d, 0x00, 0x00,
0xff, 0xff, 0x00, 0x59, 0xff, 0xe9, 0x04, 0x86, 0x06, 0x1f, 0x02, 0x26, 0x00, 0x6c, 0x00, 0x00,
0x00, 0x07, 0x01, 0xbd, 0x00, 0xab, 0x00, 0x00, 0xff, 0xff, 0x00, 0x59, 0xff, 0xe9, 0x04, 0x86,
0x06, 0x1f, 0x02, 0x26, 0x00, 0x6c, 0x00, 0x00, 0x00, 0x07, 0x01, 0xbc, 0x01, 0x63, 0x00, 0x00,
0xff, 0xff, 0x00, 0x59, 0xff, 0xe9, 0x04, 0x86, 0x06, 0x1f, 0x02, 0x26, 0x00, 0x6c, 0x00, 0x00,
0x00, 0x07, 0x02, 0x78, 0x00, 0xa8, 0x00, 0x00, 0x00, 0x02, 0x00, 0x8a, 0xfe, 0x5e, 0x04, 0xa6,
0x04, 0x6c, 0x00, 0x16, 0x00, 0x22, 0x00, 0x6c, 0x40, 0x0a, 0x03, 0x01, 0x05, 0x00, 0x14, 0x01,
0x02, 0x04, 0x02, 0x4c, 0x4b, 0xb0, 0x24, 0x50, 0x58, 0x40, 0x1d, 0x00, 0x05, 0x05, 0x00, 0x61,
0x01, 0x01, 0x00, 0x00, 0x59, 0x4d, 0x07, 0x01, 0x04, 0x04, 0x02, 0x61, 0x00, 0x02, 0x02, 0x5d,
0x4d, 0x06, 0x01, 0x03, 0x03, 0x5b, 0x03, 0x4e, 0x1b, 0x40, 0x21, 0x00, 0x00, 0x00, 0x59, 0x4d,
0x00, 0x05, 0x05, 0x01, 0x61, 0x00, 0x01, 0x01, 0x5f, 0x4d, 0x07, 0x01, 0x04, 0x04, 0x02, 0x61,
0x00, 0x02, 0x02, 0x5d, 0x4d, 0x06, 0x01, 0x03, 0x03, 0x5b, 0x03, 0x4e, 0x59, 0x40, 0x14, 0x18,
0x17, 0x00, 0x00, 0x1e, 0x1c, 0x17, 0x22, 0x18, 0x22, 0x00, 0x16, 0x00, 0x16, 0x26, 0x25, 0x11,
0x08, 0x0b, 0x19, 0x2b, 0x13, 0x11, 0x33, 0x15, 0x33, 0x3e, 0x02, 0x33, 0x32, 0x16, 0x12, 0x15,
0x14, 0x02, 0x06, 0x23, 0x22, 0x26, 0x26, 0x27, 0x23, 0x11, 0x01, 0x32, 0x36, 0x35, 0x34, 0x26,
0x23, 0x22, 0x06, 0x15, 0x14, 0x16, 0x8a, 0xfe, 0x11, 0x13, 0x4a, 0x80, 0x63, 0x81, 0xd1, 0x7b,
0x79, 0xd0, 0x85, 0x60, 0x7f, 0x4c, 0x14, 0x0b, 0x01, 0x04, 0x82, 0x87, 0x85, 0x84, 0x81, 0x88,
0x8a, 0xfe, 0x5e, 0x06, 0x00, 0xb9, 0x27, 0x5d, 0x43, 0x84, 0xfe, 0xff, 0xba, 0xb8, 0xfe, 0xfe,
0x87, 0x41, 0x5c, 0x28, 0xfd, 0xad, 0x02, 0x64, 0xcf, 0x9d, 0x9c, 0xcc, 0xc5, 0xa3, 0xa3, 0xc9,
0x00, 0x02, 0x00, 0x59, 0xfe, 0x5e, 0x04, 0x75, 0x04, 0x6c, 0x00, 0x16, 0x00, 0x22, 0x00, 0x78,
0x4b, 0xb0, 0x24, 0x50, 0x58, 0x40, 0x0a, 0x13, 0x01, 0x05, 0x02, 0x02, 0x01, 0x01, 0x04, 0x02,
0x4c, 0x1b, 0x40, 0x0a, 0x13, 0x01, 0x05, 0x03, 0x02, 0x01, 0x01, 0x04, 0x02, 0x4c, 0x59, 0x4b,
0xb0, 0x24, 0x50, 0x58, 0x40, 0x1c, 0x00, 0x05, 0x05, 0x02, 0x61, 0x03, 0x01, 0x02, 0x02, 0x5f,
0x4d, 0x06, 0x01, 0x04, 0x04, 0x01, 0x61, 0x00, 0x01, 0x01, 0x5d, 0x4d, 0x00, 0x00, 0x00, 0x5b,
0x00, 0x4e, 0x1b, 0x40, 0x20, 0x00, 0x03, 0x03, 0x59, 0x4d, 0x00, 0x05, 0x05, 0x02, 0x61, 0x00,
0x02, 0x02, 0x5f, 0x4d, 0x06, 0x01, 0x04, 0x04, 0x01, 0x61, 0x00, 0x01, 0x01, 0x5d, 0x4d, 0x00,
0x00, 0x00, 0x5b, 0x00, 0x4e, 0x59, 0x40, 0x0f, 0x18, 0x17, 0x1e, 0x1c, 0x17, 0x22, 0x18, 0x22,
0x15, 0x26, 0x25, 0x10, 0x07, 0x0b, 0x1a, 0x2b, 0x01, 0x21, 0x11, 0x23, 0x0e, 0x02, 0x23, 0x22,
0x26, 0x02, 0x35, 0x34, 0x12, 0x36, 0x33, 0x32, 0x16, 0x16, 0x17, 0x33, 0x35, 0x33, 0x01, 0x32,
0x36, 0x35, 0x34, 0x26, 0x23, 0x22, 0x06, 0x15, 0x14, 0x16, 0x04, 0x75, 0xfe, 0xfc, 0x0b, 0x15,
0x4c, 0x7f, 0x60, 0x84, 0xd1, 0x78, 0x7a, 0xd1, 0x81, 0x64, 0x7f, 0x4a, 0x14, 0x10, 0xff, 0xfd,
0xf8, 0x7f, 0x8a, 0x89, 0x80, 0x84, 0x86, 0x87, 0xfe, 0x5e, 0x02, 0x53, 0x28, 0x5c, 0x41, 0x87,
0x01, 0x02, 0xb8, 0xba, 0x01, 0x01, 0x84, 0x43, 0x5d, 0x27, 0xb9, 0xfc, 0x64, 0xc9, 0xa3, 0xa3,
0xc5, 0xcc, 0x9c, 0x9d, 0xcf, 0x00, 0x00, 0x01, 0x00, 0x8a, 0x00, 0x00, 0x03, 0x05, 0x04, 0x6d,
0x00, 0x11, 0x00, 0x69, 0x4b, 0xb0, 0x22, 0x50, 0x58, 0x40, 0x0e, 0x03, 0x01, 0x02, 0x00, 0x0a,
0x01, 0x03, 0x02, 0x02, 0x4c, 0x09, 0x01, 0x00, 0x4a, 0x1b, 0x40, 0x0e, 0x09, 0x01, 0x00, 0x01,
0x03, 0x01, 0x02, 0x00, 0x0a, 0x01, 0x03, 0x02, 0x03, 0x4c, 0x59, 0x4b, 0xb0, 0x22, 0x50, 0x58,
0x40, 0x12, 0x00, 0x02, 0x02, 0x00, 0x61, 0x01, 0x01, 0x00, 0x00, 0x59, 0x4d, 0x04, 0x01, 0x03,
0x03, 0x57, 0x03, 0x4e, 0x1b, 0x40, 0x16, 0x00, 0x00, 0x00, 0x59, 0x4d, 0x00, 0x02, 0x02, 0x01,
0x61, 0x00, 0x01, 0x01, 0x5f, 0x4d, 0x04, 0x01, 0x03, 0x03, 0x57, 0x03, 0x4e, 0x59, 0x40, 0x0c,
0x00, 0x00, 0x00, 0x11, 0x00, 0x11, 0x24, 0x24, 0x11, 0x05, 0x0b, 0x19, 0x2b, 0x33, 0x11, 0x33,
0x15, 0x33, 0x36, 0x36, 0x33, 0x32, 0x17, 0x15, 0x26, 0x26, 0x23, 0x22, 0x06, 0x15, 0x11, 0x8a,
0xfc, 0x0c, 0x1e, 0x96, 0x60, 0x32, 0x2d, 0x10, 0x48, 0x23, 0x6d, 0x8f, 0x04, 0x5e, 0xbb, 0x61,
0x69, 0x07, 0xef, 0x04, 0x09, 0x87, 0x6b, 0xfd, 0x6e, 0x00, 0x00, 0x01, 0x00, 0x58, 0xff, 0xe9,
0x04, 0x11, 0x04, 0x6c, 0x00, 0x25, 0x00, 0x31, 0x40, 0x2e, 0x16, 0x15, 0x04, 0x03, 0x04, 0x01,
0x03, 0x01, 0x4c, 0x00, 0x03, 0x03, 0x02, 0x61, 0x00, 0x02, 0x02, 0x5f, 0x4d, 0x00, 0x01, 0x01,
0x00, 0x61, 0x04, 0x01, 0x00, 0x00, 0x60, 0x00, 0x4e, 0x01, 0x00, 0x1a, 0x18, 0x13, 0x11, 0x07,
0x05, 0x00, 0x25, 0x01, 0x25, 0x05, 0x0b, 0x16, 0x2b, 0x05, 0x22, 0x26, 0x27, 0x37, 0x16, 0x33,
0x32, 0x36, 0x35, 0x34, 0x27, 0x27, 0x24, 0x35, 0x34, 0x36, 0x36, 0x33, 0x32, 0x16, 0x17, 0x07,
0x26, 0x26, 0x23, 0x22, 0x06, 0x15, 0x14, 0x16, 0x17, 0x17, 0x04, 0x15, 0x14, 0x06, 0x06, 0x02,
0x31, 0xc1, 0xfb, 0x1d, 0xf3, 0x2c, 0xbf, 0x60, 0x71, 0x97, 0xbf, 0xfe, 0xc6, 0x72, 0xcb, 0x86,
0xbe, 0xdd, 0x22, 0xe8, 0x14, 0x64, 0x5a, 0x52, 0x70, 0x49, 0x56, 0xbe, 0x01, 0x39, 0x7a, 0xd9,
0x17, 0xa5, 0x98, 0x2e, 0xa4, 0x4d, 0x39, 0x5f, 0x21, 0x29, 0x44, 0xf5, 0x68, 0x98, 0x54, 0x9e,
0x82, 0x2e, 0x3a, 0x52, 0x49, 0x39, 0x31, 0x3f, 0x13, 0x28, 0x43, 0xeb, 0x6a, 0xa1, 0x5b, 0x00,
0x00, 0x01, 0x00, 0x96, 0x00, 0x00, 0x04, 0xcb, 0x05, 0xe6, 0x00, 0x2a, 0x00, 0x37, 0x40, 0x34,
0x0c, 0x01, 0x03, 0x04, 0x01, 0x4c, 0x00, 0x04, 0x00, 0x03, 0x02, 0x04, 0x03, 0x69, 0x00, 0x05,
0x05, 0x00, 0x61, 0x00, 0x00, 0x00, 0x5c, 0x4d, 0x00, 0x02, 0x02, 0x01, 0x5f, 0x07, 0x06, 0x02,
0x01, 0x01, 0x57, 0x01, 0x4e, 0x00, 0x00, 0x00, 0x2a, 0x00, 0x2a, 0x24, 0x21, 0x24, 0x21, 0x2d,
0x24, 0x08, 0x0b, 0x1c, 0x2b, 0x33, 0x11, 0x34, 0x36, 0x36, 0x33, 0x32, 0x16, 0x16, 0x15, 0x14,
0x06, 0x07, 0x15, 0x16, 0x16, 0x15, 0x14, 0x06, 0x06, 0x23, 0x23, 0x35, 0x33, 0x32, 0x36, 0x35,
0x34, 0x26, 0x23, 0x23, 0x35, 0x33, 0x32, 0x36, 0x35, 0x34, 0x26, 0x23, 0x22, 0x06, 0x15, 0x11,
0x96, 0x79, 0xda, 0x90, 0x8a, 0xe1, 0x86, 0x77, 0x67, 0x91, 0xae, 0x75, 0xd0, 0x8a, 0xb9, 0x9a,
0x69, 0x7d, 0x8a, 0x77, 0x79, 0x53, 0x5a, 0x6b, 0x77, 0x68, 0x67, 0x80, 0x04, 0x4c, 0x80, 0xb7,
0x63, 0x5c, 0xb1, 0x7f, 0x76, 0xa9, 0x20, 0x0f, 0x0c, 0xcb, 0x9b, 0x7e, 0xb8, 0x64, 0xdc, 0x74,
0x5d, 0x62, 0x79, 0xd6, 0x80, 0x55, 0x5a, 0x79, 0x77, 0x60, 0xfb, 0xd1, 0x00, 0x01, 0x00, 0x96,
0xff, 0xec, 0x04, 0xd4, 0x05, 0xe6, 0x00, 0x32, 0x00, 0x55, 0x40, 0x0a, 0x1c, 0x01, 0x03, 0x04,
0x1b, 0x01, 0x00, 0x03, 0x02, 0x4c, 0x4b, 0xb0, 0x19, 0x50, 0x58, 0x40, 0x16, 0x00, 0x04, 0x04,
0x01, 0x61, 0x00, 0x01, 0x01, 0x5c, 0x4d, 0x00, 0x03, 0x03, 0x00, 0x61, 0x02, 0x01, 0x00, 0x00,
0x57, 0x00, 0x4e, 0x1b, 0x40, 0x1a, 0x00, 0x04, 0x04, 0x01, 0x61, 0x00, 0x01, 0x01, 0x5c, 0x4d,
0x00, 0x00, 0x00, 0x57, 0x4d, 0x00, 0x03, 0x03, 0x02, 0x61, 0x00, 0x02, 0x02, 0x5d, 0x02, 0x4e,
0x59, 0x40, 0x0b, 0x31, 0x2f, 0x20, 0x1e, 0x19, 0x17, 0x23, 0x11, 0x05, 0x0b, 0x18, 0x2b, 0x01,
0x11, 0x23, 0x11, 0x34, 0x36, 0x33, 0x32, 0x16, 0x16, 0x15, 0x14, 0x0e, 0x02, 0x15, 0x14, 0x1e,
0x03, 0x15, 0x14, 0x06, 0x23, 0x22, 0x26, 0x27, 0x37, 0x16, 0x16, 0x33, 0x32, 0x36, 0x35, 0x34,
0x2e, 0x03, 0x35, 0x34, 0x3e, 0x02, 0x35, 0x34, 0x26, 0x23, 0x22, 0x06, 0x01, 0x95, 0xff, 0xf7,
0xc5, 0x77, 0xc8, 0x7a, 0x22, 0x2c, 0x22, 0x3f, 0x5d, 0x5d, 0x40, 0xde, 0xd8, 0x58, 0xa4, 0x2b,
0x49, 0x20, 0x64, 0x54, 0x55, 0x69, 0x42, 0x60, 0x60, 0x41, 0x26, 0x31, 0x25, 0x6c, 0x51, 0x56,
0x67, 0x04, 0x1e, 0xfb, 0xe2, 0x04, 0x1e, 0xe2, 0xe6, 0x54, 0xa6, 0x7a, 0x44, 0x5b, 0x45, 0x43,
0x2c, 0x2d, 0x46, 0x45, 0x56, 0x79, 0x57, 0x97, 0xbe, 0x25, 0x1d, 0xcb, 0x0f, 0x25, 0x46, 0x44,
0x39, 0x4e, 0x43, 0x4a, 0x67, 0x4d, 0x3a, 0x4e, 0x41, 0x49, 0x36, 0x53, 0x56, 0x6c, 0x00, 0x01,
0x00, 0x14, 0xff, 0xf1, 0x02, 0xae, 0x05, 0x68, 0x00, 0x17, 0x00, 0x39, 0x40, 0x36, 0x09, 0x01,
0x01, 0x00, 0x0a, 0x01, 0x02, 0x01, 0x02, 0x4c, 0x00, 0x05, 0x04, 0x05, 0x85, 0x03, 0x01, 0x00,
0x00, 0x04, 0x5f, 0x07, 0x06, 0x02, 0x04, 0x04, 0x59, 0x4d, 0x00, 0x01, 0x01, 0x02, 0x62, 0x00,
0x02, 0x02, 0x5d, 0x02, 0x4e, 0x00, 0x00, 0x00, 0x17, 0x00, 0x17, 0x11, 0x11, 0x13, 0x26, 0x13,
0x11, 0x08, 0x0b, 0x1c, 0x2b, 0x01, 0x15, 0x23, 0x11, 0x14, 0x16, 0x33, 0x32, 0x36, 0x37, 0x17,
0x06, 0x06, 0x23, 0x22, 0x26, 0x35, 0x11, 0x23, 0x35, 0x33, 0x11, 0x21, 0x11, 0x02, 0x8f, 0xd8,
0x33, 0x3c, 0x12, 0x3a, 0x13, 0x29, 0x2b, 0x5a, 0x29, 0xa1, 0xac, 0x9f, 0x9f, 0x01, 0x04, 0x04,
0x5e, 0xcc, 0xfd, 0xa9, 0x3d, 0x39, 0x09, 0x04, 0xc9, 0x0d, 0x0b, 0xa0, 0x94, 0x02, 0x6d, 0xcc,
0x01, 0x0a, 0xfe, 0xf6, 0x00, 0x01, 0x00, 0x8a, 0xff, 0xf1, 0x02, 0x85, 0x05, 0x68, 0x00, 0x13,
0x00, 0x35, 0x40, 0x32, 0x09, 0x01, 0x01, 0x00, 0x0a, 0x01, 0x02, 0x01, 0x02, 0x4c, 0x00, 0x03,
0x04, 0x03, 0x85, 0x00, 0x00, 0x00, 0x04, 0x5f, 0x05, 0x01, 0x04, 0x04, 0x59, 0x4d, 0x00, 0x01,
0x01, 0x02, 0x62, 0x00, 0x02, 0x02, 0x5d, 0x02, 0x4e, 0x00, 0x00, 0x00, 0x13, 0x00, 0x13, 0x13,
0x26, 0x13, 0x11, 0x06, 0x0b, 0x1a, 0x2b, 0x01, 0x15, 0x23, 0x11, 0x14, 0x16, 0x33, 0x32, 0x36,
0x37, 0x17, 0x06, 0x06, 0x23, 0x22, 0x26, 0x35, 0x11, 0x21, 0x11, 0x02, 0x66, 0xd8, 0x34, 0x3c,
0x11, 0x3a, 0x13, 0x29, 0x2b, 0x5a, 0x29, 0xa1, 0xac, 0x01, 0x04, 0x04, 0x5e, 0xcc, 0xfd, 0xa9,
0x3d, 0x39, 0x09, 0x04, 0xc9, 0x0d, 0x0b, 0xa0, 0x94, 0x04, 0x43, 0xfe, 0xf6, 0x00, 0x00, 0x01,
0x00, 0x8a, 0xff, 0xf2, 0x04, 0x5c, 0x04, 0x5e, 0x00, 0x12, 0x00, 0x50, 0xb5, 0x11, 0x01, 0x02,
0x01, 0x01, 0x4c, 0x4b, 0xb0, 0x24, 0x50, 0x58, 0x40, 0x13, 0x03, 0x01, 0x01, 0x01, 0x59, 0x4d,
0x00, 0x02, 0x02, 0x00, 0x62, 0x04, 0x05, 0x02, 0x00, 0x00, 0x5d, 0x00, 0x4e, 0x1b, 0x40, 0x17,
0x03, 0x01, 0x01, 0x01, 0x59, 0x4d, 0x00, 0x04, 0x04, 0x57, 0x4d, 0x00, 0x02, 0x02, 0x00, 0x62,
0x05, 0x01, 0x00, 0x00, 0x5d, 0x00, 0x4e, 0x59, 0x40, 0x11, 0x01, 0x00, 0x10, 0x0f, 0x0e, 0x0d,
0x0a, 0x08, 0x05, 0x04, 0x00, 0x12, 0x01, 0x12, 0x06, 0x0b, 0x16, 0x2b, 0x05, 0x22, 0x26, 0x35,
0x11, 0x21, 0x11, 0x14, 0x16, 0x33, 0x32, 0x36, 0x35, 0x11, 0x21, 0x11, 0x23, 0x27, 0x06, 0x02,
0x09, 0xad, 0xd2, 0x01, 0x04, 0x75, 0x66, 0x68, 0x86, 0x01, 0x05, 0xf7, 0x02, 0x64, 0x0e, 0xdc,
0xc9, 0x02, 0xc7, 0xfd, 0x61, 0x70, 0x80, 0x86, 0x7a, 0x02, 0x8f, 0xfb, 0xa2, 0xe0, 0xee, 0x00,
0xff, 0xff, 0x00, 0x8a, 0xff, 0xf2, 0x04, 0x5c, 0x06, 0x13, 0x02, 0x26, 0x00, 0x7b, 0x00, 0x00,
0x00, 0x06, 0x02, 0x76, 0x00, 0x00, 0x00, 0x01, 0x00, 0x8a, 0xfe, 0x5e, 0x04, 0xe0, 0x04, 0x5e,
0x00, 0x1b, 0x00, 0x61, 0xb6, 0x1a, 0x14, 0x02, 0x04, 0x01, 0x01, 0x4c, 0x4b, 0xb0, 0x30, 0x50,
0x58, 0x40, 0x19, 0x02, 0x01, 0x00, 0x00, 0x59, 0x4d, 0x03, 0x01, 0x01, 0x01, 0x04, 0x62, 0x05,
0x01, 0x04, 0x04, 0x57, 0x4d, 0x07, 0x01, 0x06, 0x06, 0x5b, 0x06, 0x4e, 0x1b, 0x40, 0x23, 0x02,
0x01, 0x00, 0x00, 0x59, 0x4d, 0x00, 0x03, 0x03, 0x04, 0x62, 0x05, 0x01, 0x04, 0x04, 0x57, 0x4d,
0x00, 0x01, 0x01, 0x04, 0x61, 0x05, 0x01, 0x04, 0x04, 0x57, 0x4d, 0x07, 0x01, 0x06, 0x06, 0x5b,
0x06, 0x4e, 0x59, 0x40, 0x0f, 0x00, 0x00, 0x00, 0x1b, 0x00, 0x1b, 0x23, 0x21, 0x23, 0x13, 0x23,
0x11, 0x08, 0x0b, 0x1c, 0x2b, 0x13, 0x11, 0x21, 0x11, 0x14, 0x16, 0x33, 0x32, 0x36, 0x35, 0x11,
0x21, 0x11, 0x14, 0x16, 0x33, 0x33, 0x15, 0x23, 0x22, 0x27, 0x06, 0x06, 0x23, 0x22, 0x26, 0x27,
0x11, 0x8a, 0x01, 0x03, 0x85, 0x63, 0x63, 0x81, 0x01, 0x03, 0x2a, 0x32, 0x28, 0x61, 0xe0, 0x30,
0x29, 0x8e, 0x3e, 0x3b, 0x87, 0x2b, 0xfe, 0x5e, 0x06, 0x00, 0xfd, 0x66, 0x82, 0x7b, 0x7c, 0x81,
0x02, 0x9a, 0xfc, 0xc9, 0x2e, 0x28, 0xd1, 0xad, 0x63, 0x49, 0x40, 0x55, 0xfd, 0xc8, 0xff, 0xff,
0x00, 0x8a, 0xff, 0xf2, 0x04, 0x5c, 0x06, 0x1f, 0x02, 0x26, 0x00, 0x7b, 0x00, 0x00, 0x00, 0x07,
0x01, 0xbd, 0x00, 0xb0, 0x00, 0x00, 0xff, 0xff, 0x00, 0x8a, 0xff, 0xf2, 0x04, 0x5c, 0x06, 0x1f,
0x02, 0x26, 0x00, 0x7b, 0x00, 0x00, 0x00, 0x07, 0x01, 0xbc, 0x01, 0x67, 0x00, 0x00, 0xff, 0xff,
0x00, 0x8a, 0xff, 0xf2, 0x04, 0x5c, 0x06, 0x1f, 0x02, 0x26, 0x00, 0x7b, 0x00, 0x00, 0x00, 0x07,
0x02, 0x78, 0x00, 0xac, 0x00, 0x00, 0x00, 0x01, 0x00, 0x8a, 0xff, 0xee, 0x04, 0x5b, 0x04, 0x5e,
0x00, 0x11, 0x00, 0x24, 0x40, 0x21, 0x03, 0x01, 0x01, 0x01, 0x59, 0x4d, 0x00, 0x02, 0x02, 0x00,
0x61, 0x04, 0x01, 0x00, 0x00, 0x5d, 0x00, 0x4e, 0x01, 0x00, 0x0e, 0x0d, 0x0a, 0x08, 0x05, 0x04,
0x00, 0x11, 0x01, 0x11, 0x05, 0x0b, 0x16, 0x2b, 0x05, 0x22, 0x24, 0x35, 0x11, 0x21, 0x11, 0x14,
0x16, 0x33, 0x32, 0x36, 0x35, 0x11, 0x21, 0x11, 0x14, 0x04, 0x02, 0x72, 0xe5, 0xfe, 0xfd, 0x01,
0x04, 0x76, 0x6e, 0x6f, 0x76, 0x01, 0x04, 0xfe, 0xfd, 0x12, 0xee, 0xd5, 0x02, 0xad, 0xfd, 0x63,
0x78, 0x7d, 0x7d, 0x78, 0x02, 0x9d, 0xfd, 0x53, 0xd5, 0xee, 0xff, 0xff, 0x00, 0x8a, 0xff, 0xee,
0x04, 0x5b, 0x06, 0x1f, 0x02, 0x26, 0x00, 0x81, 0x00, 0x00, 0x00, 0x07, 0x01, 0xbc, 0x01, 0x67,
0x00, 0x00, 0xff, 0xff, 0x00, 0x8a, 0xff, 0xee, 0x04, 0x5b, 0x06, 0x1f, 0x02, 0x26, 0x00, 0x81,
0x00, 0x00, 0x00, 0x07, 0x02, 0x78, 0x00, 0xab, 0x00, 0x00, 0xff, 0xff, 0x00, 0x8a, 0xff, 0xee,
0x04, 0x5b, 0x06, 0x13, 0x02, 0x26, 0x00, 0x81, 0x00, 0x00, 0x00, 0x06, 0x02, 0x76, 0x00, 0x00,
0xff, 0xff, 0x00, 0x8a, 0xff, 0xee, 0x04, 0x5b, 0x06, 0x1f, 0x02, 0x26, 0x00, 0x81, 0x00, 0x00,
0x00, 0x07, 0x01, 0xbd, 0x00, 0xaf, 0x00, 0x00, 0x00, 0x01, 0x00, 0x27, 0x00, 0x00, 0x04, 0x8c,
0x04, 0x5e, 0x00, 0x0c, 0x00, 0x21, 0x40, 0x1e, 0x06, 0x01, 0x02, 0x00, 0x01, 0x4c, 0x01, 0x01,
0x00, 0x00, 0x59, 0x4d, 0x03, 0x01, 0x02, 0x02, 0x57, 0x02, 0x4e, 0x00, 0x00, 0x00, 0x0c, 0x00,
0x0c, 0x18, 0x11, 0x04, 0x0b, 0x18, 0x2b, 0x21, 0x01, 0x21, 0x13, 0x16, 0x16, 0x17, 0x36, 0x36,
0x37, 0x13, 0x21, 0x01, 0x01, 0xc7, 0xfe, 0x60, 0x01, 0x16, 0xcc, 0x19, 0x27, 0x13, 0x12, 0x26,
0x19, 0xcb, 0x01, 0x14, 0xfe, 0x5e, 0x04, 0x5e, 0xfd, 0xa0, 0x4a, 0x96, 0x4c, 0x4c, 0x96, 0x4a,
0x02, 0x60, 0xfb, 0xa2, 0x00, 0x01, 0x00, 0x2c, 0x00, 0x00, 0x06, 0x8b, 0x04, 0x5e, 0x00, 0x1e,
0x00, 0x27, 0x40, 0x24, 0x1a, 0x0f, 0x06, 0x03, 0x03, 0x00, 0x01, 0x4c, 0x02, 0x01, 0x02, 0x00,
0x00, 0x59, 0x4d, 0x05, 0x04, 0x02, 0x03, 0x03, 0x57, 0x03, 0x4e, 0x00, 0x00, 0x00, 0x1e, 0x00,
0x1e, 0x11, 0x18, 0x18, 0x11, 0x06, 0x0b, 0x1a, 0x2b, 0x21, 0x01, 0x21, 0x13, 0x16, 0x16, 0x17,
0x36, 0x36, 0x37, 0x13, 0x33, 0x13, 0x16, 0x16, 0x17, 0x36, 0x36, 0x37, 0x13, 0x21, 0x01, 0x21,
0x03, 0x26, 0x26, 0x27, 0x06, 0x06, 0x07, 0x03, 0x01, 0x79, 0xfe, 0xb3, 0x01, 0x12, 0x6e, 0x15,
0x33, 0x18, 0x18, 0x34, 0x18, 0x71, 0xf8, 0x6e, 0x16, 0x34, 0x19, 0x17, 0x31, 0x17, 0x6e, 0x01,
0x14, 0xfe, 0xb2, 0xfe, 0xf9, 0x83, 0x17, 0x2c, 0x15, 0x15, 0x2d, 0x16, 0x83, 0x04, 0x5e, 0xfe,
0x4a, 0x5c, 0xd7, 0x7f, 0x7c, 0xd7, 0x5f, 0x01, 0xb6, 0xfe, 0x4a, 0x5d, 0xd7, 0x7e, 0x7d, 0xd7,
0x5e, 0x01, 0xb6, 0xfb, 0xa2, 0x01, 0xc8, 0x50, 0xbd, 0x5e, 0x5e, 0xbe, 0x4f, 0xfe, 0x38, 0x00,
0x00, 0x01, 0x00, 0x32, 0x00, 0x00, 0x04, 0x5b, 0x04, 0x5e, 0x00, 0x17, 0x00, 0x26, 0x40, 0x23,
0x13, 0x0d, 0x07, 0x01, 0x04, 0x02, 0x00, 0x01, 0x4c, 0x01, 0x01, 0x00, 0x00, 0x59, 0x4d, 0x04,
0x03, 0x02, 0x02, 0x02, 0x57, 0x02, 0x4e, 0x00, 0x00, 0x00, 0x17, 0x00, 0x17, 0x12, 0x18, 0x12,
0x05, 0x0b, 0x19, 0x2b, 0x33, 0x01, 0x01, 0x21, 0x17, 0x16, 0x16, 0x17, 0x36, 0x36, 0x37, 0x37,
0x21, 0x01, 0x01, 0x21, 0x27, 0x26, 0x26, 0x27, 0x06, 0x06, 0x07, 0x07, 0x32, 0x01, 0x72, 0xfe,
0xa4, 0x01, 0x1e, 0x72, 0x21, 0x37, 0x1a, 0x1a, 0x36, 0x22, 0x76, 0x01, 0x18, 0xfe, 0x9e, 0x01,
0x73, 0xfe, 0xe4, 0x8a, 0x21, 0x37, 0x1a, 0x19, 0x34, 0x21, 0x8a, 0x02, 0x3e, 0x02, 0x20, 0xbe,
0x39, 0x6d, 0x34, 0x34, 0x6e, 0x38, 0xbe, 0xfd, 0xda, 0xfd, 0xc8, 0xe0, 0x37, 0x6b, 0x33, 0x33,
0x6b, 0x37, 0xe0, 0x00, 0x00, 0x01, 0x00, 0x27, 0xfe, 0x56, 0x04, 0x8e, 0x04, 0x5e, 0x00, 0x17,
0x00, 0x1e, 0x40, 0x1b, 0x0c, 0x06, 0x01, 0x00, 0x04, 0x02, 0x00, 0x01, 0x4c, 0x01, 0x01, 0x00,
0x00, 0x59, 0x4d, 0x00, 0x02, 0x02, 0x61, 0x02, 0x4e, 0x23, 0x18, 0x17, 0x03, 0x0b, 0x19, 0x2b,
0x13, 0x37, 0x17, 0x16, 0x36, 0x37, 0x37, 0x01, 0x21, 0x13, 0x16, 0x16, 0x17, 0x36, 0x36, 0x37,
0x13, 0x21, 0x01, 0x06, 0x06, 0x23, 0x22, 0x26, 0x7f, 0x3d, 0x1f, 0x58, 0x76, 0x14, 0x10, 0xfe,
0x5a, 0x01, 0x16, 0xcc, 0x18, 0x24, 0x10, 0x13, 0x27, 0x19, 0xd3, 0x01, 0x13, 0xfe, 0x20, 0x33,
0xb6, 0x98, 0x37, 0x5d, 0xfe, 0x71, 0xcb, 0x08, 0x18, 0x39, 0x60, 0x47, 0x04, 0x62, 0xfd, 0xa0,
0x49, 0x91, 0x49, 0x4a, 0x91, 0x48, 0x02, 0x60, 0xfb, 0x12, 0x86, 0x94, 0x10, 0x00, 0xff, 0xff,
0x00, 0x27, 0xfe, 0x56, 0x04, 0x8e, 0x06, 0x13, 0x02, 0x26, 0x00, 0x89, 0x00, 0x00, 0x00, 0x06,
0x02, 0x76, 0xea, 0x00, 0xff, 0xff, 0x00, 0x27, 0xfe, 0x56, 0x04, 0x8e, 0x06, 0x1f, 0x02, 0x26,
0x00, 0x89, 0x00, 0x00, 0x00, 0x07, 0x01, 0xbc, 0x01, 0x51, 0x00, 0x00, 0x00, 0x01, 0x00, 0x7a,
0x00, 0x00, 0x04, 0x0d, 0x04, 0x5e, 0x00, 0x0b, 0x00, 0x2f, 0x40, 0x2c, 0x07, 0x01, 0x00, 0x01,
0x01, 0x01, 0x03, 0x02, 0x02, 0x4c, 0x00, 0x00, 0x00, 0x01, 0x5f, 0x00, 0x01, 0x01, 0x59, 0x4d,
0x00, 0x02, 0x02, 0x03, 0x5f, 0x04, 0x01, 0x03, 0x03, 0x57, 0x03, 0x4e, 0x00, 0x00, 0x00, 0x0b,
0x00, 0x0b, 0x22, 0x11, 0x22, 0x05, 0x0b, 0x19, 0x2b, 0x33, 0x35, 0x01, 0x35, 0x21, 0x35, 0x21,
0x15, 0x01, 0x15, 0x21, 0x15, 0x7a, 0x02, 0x41, 0xfd, 0xd1, 0x03, 0x6e, 0xfd, 0xda, 0x02, 0x39,
0xa6, 0x02, 0xd6, 0x09, 0xd9, 0xb4, 0xfd, 0x38, 0x09, 0xd9, 0x00, 0x02, 0x00, 0x8f, 0x00, 0x00,
0x04, 0xa3, 0x05, 0xd2, 0x00, 0x0e, 0x00, 0x17, 0x00, 0x27, 0x40, 0x24, 0x00, 0x01, 0x00, 0x05,
0x04, 0x01, 0x05, 0x67, 0x00, 0x04, 0x00, 0x02, 0x03, 0x04, 0x02, 0x67, 0x00, 0x00, 0x00, 0x56,
0x4d, 0x00, 0x03, 0x03, 0x57, 0x03, 0x4e, 0x24, 0x21, 0x11, 0x26, 0x21, 0x10, 0x06, 0x0b, 0x1c,
0x2b, 0x13, 0x21, 0x11, 0x17, 0x32, 0x16, 0x16, 0x15, 0x14, 0x06, 0x06, 0x23, 0x23, 0x11, 0x21,
0x01, 0x33, 0x32, 0x36, 0x35, 0x34, 0x26, 0x23, 0x23, 0x8f, 0x01, 0x0d, 0xf2, 0xac, 0xee, 0x7b,
0x7b, 0xee, 0xac, 0xf2, 0xfe, 0xf3, 0x01, 0x0d, 0xf2, 0x8e, 0x89, 0x89, 0x8e, 0xf2, 0x05, 0xd2,
0xfe, 0xe3, 0x01, 0x76, 0xc9, 0x7e, 0x7f, 0xc9, 0x75, 0xfe, 0xc6, 0x02, 0x0f, 0x80, 0x64, 0x65,
0x86, 0x00, 0x00, 0x02, 0x00, 0x59, 0xff, 0xe8, 0x04, 0x67, 0x06, 0x27, 0x00, 0x21, 0x00, 0x2f,
0x00, 0x36, 0x40, 0x33, 0x13, 0x01, 0x03, 0x01, 0x01, 0x4c, 0x21, 0x20, 0x1d, 0x1c, 0x1a, 0x19,
0x18, 0x17, 0x01, 0x09, 0x01, 0x4a, 0x00, 0x01, 0x00, 0x03, 0x02, 0x01, 0x03, 0x69, 0x04, 0x01,
0x02, 0x02, 0x00, 0x61, 0x00, 0x00, 0x00, 0x60, 0x00, 0x4e, 0x23, 0x22, 0x2a, 0x28, 0x22, 0x2f,
0x23, 0x2f, 0x26, 0x27, 0x05, 0x0b, 0x18, 0x2b, 0x01, 0x07, 0x16, 0x12, 0x15, 0x14, 0x02, 0x06,
0x23, 0x22, 0x26, 0x26, 0x35, 0x34, 0x36, 0x36, 0x33, 0x32, 0x16, 0x17, 0x33, 0x26, 0x26, 0x27,
0x05, 0x27, 0x37, 0x26, 0x27, 0x37, 0x16, 0x16, 0x17, 0x25, 0x01, 0x32, 0x36, 0x35, 0x34, 0x26,
0x26, 0x23, 0x22, 0x06, 0x15, 0x14, 0x16, 0x16, 0x03, 0xbe, 0xb3, 0x98, 0xc4, 0x80, 0xea, 0xa0,
0x9c, 0xe8, 0x80, 0x74, 0xcc, 0x83, 0x6f, 0x95, 0x28, 0x10, 0x24, 0x83, 0x5c, 0xfe, 0xdd, 0x1e,
0xcf, 0x5e, 0x6a, 0x2f, 0x57, 0xac, 0x4f, 0x01, 0x03, 0xfe, 0xc3, 0x83, 0x8d, 0x39, 0x78, 0x5f,
0x87, 0x86, 0x3a, 0x77, 0x05, 0x7f, 0x59, 0x88, 0xfe, 0x83, 0xee, 0xb5, 0xfe, 0xf9, 0x8f, 0x88,
0xf2, 0x9e, 0x98, 0xee, 0x89, 0x60, 0x39, 0x56, 0xaf, 0x4f, 0x91, 0x81, 0x68, 0x3f, 0x30, 0x96,
0x1c, 0x55, 0x38, 0x82, 0xfa, 0xb8, 0xbb, 0x91, 0x59, 0x9f, 0x63, 0xc5, 0x8f, 0x5d, 0x9a, 0x5c,
0x00, 0x03, 0x00, 0x5f, 0xff, 0x32, 0x04, 0xd5, 0x06, 0xa0, 0x00, 0x26, 0x00, 0x2d, 0x00, 0x34,
0x00, 0x4c, 0x40, 0x49, 0x11, 0x01, 0x03, 0x02, 0x2f, 0x1c, 0x02, 0x04, 0x03, 0x2e, 0x2d, 0x1d,
0x09, 0x04, 0x01, 0x04, 0x27, 0x08, 0x02, 0x00, 0x01, 0x04, 0x4c, 0x00, 0x04, 0x03, 0x01, 0x03,
0x04, 0x01, 0x80, 0x00, 0x01, 0x00, 0x03, 0x01, 0x00, 0x7e, 0x00, 0x02, 0x07, 0x01, 0x06, 0x02,
0x06, 0x63, 0x00, 0x03, 0x03, 0x5c, 0x4d, 0x05, 0x01, 0x00, 0x00, 0x5d, 0x00, 0x4e, 0x00, 0x00,
0x00, 0x26, 0x00, 0x26, 0x1b, 0x13, 0x11, 0x1d, 0x12, 0x11, 0x08, 0x0b, 0x1c, 0x2b, 0x05, 0x35,
0x26, 0x24, 0x27, 0x21, 0x16, 0x16, 0x17, 0x11, 0x27, 0x26, 0x26, 0x35, 0x34, 0x36, 0x36, 0x37,
0x35, 0x33, 0x15, 0x1e, 0x02, 0x17, 0x21, 0x26, 0x26, 0x27, 0x11, 0x17, 0x1e, 0x02, 0x15, 0x14,
0x04, 0x07, 0x15, 0x11, 0x36, 0x36, 0x35, 0x34, 0x26, 0x27, 0x03, 0x11, 0x06, 0x06, 0x15, 0x14,
0x16, 0x02, 0x64, 0xe9, 0xfe, 0xec, 0x08, 0x01, 0x07, 0x08, 0x8e, 0x68, 0x50, 0xbb, 0xd1, 0x7b,
0xd7, 0x8a, 0x78, 0x91, 0xd7, 0x7a, 0x03, 0xfe, 0xfd, 0x09, 0x78, 0x61, 0x43, 0x6e, 0xc9, 0x7f,
0xfe, 0xf7, 0xf0, 0x6b, 0x83, 0x82, 0x6c, 0x78, 0x61, 0x6d, 0x7f, 0xce, 0xb9, 0x0e, 0xed, 0xd0,
0x68, 0x72, 0x0c, 0x01, 0xba, 0x15, 0x30, 0xc2, 0x9e, 0x7a, 0xbc, 0x72, 0x0c, 0xbd, 0xbc, 0x09,
0x72, 0xba, 0x75, 0x54, 0x66, 0x0c, 0xfe, 0x5f, 0x11, 0x1b, 0x65, 0xaa, 0x82, 0xb9, 0xf0, 0x0e,
0xb9, 0x01, 0x9f, 0x0d, 0x72, 0x54, 0x52, 0x57, 0x1d, 0x01, 0x14, 0x01, 0x81, 0x0e, 0x68, 0x4a,
0x52, 0x57, 0x00, 0x02, 0x00, 0x59, 0x00, 0x00, 0x04, 0x54, 0x05, 0xd2, 0x00, 0x1c, 0x00, 0x23,
0x00, 0x2a, 0x40, 0x27, 0x1e, 0x1d, 0x1b, 0x18, 0x17, 0x14, 0x13, 0x10, 0x0f, 0x0c, 0x09, 0x01,
0x0c, 0x01, 0x00, 0x01, 0x4c, 0x00, 0x00, 0x00, 0x56, 0x4d, 0x02, 0x01, 0x01, 0x01, 0x57, 0x01,
0x4e, 0x00, 0x00, 0x00, 0x1c, 0x00, 0x1c, 0x1a, 0x03, 0x0b, 0x17, 0x2b, 0x21, 0x35, 0x2e, 0x02,
0x35, 0x34, 0x36, 0x36, 0x37, 0x35, 0x33, 0x15, 0x16, 0x16, 0x17, 0x07, 0x26, 0x26, 0x27, 0x11,
0x36, 0x36, 0x37, 0x17, 0x06, 0x06, 0x07, 0x15, 0x03, 0x11, 0x06, 0x06, 0x15, 0x14, 0x16, 0x02,
0x2e, 0x90, 0xd3, 0x72, 0x72, 0xd3, 0x90, 0x76, 0xa7, 0xe5, 0x21, 0xf3, 0x12, 0x5f, 0x49, 0x4b,
0x60, 0x12, 0xf3, 0x22, 0xe5, 0xa9, 0x76, 0x66, 0x66, 0x66, 0xab, 0x0e, 0x96, 0xf8, 0xa0, 0xa2,
0xf9, 0x96, 0x0f, 0xab, 0xaa, 0x0d, 0xb8, 0x98, 0x33, 0x4a, 0x63, 0x0d, 0xfd, 0x2d, 0x0e, 0x66,
0x4e, 0x33, 0x9b, 0xbc, 0x0d, 0xaa, 0x01, 0x83, 0x02, 0xcc, 0x1a, 0xc5, 0x88, 0x86, 0xc5, 0x00,
0x00, 0x01, 0x00, 0x1e, 0x00, 0x00, 0x04, 0x66, 0x05, 0xd2, 0x00, 0x16, 0x00, 0x3e, 0x40, 0x3b,
0x01, 0x01, 0x01, 0x00, 0x01, 0x4c, 0x09, 0x01, 0x01, 0x08, 0x01, 0x02, 0x03, 0x01, 0x02, 0x68,
0x07, 0x01, 0x03, 0x06, 0x01, 0x04, 0x05, 0x03, 0x04, 0x67, 0x0b, 0x0a, 0x02, 0x00, 0x00, 0x56,
0x4d, 0x00, 0x05, 0x05, 0x57, 0x05, 0x4e, 0x00, 0x00, 0x00, 0x16, 0x00, 0x16, 0x15, 0x14, 0x11,
0x11, 0x11, 0x11, 0x11, 0x11, 0x11, 0x11, 0x12, 0x0c, 0x0b, 0x1f, 0x2b, 0x09, 0x02, 0x21, 0x01,
0x33, 0x15, 0x21, 0x15, 0x21, 0x15, 0x21, 0x11, 0x21, 0x11, 0x21, 0x35, 0x21, 0x35, 0x21, 0x35,
0x33, 0x01, 0x01, 0x35, 0x01, 0x0c, 0x01, 0x0d, 0x01, 0x18, 0xfe, 0xa6, 0xe9, 0xfe, 0xce, 0x01,
0x32, 0xfe, 0xce, 0xfe, 0xf8, 0xfe, 0xbf, 0x01, 0x41, 0xfe, 0xbf, 0xfc, 0xfe, 0xa8, 0x05, 0xd2,
0xfd, 0x8d, 0x02, 0x73, 0xfd, 0x25, 0xa3, 0x7d, 0xa3, 0xfe, 0xcc, 0x01, 0x34, 0xa3, 0x7d, 0xa3,
0x02, 0xdb, 0x00, 0x01, 0x00, 0x63, 0x00, 0x00, 0x04, 0xaa, 0x05, 0xe7, 0x00, 0x27, 0x00, 0x79,
0xb6, 0x11, 0x10, 0x02, 0x02, 0x04, 0x01, 0x4c, 0x4b, 0xb0, 0x15, 0x50, 0x58, 0x40, 0x28, 0x00,
0x08, 0x01, 0x00, 0x00, 0x08, 0x72, 0x05, 0x01, 0x02, 0x06, 0x01, 0x01, 0x08, 0x02, 0x01, 0x67,
0x00, 0x04, 0x04, 0x03, 0x61, 0x00, 0x03, 0x03, 0x5c, 0x4d, 0x07, 0x01, 0x00, 0x00, 0x09, 0x60,
0x0a, 0x01, 0x09, 0x09, 0x57, 0x09, 0x4e, 0x1b, 0x40, 0x29, 0x00, 0x08, 0x01, 0x00, 0x01, 0x08,
0x00, 0x80, 0x05, 0x01, 0x02, 0x06, 0x01, 0x01, 0x08, 0x02, 0x01, 0x67, 0x00, 0x04, 0x04, 0x03,
0x61, 0x00, 0x03, 0x03, 0x5c, 0x4d, 0x07, 0x01, 0x00, 0x00, 0x09, 0x60, 0x0a, 0x01, 0x09, 0x09,
0x57, 0x09, 0x4e, 0x59, 0x40, 0x12, 0x00, 0x00, 0x00, 0x27, 0x00, 0x26, 0x12, 0x24, 0x11, 0x13,
0x25, 0x24, 0x11, 0x12, 0x21, 0x0b, 0x0b, 0x1f, 0x2b, 0x33, 0x35, 0x33, 0x32, 0x27, 0x03, 0x23,
0x35, 0x33, 0x27, 0x26, 0x36, 0x36, 0x33, 0x32, 0x16, 0x17, 0x07, 0x26, 0x26, 0x23, 0x22, 0x06,
0x17, 0x17, 0x21, 0x15, 0x21, 0x17, 0x16, 0x06, 0x07, 0x21, 0x32, 0x35, 0x35, 0x33, 0x15, 0x10,
0x21, 0x63, 0x01, 0xad, 0x07, 0x0b, 0x9c, 0x94, 0x08, 0x07, 0x77, 0xde, 0x92, 0xb8, 0xff, 0x1d,
0xf5, 0x11, 0x6e, 0x5c, 0x7a, 0x72, 0x04, 0x06, 0x01, 0xa7, 0xfe, 0x5f, 0x08, 0x02, 0x50, 0x3a,
0x02, 0x00, 0x40, 0xf3, 0xfe, 0xd1, 0xe1, 0xab, 0x01, 0x04, 0xb2, 0xb9, 0x95, 0xdd, 0x7a, 0xd3,
0xb4, 0x26, 0x61, 0x6b, 0x8c, 0x73, 0xc5, 0xb2, 0xe5, 0x50, 0x60, 0x1a, 0x41, 0x3a, 0x35, 0xfe,
0xd9, 0x00, 0x00, 0x02, 0x00, 0x67, 0xff, 0xec, 0x04, 0xe0, 0x05, 0xe6, 0x00, 0x0b, 0x00, 0x17,
0x00, 0x2d, 0x40, 0x2a, 0x00, 0x03, 0x03, 0x01, 0x61, 0x00, 0x01, 0x01, 0x5c, 0x4d, 0x05, 0x01,
0x02, 0x02, 0x00, 0x61, 0x04, 0x01, 0x00, 0x00, 0x5d, 0x00, 0x4e, 0x0d, 0x0c, 0x01, 0x00, 0x13,
0x11, 0x0c, 0x17, 0x0d, 0x17, 0x07, 0x05, 0x00, 0x0b, 0x01, 0x0b, 0x06, 0x0b, 0x16, 0x2b, 0x05,
0x20, 0x00, 0x11, 0x10, 0x00, 0x21, 0x20, 0x00, 0x11, 0x10, 0x00, 0x25, 0x32, 0x12, 0x11, 0x10,
0x02, 0x23, 0x22, 0x02, 0x11, 0x10, 0x12, 0x02, 0xa4, 0xfe, 0xf0, 0xfe, 0xd3, 0x01, 0x2e, 0x01,
0x0f, 0x01, 0x0e, 0x01, 0x2e, 0xfe, 0xd3, 0xfe, 0xf1, 0x92, 0x9d, 0x9d, 0x92, 0x92, 0x9e, 0x9d,
0x14, 0x01, 0x91, 0x01, 0x6b, 0x01, 0x6a, 0x01, 0x94, 0xfe, 0x6c, 0xfe, 0x96, 0xfe, 0x95, 0xfe,
0x6f, 0xe0, 0x01, 0x1a, 0x01, 0x02, 0x01, 0x03, 0x01, 0x1c, 0xfe, 0xe3, 0xfe, 0xfe, 0xfe, 0xfe,
0xfe, 0xe6, 0x00, 0x01, 0x00, 0x5e, 0x00, 0x00, 0x02, 0xcd, 0x05, 0xd2, 0x00, 0x07, 0x00, 0x21,
0x40, 0x1e, 0x06, 0x05, 0x03, 0x03, 0x00, 0x01, 0x01, 0x4c, 0x02, 0x01, 0x01, 0x01, 0x56, 0x4d,
0x00, 0x00, 0x00, 0x57, 0x00, 0x4e, 0x00, 0x00, 0x00, 0x07, 0x00, 0x07, 0x11, 0x03, 0x0b, 0x17,
0x2b, 0x01, 0x11, 0x21, 0x11, 0x23, 0x05, 0x35, 0x25, 0x02, 0xcd, 0xfe, 0xf7, 0x0a, 0xfe, 0xa4,
0x01, 0x47, 0x05, 0xd2, 0xfa, 0x2e, 0x04, 0xe4, 0xfa, 0xfe, 0xea, 0x00, 0x00, 0x01, 0x00, 0x7e,
0x00, 0x00, 0x04, 0x81, 0x05, 0xe6, 0x00, 0x1c, 0x00, 0x34, 0x40, 0x31, 0x01, 0x01, 0x04, 0x03,
0x01, 0x4c, 0x00, 0x01, 0x00, 0x03, 0x00, 0x01, 0x03, 0x80, 0x00, 0x00, 0x00, 0x02, 0x61, 0x00,
0x02, 0x02, 0x5c, 0x4d, 0x00, 0x03, 0x03, 0x04, 0x5f, 0x05, 0x01, 0x04, 0x04, 0x57, 0x04, 0x4e,
0x00, 0x00, 0x00, 0x1c, 0x00, 0x1c, 0x28, 0x23, 0x12, 0x27, 0x06, 0x0b, 0x1a, 0x2b, 0x33, 0x35,
0x01, 0x36, 0x36, 0x35, 0x34, 0x26, 0x23, 0x22, 0x06, 0x15, 0x23, 0x34, 0x36, 0x36, 0x33, 0x32,
0x16, 0x16, 0x15, 0x14, 0x06, 0x06, 0x07, 0x01, 0x15, 0x21, 0x15, 0x86, 0x02, 0x05, 0x6d, 0x72,
0x8d, 0x6a, 0x70, 0x86, 0xff, 0x81, 0xe4, 0x93, 0x95, 0xe2, 0x7e, 0x3f, 0xa0, 0x91, 0xfe, 0xfd,
0x02, 0x89, 0xc0, 0x01, 0xfd, 0x6f, 0x9e, 0x5f, 0x69, 0x7a, 0x85, 0x73, 0x8d, 0xd2, 0x73, 0x70,
0xc3, 0x7d, 0x52, 0xa0, 0xc6, 0x8c, 0xfe, 0xf8, 0x0b, 0xdf, 0x00, 0x01, 0x00, 0x6b, 0xff, 0xec,
0x04, 0xb0, 0x05, 0xe6, 0x00, 0x2d, 0x00, 0x4e, 0x40, 0x4b, 0x26, 0x01, 0x03, 0x04, 0x01, 0x4c,
0x00, 0x06, 0x05, 0x04, 0x05, 0x06, 0x04, 0x80, 0x00, 0x01, 0x03, 0x02, 0x03, 0x01, 0x02, 0x80,
0x00, 0x04, 0x00, 0x03, 0x01, 0x04, 0x03, 0x69, 0x00, 0x05, 0x05, 0x07, 0x61, 0x00, 0x07, 0x07,
0x5c, 0x4d, 0x00, 0x02, 0x02, 0x00, 0x61, 0x08, 0x01, 0x00, 0x00, 0x5d, 0x00, 0x4e, 0x01, 0x00,
0x20, 0x1e, 0x1b, 0x1a, 0x18, 0x16, 0x12, 0x10, 0x0f, 0x0d, 0x09, 0x07, 0x05, 0x04, 0x00, 0x2d,
0x01, 0x2d, 0x09, 0x0b, 0x16, 0x2b, 0x05, 0x22, 0x26, 0x26, 0x27, 0x21, 0x16, 0x16, 0x33, 0x32,
0x36, 0x35, 0x34, 0x26, 0x23, 0x23, 0x35, 0x33, 0x32, 0x36, 0x35, 0x34, 0x26, 0x23, 0x22, 0x06,
0x07, 0x21, 0x3e, 0x02, 0x33, 0x32, 0x16, 0x16, 0x15, 0x14, 0x06, 0x07, 0x15, 0x16, 0x16, 0x15,
0x14, 0x06, 0x06, 0x02, 0x8b, 0x9d, 0xf3, 0x8c, 0x04, 0x01, 0x0d, 0x06, 0x9c, 0x71, 0x78, 0x9a,
0x9f, 0x8e, 0x84, 0x84, 0x74, 0x92, 0x7f, 0x69, 0x67, 0x99, 0x03, 0xfe, 0xff, 0x02, 0x8b, 0xe9,
0x90, 0x95, 0xdc, 0x79, 0x94, 0x79, 0x9c, 0xa7, 0x8e, 0xf8, 0x14, 0x6b, 0xc0, 0x7d, 0x5c, 0x6c,
0x7c, 0x63, 0x66, 0x81, 0xce, 0x78, 0x62, 0x5f, 0x73, 0x6c, 0x5f, 0x7c, 0xbe, 0x6b, 0x70, 0xbb,
0x71, 0x7e, 0xaa, 0x1b, 0x0c, 0x16, 0xbc, 0x8c, 0x7d, 0xc4, 0x70, 0x00, 0x00, 0x02, 0x00, 0x6b,
0x00, 0x00, 0x04, 0xf0, 0x05, 0xd2, 0x00, 0x0a, 0x00, 0x0f, 0x00, 0x37, 0x40, 0x34, 0x0c, 0x01,
0x01, 0x00, 0x01, 0x01, 0x02, 0x01, 0x02, 0x4c, 0x07, 0x05, 0x02, 0x01, 0x06, 0x04, 0x02, 0x02,
0x03, 0x01, 0x02, 0x68, 0x00, 0x00, 0x00, 0x56, 0x4d, 0x00, 0x03, 0x03, 0x57, 0x03, 0x4e, 0x0b,
0x0b, 0x00, 0x00, 0x0b, 0x0f, 0x0b, 0x0e, 0x00, 0x0a, 0x00, 0x0a, 0x11, 0x11, 0x11, 0x12, 0x08,
0x0b, 0x1a, 0x2b, 0x13, 0x35, 0x01, 0x21, 0x11, 0x33, 0x15, 0x23, 0x11, 0x21, 0x11, 0x37, 0x11,
0x23, 0x01, 0x15, 0x6b, 0x02, 0x79, 0x01, 0x4c, 0xc0, 0xc0, 0xff, 0x00, 0x05, 0x0c, 0xfe, 0x53,
0x01, 0x15, 0xd5, 0x03, 0xe8, 0xfc, 0x1f, 0xdc, 0xfe, 0xeb, 0x01, 0x15, 0xdc, 0x02, 0xb1, 0xfd,
0x5b, 0x0c, 0x00, 0x01, 0x00, 0x69, 0xff, 0xec, 0x04, 0x7f, 0x05, 0xd2, 0x00, 0x22, 0x00, 0x49,
0x40, 0x46, 0x17, 0x01, 0x03, 0x06, 0x12, 0x11, 0x02, 0x01, 0x03, 0x02, 0x4c, 0x00, 0x01, 0x03,
0x02, 0x03, 0x01, 0x02, 0x80, 0x00, 0x06, 0x00, 0x03, 0x01, 0x06, 0x03, 0x69, 0x00, 0x05, 0x05,
0x04, 0x5f, 0x00, 0x04, 0x04, 0x56, 0x4d, 0x00, 0x02, 0x02, 0x00, 0x61, 0x07, 0x01, 0x00, 0x00,
0x5d, 0x00, 0x4e, 0x01, 0x00, 0x1c, 0x1a, 0x16, 0x15, 0x14, 0x13, 0x0f, 0x0d, 0x09, 0x07, 0x05,
0x04, 0x00, 0x22, 0x01, 0x22, 0x08, 0x0b, 0x16, 0x2b, 0x05, 0x22, 0x26, 0x26, 0x27, 0x21, 0x16,
0x16, 0x33, 0x32, 0x36, 0x35, 0x34, 0x26, 0x23, 0x22, 0x06, 0x07, 0x27, 0x13, 0x21, 0x15, 0x21,
0x03, 0x33, 0x36, 0x36, 0x33, 0x32, 0x16, 0x16, 0x15, 0x14, 0x06, 0x06, 0x02, 0x6a, 0x92, 0xe5,
0x86, 0x04, 0x01, 0x04, 0x05, 0x92, 0x66, 0x77, 0x9b, 0x9f, 0x7b, 0x44, 0x81, 0x26, 0xf2, 0x4e,
0x03, 0x5e, 0xfd, 0x7f, 0x2a, 0x08, 0x2a, 0x97, 0x5a, 0x87, 0xd5, 0x7a, 0x88, 0xf0, 0x14, 0x6e,
0xbf, 0x7b, 0x5c, 0x73, 0xa0, 0x7e, 0x7f, 0xa5, 0x33, 0x29, 0x27, 0x03, 0x00, 0xe0, 0xfe, 0x74,
0x31, 0x3f, 0x7f, 0xdf, 0x8f, 0x94, 0xe6, 0x83, 0x00, 0x02, 0x00, 0x67, 0xff, 0xec, 0x04, 0xb7,
0x05, 0xe6, 0x00, 0x1f, 0x00, 0x2f, 0x00, 0x49, 0x40, 0x46, 0x14, 0x01, 0x05, 0x06, 0x01, 0x4c,
0x00, 0x02, 0x03, 0x04, 0x03, 0x02, 0x04, 0x80, 0x00, 0x04, 0x00, 0x06, 0x05, 0x04, 0x06, 0x69,
0x00, 0x03, 0x03, 0x01, 0x61, 0x00, 0x01, 0x01, 0x5c, 0x4d, 0x08, 0x01, 0x05, 0x05, 0x00, 0x61,
0x07, 0x01, 0x00, 0x00, 0x5d, 0x00, 0x4e, 0x21, 0x20, 0x01, 0x00, 0x29, 0x27, 0x20, 0x2f, 0x21,
0x2f, 0x19, 0x17, 0x12, 0x10, 0x0e, 0x0d, 0x0a, 0x08, 0x00, 0x1f, 0x01, 0x1f, 0x09, 0x0b, 0x16,
0x2b, 0x05, 0x22, 0x26, 0x26, 0x02, 0x35, 0x34, 0x12, 0x24, 0x33, 0x32, 0x16, 0x16, 0x17, 0x21,
0x26, 0x26, 0x23, 0x22, 0x02, 0x15, 0x33, 0x36, 0x36, 0x33, 0x32, 0x16, 0x16, 0x15, 0x14, 0x06,
0x06, 0x27, 0x32, 0x36, 0x36, 0x35, 0x34, 0x26, 0x26, 0x23, 0x22, 0x06, 0x06, 0x15, 0x14, 0x16,
0x16, 0x02, 0x9f, 0x6b, 0xca, 0xa3, 0x60, 0x8f, 0x01, 0x06, 0xb3, 0x8b, 0xd8, 0x87, 0x10, 0xfe,
0xfa, 0x15, 0x7e, 0x61, 0x9c, 0xa8, 0x0b, 0x36, 0xc5, 0x78, 0x83, 0xd1, 0x7a, 0x86, 0xf1, 0xa2,
0x4f, 0x7e, 0x49, 0x47, 0x7d, 0x4f, 0x4f, 0x7f, 0x4a, 0x48, 0x7d, 0x14, 0x49, 0xa6, 0x01, 0x16,
0xcd, 0xff, 0x01, 0x69, 0xc0, 0x6e, 0xbe, 0x79, 0x55, 0x69, 0xfe, 0xf2, 0xed, 0x61, 0x6d, 0x7d,
0xdc, 0x8d, 0x93, 0xe7, 0x86, 0xd9, 0x4d, 0x83, 0x52, 0x50, 0x82, 0x4c, 0x4f, 0x83, 0x4d, 0x4f,
0x83, 0x4f, 0x00, 0x01, 0x00, 0x53, 0x00, 0x00, 0x04, 0x49, 0x05, 0xd2, 0x00, 0x07, 0x00, 0x25,
0x40, 0x22, 0x06, 0x01, 0x02, 0x00, 0x01, 0x4c, 0x00, 0x00, 0x00, 0x01, 0x5f, 0x00, 0x01, 0x01,
0x56, 0x4d, 0x03, 0x01, 0x02, 0x02, 0x57, 0x02, 0x4e, 0x00, 0x00, 0x00, 0x07, 0x00, 0x07, 0x11,
0x21, 0x04, 0x0b, 0x18, 0x2b, 0x33, 0x01, 0x35, 0x21, 0x35, 0x21, 0x15, 0x01, 0xb9, 0x02, 0x7a,
0xfd, 0x20, 0x03, 0xf6, 0xfd, 0x86, 0x04, 0xe8, 0x0a, 0xe0, 0xe6, 0xfb, 0x14, 0x00, 0x00, 0x03,
0x00, 0x67, 0xff, 0xec, 0x04, 0xb8, 0x05, 0xe6, 0x00, 0x1f, 0x00, 0x2b, 0x00, 0x37, 0x00, 0x45,
0x40, 0x42, 0x17, 0x08, 0x02, 0x03, 0x04, 0x01, 0x4c, 0x08, 0x01, 0x04, 0x00, 0x03, 0x02, 0x04,
0x03, 0x69, 0x00, 0x05, 0x05, 0x01, 0x61, 0x00, 0x01, 0x01, 0x5c, 0x4d, 0x07, 0x01, 0x02, 0x02,
0x00, 0x61, 0x06, 0x01, 0x00, 0x00, 0x5d, 0x00, 0x4e, 0x2d, 0x2c, 0x21, 0x20, 0x01, 0x00, 0x33,
0x31, 0x2c, 0x37, 0x2d, 0x37, 0x27, 0x25, 0x20, 0x2b, 0x21, 0x2b, 0x11, 0x0f, 0x00, 0x1f, 0x01,
0x1f, 0x09, 0x0b, 0x16, 0x2b, 0x05, 0x22, 0x26, 0x26, 0x35, 0x34, 0x36, 0x36, 0x37, 0x35, 0x26,
0x26, 0x35, 0x34, 0x36, 0x36, 0x33, 0x32, 0x16, 0x16, 0x15, 0x14, 0x06, 0x07, 0x15, 0x1e, 0x02,
0x15, 0x14, 0x06, 0x06, 0x27, 0x32, 0x36, 0x35, 0x34, 0x26, 0x23, 0x22, 0x06, 0x15, 0x14, 0x16,
0x13, 0x32, 0x36, 0x35, 0x34, 0x26, 0x23, 0x22, 0x06, 0x15, 0x14, 0x16, 0x02, 0x8f, 0xa2, 0xf9,
0x8d, 0x52, 0x8d, 0x58, 0x73, 0x8e, 0x81, 0xe1, 0x90, 0x8f, 0xe1, 0x82, 0x8f, 0x71, 0x56, 0x8d,
0x54, 0x8e, 0xfa, 0xa1, 0x7e, 0x97, 0x9e, 0x77, 0x79, 0x9d, 0x97, 0x7f, 0x67, 0x86, 0x84, 0x69,
0x6a, 0x83, 0x85, 0x14, 0x6c, 0xbe, 0x79, 0x5d, 0x9e, 0x6a, 0x0f, 0x09, 0x1a, 0xb8, 0x79, 0x73,
0xb4, 0x68, 0x68, 0xb4, 0x73, 0x79, 0xb8, 0x1a, 0x09, 0x0f, 0x6a, 0x9e, 0x5d, 0x79, 0xbe, 0x6c,
0xce, 0x80, 0x68, 0x6b, 0x8a, 0x8a, 0x6b, 0x68, 0x80, 0x02, 0xa7, 0x7a, 0x62, 0x61, 0x76, 0x76,
0x61, 0x61, 0x7b, 0x00, 0x00, 0x02, 0x00, 0x67, 0xff, 0xeb, 0x04, 0xb7, 0x05, 0xe9, 0x00, 0x1f,
0x00, 0x2f, 0x00, 0x49, 0x40, 0x46, 0x0b, 0x01, 0x05, 0x06, 0x01, 0x4c, 0x00, 0x01, 0x03, 0x02,
0x03, 0x01, 0x02, 0x80, 0x08, 0x01, 0x05, 0x00, 0x03, 0x01, 0x05, 0x03, 0x69, 0x00, 0x06, 0x06,
0x04, 0x61, 0x00, 0x04, 0x04, 0x5c, 0x4d, 0x00, 0x02, 0x02, 0x00, 0x61, 0x07, 0x01, 0x00, 0x00,
0x5d, 0x00, 0x4e, 0x21, 0x20, 0x01, 0x00, 0x29, 0x27, 0x20, 0x2f, 0x21, 0x2f, 0x18, 0x16, 0x10,
0x0e, 0x09, 0x07, 0x05, 0x04, 0x00, 0x1f, 0x01, 0x1f, 0x09, 0x0b, 0x16, 0x2b, 0x05, 0x22, 0x26,
0x26, 0x27, 0x21, 0x16, 0x16, 0x33, 0x32, 0x12, 0x35, 0x23, 0x06, 0x06, 0x23, 0x22, 0x26, 0x26,
0x35, 0x34, 0x36, 0x36, 0x17, 0x1e, 0x02, 0x12, 0x15, 0x10, 0x02, 0x04, 0x03, 0x32, 0x36, 0x36,
0x35, 0x34, 0x26, 0x26, 0x23, 0x22, 0x06, 0x06, 0x15, 0x14, 0x16, 0x16, 0x02, 0x71, 0x8c, 0xda,
0x86, 0x10, 0x01, 0x08, 0x14, 0x7e, 0x62, 0x9b, 0xa8, 0x0a, 0x36, 0xc5, 0x79, 0x83, 0xd1, 0x7b,
0x87, 0xf3, 0xa1, 0x69, 0xca, 0xa2, 0x60, 0x8f, 0xfe, 0xfb, 0xa6, 0x50, 0x7f, 0x4b, 0x48, 0x7e,
0x50, 0x4f, 0x7e, 0x49, 0x47, 0x7c, 0x15, 0x6e, 0xc0, 0x7a, 0x56, 0x6b, 0x01, 0x0f, 0xee, 0x5f,
0x6f, 0x7d, 0xdc, 0x8c, 0x93, 0xea, 0x86, 0x02, 0x01, 0x49, 0xa6, 0xfe, 0xeb, 0xcd, 0xff, 0x00,
0xfe, 0x96, 0xc0, 0x02, 0xe3, 0x4f, 0x84, 0x4e, 0x4c, 0x83, 0x4f, 0x4d, 0x83, 0x51, 0x51, 0x81,
0x4c, 0x00, 0x00, 0x03, 0x00, 0x67, 0xff, 0xec, 0x04, 0xe0, 0x05, 0xe6, 0x00, 0x0b, 0x00, 0x13,
0x00, 0x1b, 0x00, 0x35, 0x40, 0x32, 0x15, 0x12, 0x11, 0x03, 0x02, 0x03, 0x01, 0x4c, 0x00, 0x03,
0x03, 0x01, 0x61, 0x00, 0x01, 0x01, 0x5c, 0x4d, 0x05, 0x01, 0x02, 0x02, 0x00, 0x61, 0x04, 0x01,
0x00, 0x00, 0x5d, 0x00, 0x4e, 0x0d, 0x0c, 0x01, 0x00, 0x18, 0x16, 0x0c, 0x13, 0x0d, 0x13, 0x07,
0x05, 0x00, 0x0b, 0x01, 0x0b, 0x06, 0x0b, 0x16, 0x2b, 0x05, 0x20, 0x00, 0x11, 0x10, 0x00, 0x21,
0x20, 0x00, 0x11, 0x10, 0x00, 0x25, 0x32, 0x12, 0x11, 0x34, 0x27, 0x01, 0x16, 0x27, 0x01, 0x26,
0x23, 0x22, 0x02, 0x11, 0x14, 0x02, 0xa4, 0xfe, 0xf0, 0xfe, 0xd3, 0x01, 0x2e, 0x01, 0x0f, 0x01,
0x0e, 0x01, 0x2e, 0xfe, 0xd3, 0xfe, 0xf1, 0x92, 0x9d, 0x36, 0xfe, 0x61, 0x44, 0x99, 0x01, 0x9e,
0x44, 0x5f, 0x92, 0x9e, 0x14, 0x01, 0x91, 0x01, 0x6b, 0x01, 0x6a, 0x01, 0x94, 0xfe, 0x6c, 0xfe,
0x96, 0xfe, 0x95, 0xfe, 0x6f, 0xe0, 0x01, 0x1a, 0x01, 0x02, 0xd6, 0x87, 0xfc, 0xc7, 0x40, 0xc3,
0x03, 0x3a, 0x3e, 0xfe, 0xe3, 0xfe, 0xfe, 0xd3, 0x00, 0x01, 0x00, 0x72, 0x00, 0x00, 0x02, 0xba,
0x05, 0xd2, 0x00, 0x0b, 0x00, 0x29, 0x40, 0x26, 0x01, 0x01, 0x00, 0x01, 0x01, 0x4c, 0x00, 0x01,
0x00, 0x00, 0x03, 0x01, 0x00, 0x69, 0x00, 0x02, 0x02, 0x56, 0x4d, 0x04, 0x01, 0x03, 0x03, 0x57,
0x03, 0x4e, 0x00, 0x00, 0x00, 0x0b, 0x00, 0x0b, 0x12, 0x21, 0x13, 0x05, 0x0b, 0x19, 0x2b, 0x21,
0x11, 0x06, 0x06, 0x23, 0x35, 0x33, 0x32, 0x36, 0x37, 0x33, 0x11, 0x01, 0xb1, 0x2d, 0xad, 0x65,
0x0b, 0x79, 0xbd, 0x23, 0xe4, 0x04, 0x7d, 0x33, 0x3d, 0xd7, 0x85, 0x69, 0xfa, 0x2e, 0x00, 0x01,
0x00, 0x6b, 0xff, 0xec, 0x04, 0xb3, 0x05, 0xd2, 0x00, 0x1e, 0x00, 0x48, 0x40, 0x45, 0x16, 0x01,
0x04, 0x05, 0x10, 0x01, 0x06, 0x04, 0x02, 0x4c, 0x00, 0x01, 0x03, 0x02, 0x03, 0x01, 0x02, 0x80,
0x00, 0x06, 0x00, 0x03, 0x01, 0x06, 0x03, 0x67, 0x00, 0x04, 0x04, 0x05, 0x5f, 0x00, 0x05, 0x05,
0x56, 0x4d, 0x00, 0x02, 0x02, 0x00, 0x61, 0x07, 0x01, 0x00, 0x00, 0x5d, 0x00, 0x4e, 0x01, 0x00,
0x18, 0x17, 0x15, 0x14, 0x13, 0x11, 0x0f, 0x0d, 0x09, 0x07, 0x05, 0x04, 0x00, 0x1e, 0x01, 0x1e,
0x08, 0x0b, 0x16, 0x2b, 0x05, 0x22, 0x26, 0x26, 0x27, 0x21, 0x16, 0x16, 0x33, 0x32, 0x36, 0x35,
0x34, 0x26, 0x23, 0x23, 0x35, 0x01, 0x35, 0x21, 0x35, 0x21, 0x15, 0x01, 0x36, 0x16, 0x16, 0x15,
0x14, 0x06, 0x06, 0x02, 0x8c, 0x98, 0xf2, 0x90, 0x07, 0x01, 0x0f, 0x08, 0x9d, 0x6f, 0x77, 0x9b,
0x99, 0xa3, 0x95, 0x01, 0x5e, 0xfd, 0x89, 0x03, 0xc1, 0xfe, 0x53, 0x95, 0xdb, 0x79, 0x8f, 0xf9,
0x14, 0x68, 0xbe, 0x82, 0x5f, 0x69, 0x7b, 0x75, 0x67, 0x99, 0xba, 0x01, 0x72, 0x0a, 0xe0, 0xc2,
0xfe, 0x49, 0x06, 0x70, 0xc6, 0x79, 0x87, 0xcc, 0x71, 0x00, 0x00, 0x01, 0x00, 0x6b, 0x00, 0x00,
0x04, 0xf0, 0x05, 0xd2, 0x00, 0x0f, 0x00, 0x33, 0x40, 0x30, 0x01, 0x01, 0x04, 0x01, 0x01, 0x4c,
0x03, 0x01, 0x01, 0x07, 0x06, 0x02, 0x04, 0x05, 0x01, 0x04, 0x68, 0x00, 0x00, 0x00, 0x56, 0x4d,
0x00, 0x02, 0x02, 0x05, 0x5f, 0x00, 0x05, 0x05, 0x57, 0x05, 0x4e, 0x00, 0x00, 0x00, 0x0f, 0x00,
0x0f, 0x11, 0x11, 0x11, 0x11, 0x21, 0x12, 0x08, 0x0b, 0x1c, 0x2b, 0x13, 0x35, 0x01, 0x21, 0x01,
0x15, 0x21, 0x11, 0x33, 0x11, 0x33, 0x15, 0x23, 0x11, 0x23, 0x11, 0x6b, 0x02, 0x3a, 0x01, 0x03,
0xfd, 0xd3, 0x01, 0xbc, 0xf5, 0xc4, 0xc4, 0xfb, 0x01, 0x15, 0xd5, 0x03, 0xe8, 0xfc, 0x2b, 0x0c,
0x01, 0xb1, 0xfe, 0x4f, 0xdc, 0xfe, 0xeb, 0x01, 0x15, 0x00, 0x00, 0x02, 0x00, 0x67, 0xff, 0xec,
0x04, 0x6d, 0x05, 0xd2, 0x00, 0x14, 0x00, 0x20, 0x00, 0x38, 0x40, 0x35, 0x0a, 0x01, 0x04, 0x02,
0x01, 0x4c, 0x00, 0x02, 0x00, 0x04, 0x03, 0x02, 0x04, 0x6a, 0x00, 0x01, 0x01, 0x56, 0x4d, 0x06,
0x01, 0x03, 0x03, 0x00, 0x61, 0x05, 0x01, 0x00, 0x00, 0x5d, 0x00, 0x4e, 0x16, 0x15, 0x01, 0x00,
0x1c, 0x1a, 0x15, 0x20, 0x16, 0x20, 0x0e, 0x0c, 0x09, 0x08, 0x00, 0x14, 0x01, 0x14, 0x07, 0x0b,
0x16, 0x2b, 0x05, 0x22, 0x26, 0x26, 0x35, 0x34, 0x36, 0x37, 0x01, 0x21, 0x01, 0x36, 0x36, 0x33,
0x32, 0x16, 0x16, 0x15, 0x14, 0x06, 0x06, 0x27, 0x32, 0x36, 0x35, 0x34, 0x26, 0x23, 0x22, 0x06,
0x15, 0x14, 0x16, 0x02, 0x6d, 0x90, 0xeb, 0x8b, 0x5d, 0x6a, 0x01, 0x56, 0x01, 0x12, 0xfe, 0x71,
0x22, 0x4f, 0x2b, 0x89, 0xce, 0x73, 0x85, 0xe7, 0x95, 0x73, 0x93, 0x93, 0x73, 0x72, 0x95, 0x94,
0x14, 0x7a, 0xe0, 0x9a, 0x71, 0xeb, 0x9c, 0x01, 0xfa, 0xfd, 0xb8, 0x0f, 0x10, 0x70, 0xce, 0x8e,
0x93, 0xe0, 0x7e, 0xd6, 0x9e, 0x78, 0x7b, 0x9b, 0x9a, 0x79, 0x7b, 0x9e, 0x00, 0x02, 0x00, 0x67,
0x00, 0x00, 0x04, 0x6d, 0x05, 0xe6, 0x00, 0x14, 0x00, 0x20, 0x00, 0x38, 0x40, 0x35, 0x0a, 0x01,
0x02, 0x04, 0x01, 0x4c, 0x00, 0x04, 0x00, 0x02, 0x01, 0x04, 0x02, 0x69, 0x06, 0x01, 0x03, 0x03,
0x00, 0x61, 0x05, 0x01, 0x00, 0x00, 0x5c, 0x4d, 0x00, 0x01, 0x01, 0x57, 0x01, 0x4e, 0x16, 0x15,
0x01, 0x00, 0x1c, 0x1a, 0x15, 0x20, 0x16, 0x20, 0x0e, 0x0c, 0x09, 0x08, 0x00, 0x14, 0x01, 0x14,
0x07, 0x0b, 0x16, 0x2b, 0x01, 0x32, 0x16, 0x16, 0x15, 0x14, 0x06, 0x07, 0x01, 0x21, 0x01, 0x06,
0x06, 0x23, 0x22, 0x26, 0x26, 0x35, 0x34, 0x36, 0x36, 0x17, 0x22, 0x06, 0x15, 0x14, 0x16, 0x33,
0x32, 0x36, 0x35, 0x34, 0x26, 0x02, 0x67, 0x90, 0xeb, 0x8b, 0x5d, 0x6a, 0xfe, 0xaa, 0xfe, 0xee,
0x01, 0x8f, 0x22, 0x4f, 0x2b, 0x89, 0xce, 0x73, 0x85, 0xe7, 0x95, 0x73, 0x93, 0x93, 0x73, 0x72,
0x95, 0x94, 0x05, 0xe6, 0x7a, 0xe0, 0x9a, 0x71, 0xeb, 0x9c, 0xfe, 0x06, 0x02, 0x48, 0x0f, 0x10,
0x70, 0xce, 0x8e, 0x93, 0xe0, 0x7e, 0xd6, 0x9e, 0x78, 0x7b, 0x9b, 0x9a, 0x79, 0x7b, 0x9e, 0x00,
0x00, 0x02, 0x00, 0x6d, 0xff, 0xec, 0x04, 0xc0, 0x05, 0xe6, 0x00, 0x0b, 0x00, 0x17, 0x00, 0x2d,
0x40, 0x2a, 0x00, 0x03, 0x03, 0x01, 0x61, 0x00, 0x01, 0x01, 0x5c, 0x4d, 0x05, 0x01, 0x02, 0x02,
0x00, 0x61, 0x04, 0x01, 0x00, 0x00, 0x5d, 0x00, 0x4e, 0x0d, 0x0c, 0x01, 0x00, 0x13, 0x11, 0x0c,
0x17, 0x0d, 0x17, 0x07, 0x05, 0x00, 0x0b, 0x01, 0x0b, 0x06, 0x0b, 0x16, 0x2b, 0x05, 0x20, 0x00,
0x11, 0x10, 0x00, 0x21, 0x20, 0x00, 0x11, 0x10, 0x00, 0x25, 0x32, 0x12, 0x11, 0x10, 0x02, 0x23,
0x22, 0x02, 0x11, 0x10, 0x12, 0x02, 0x97, 0xfe, 0xf0, 0xfe, 0xe6, 0x01, 0x1b, 0x01, 0x0f, 0x01,
0x0e, 0x01, 0x1b, 0xfe, 0xe6, 0xfe, 0xf1, 0x90, 0x93, 0x93, 0x90, 0x91, 0x93, 0x93, 0x14, 0x01,
0x91, 0x01, 0x6b, 0x01, 0x6a, 0x01, 0x94, 0xfe, 0x6c, 0xfe, 0x96, 0xfe, 0x95, 0xfe, 0x6f, 0xe0,
0x01, 0x12, 0x01, 0x0a, 0x01, 0x0c, 0x01, 0x13, 0xfe, 0xed, 0xfe, 0xf4, 0xfe, 0xf6, 0xfe, 0xee,
0x00, 0x01, 0x00, 0xc1, 0x00, 0x00, 0x04, 0x93, 0x05, 0xd2, 0x00, 0x0b, 0x00, 0x29, 0x40, 0x26,
0x06, 0x05, 0x03, 0x03, 0x00, 0x01, 0x01, 0x4c, 0x00, 0x01, 0x01, 0x56, 0x4d, 0x02, 0x01, 0x00,
0x00, 0x03, 0x60, 0x04, 0x01, 0x03, 0x03, 0x57, 0x03, 0x4e, 0x00, 0x00, 0x00, 0x0b, 0x00, 0x0b,
0x11, 0x15, 0x11, 0x05, 0x0b, 0x19, 0x2b, 0x33, 0x35, 0x21, 0x11, 0x23, 0x05, 0x35, 0x25, 0x21,
0x11, 0x21, 0x15, 0xc1, 0x01, 0x8b, 0x0a, 0xfe, 0xa4, 0x01, 0x47, 0x01, 0x28, 0x01, 0x3e, 0xda,
0x04, 0x0a, 0xfa, 0xfe, 0xea, 0xfb, 0x08, 0xda, 0xff, 0xff, 0x00, 0x96, 0x00, 0x00, 0x04, 0x99,
0x05, 0xe6, 0x00, 0x06, 0x00, 0x95, 0x18, 0x00, 0xff, 0xff, 0x00, 0x71, 0xff, 0xec, 0x04, 0xb6,
0x05, 0xe6, 0x00, 0x06, 0x00, 0x96, 0x06, 0x00, 0xff, 0xff, 0x00, 0x54, 0x00, 0x00, 0x04, 0xd9,
0x05, 0xd2, 0x00, 0x06, 0x00, 0x97, 0xe9, 0x00, 0xff, 0xff, 0x00, 0x87, 0xff, 0xec, 0x04, 0x9d,
0x05, 0xd2, 0x00, 0x06, 0x00, 0x98, 0x1e, 0x00, 0xff, 0xff, 0x00, 0x6e, 0xff, 0xec, 0x04, 0xbe,
0x05, 0xe6, 0x00, 0x06, 0x00, 0x99, 0x07, 0x00, 0xff, 0xff, 0x00, 0x9b, 0x00, 0x00, 0x04, 0x91,
0x05, 0xd2, 0x00, 0x06, 0x00, 0x9a, 0x48, 0x00, 0xff, 0xff, 0x00, 0x6e, 0xff, 0xec, 0x04, 0xbf,
0x05, 0xe6, 0x00, 0x06, 0x00, 0x9b, 0x07, 0x00, 0xff, 0xff, 0x00, 0x6e, 0xff, 0xeb, 0x04, 0xbe,
0x05, 0xe9, 0x00, 0x06, 0x00, 0x9c, 0x07, 0x00, 0x00, 0x03, 0x00, 0x6d, 0xff, 0xec, 0x04, 0xc0,
0x05, 0xe6, 0x00, 0x0b, 0x00, 0x13, 0x00, 0x1b, 0x00, 0x35, 0x40, 0x32, 0x15, 0x12, 0x11, 0x03,
0x02, 0x03, 0x01, 0x4c, 0x00, 0x03, 0x03, 0x01, 0x61, 0x00, 0x01, 0x01, 0x5c, 0x4d, 0x05, 0x01,
0x02, 0x02, 0x00, 0x61, 0x04, 0x01, 0x00, 0x00, 0x5d, 0x00, 0x4e, 0x0d, 0x0c, 0x01, 0x00, 0x18,
0x16, 0x0c, 0x13, 0x0d, 0x13, 0x07, 0x05, 0x00, 0x0b, 0x01, 0x0b, 0x06, 0x0b, 0x16, 0x2b, 0x05,
0x20, 0x00, 0x11, 0x10, 0x00, 0x21, 0x20, 0x00, 0x11, 0x10, 0x00, 0x25, 0x32, 0x12, 0x11, 0x34,
0x27, 0x01, 0x16, 0x27, 0x01, 0x26, 0x23, 0x22, 0x02, 0x11, 0x14, 0x02, 0x97, 0xfe, 0xf0, 0xfe,
0xe6, 0x01, 0x1b, 0x01, 0x0f, 0x01, 0x0e, 0x01, 0x1b, 0xfe, 0xe6, 0xfe, 0xf1, 0x90, 0x93, 0x2d,
0xfe, 0x64, 0x43, 0x94, 0x01, 0x9a, 0x42, 0x61, 0x91, 0x93, 0x14, 0x01, 0x91, 0x01, 0x6b, 0x01,
0x6a, 0x01, 0x94, 0xfe, 0x6c, 0xfe, 0x96, 0xfe, 0x95, 0xfe, 0x6f, 0xe0, 0x01, 0x12, 0x01, 0x0a,
0xd3, 0x82, 0xfc, 0xd0, 0x41, 0xcb, 0x03, 0x31, 0x3f, 0xfe, 0xed, 0xfe, 0xf4, 0xcf, 0x00, 0x01,
0x00, 0xc1, 0x00, 0x00, 0x04, 0x93, 0x05, 0xd2, 0x00, 0x0f, 0x00, 0x31, 0x40, 0x2e, 0x03, 0x01,
0x01, 0x02, 0x01, 0x4c, 0x00, 0x02, 0x00, 0x01, 0x00, 0x02, 0x01, 0x69, 0x00, 0x03, 0x03, 0x56,
0x4d, 0x04, 0x01, 0x00, 0x00, 0x05, 0x60, 0x06, 0x01, 0x05, 0x05, 0x57, 0x05, 0x4e, 0x00, 0x00,
0x00, 0x0f, 0x00, 0x0f, 0x11, 0x12, 0x21, 0x13, 0x11, 0x07, 0x0b, 0x1b, 0x2b, 0x33, 0x35, 0x21,
0x11, 0x06, 0x06, 0x23, 0x35, 0x33, 0x32, 0x36, 0x37, 0x33, 0x11, 0x21, 0x15, 0xc1, 0x01, 0x7e,
0x2e, 0xac, 0x65, 0x0b, 0x79, 0xbd, 0x23, 0xe4, 0x01, 0x4b, 0xda, 0x03, 0xa3, 0x33, 0x3d, 0xd7,
0x85, 0x69, 0xfb, 0x08, 0xda, 0x00, 0xff, 0xff, 0x00, 0x61, 0xff, 0xec, 0x04, 0xa9, 0x05, 0xd2,
0x00, 0x06, 0x00, 0x9f, 0xf6, 0x00, 0xff, 0xff, 0x00, 0x54, 0x00, 0x00, 0x04, 0xd9, 0x05, 0xd2,
0x00, 0x06, 0x00, 0xa0, 0xe9, 0x00, 0xff, 0xff, 0x00, 0x93, 0xff, 0xec, 0x04, 0x99, 0x05, 0xd2,
0x00, 0x06, 0x00, 0xa1, 0x2c, 0x00, 0xff, 0xff, 0x00, 0x93, 0x00, 0x00, 0x04, 0x99, 0x05, 0xe6,
0x00, 0x06, 0x00, 0xa2, 0x2c, 0x00, 0xff, 0xff, 0x00, 0x4a, 0xfe, 0x81, 0x01, 0xae, 0x00, 0xdc,
0x01, 0x07, 0x00, 0xf7, 0xff, 0xa6, 0xfb, 0x0a, 0x00, 0x09, 0xb1, 0x00, 0x01, 0xb8, 0xfb, 0x0a,
0xb0, 0x35, 0x2b, 0x00, 0xff, 0xff, 0x00, 0x75, 0xff, 0xef, 0x01, 0xb6, 0x01, 0x2e, 0x00, 0x06,
0x00, 0xfb, 0xcf, 0x00, 0xff, 0xff, 0x00, 0x75, 0xff, 0xef, 0x01, 0xb6, 0x04, 0x2a, 0x00, 0x26,
0x00, 0xfb, 0xcf, 0x00, 0x01, 0x07, 0x00, 0xfb, 0xff, 0xcf, 0x02, 0xfc, 0x00, 0x09, 0xb1, 0x01,
0x01, 0xb8, 0x02, 0xfc, 0xb0, 0x35, 0x2b, 0x00, 0xff, 0xff, 0x00, 0x75, 0x00, 0xaa, 0x01, 0xb6,
0x04, 0xe6, 0x00, 0x27, 0x00, 0xfb, 0xff, 0xcf, 0x00, 0xbb, 0x01, 0x07, 0x00, 0xfb, 0xff, 0xcf,
0x03, 0xb8, 0x00, 0x11, 0xb1, 0x00, 0x01, 0xb0, 0xbb, 0xb0, 0x35, 0x2b, 0xb1, 0x01, 0x01, 0xb8,
0x03, 0xb8, 0xb0, 0x35, 0x2b, 0x00, 0xff, 0xff, 0x00, 0x4a, 0xfe, 0x81, 0x01, 0xcc, 0x04, 0x2a,
0x00, 0x27, 0x00, 0xf7, 0xff, 0xa6, 0xfb, 0x0a, 0x01, 0x07, 0x00, 0xfb, 0xff, 0xe5, 0x02, 0xfc,
0x00, 0x12, 0xb1, 0x00, 0x01, 0xb8, 0xfb, 0x0a, 0xb0, 0x35, 0x2b, 0xb1, 0x01, 0x01, 0xb8, 0x02,
0xfc, 0xb0, 0x35, 0x2b, 0xff, 0xff, 0x00, 0xc5, 0xfe, 0xe9, 0x02, 0xba, 0x06, 0x2d, 0x00, 0x06,
0x00, 0xe1, 0x0b, 0x00, 0xff, 0xff, 0x00, 0x66, 0xfe, 0xe9, 0x02, 0x5b, 0x06, 0x2d, 0x00, 0x06,
0x00, 0xe2, 0x19, 0x00, 0x00, 0x01, 0x00, 0x2e, 0xfe, 0xe9, 0x02, 0xba, 0x06, 0x2d, 0x00, 0x25,
0x00, 0x59, 0xb6, 0x1d, 0x1c, 0x02, 0x01, 0x02, 0x01, 0x4c, 0x4b, 0xb0, 0x19, 0x50, 0x58, 0x40,
0x1a, 0x00, 0x02, 0x00, 0x01, 0x05, 0x02, 0x01, 0x69, 0x00, 0x05, 0x00, 0x00, 0x05, 0x00, 0x65,
0x00, 0x04, 0x04, 0x03, 0x61, 0x00, 0x03, 0x03, 0x5e, 0x04, 0x4e, 0x1b, 0x40, 0x20, 0x00, 0x03,
0x00, 0x04, 0x02, 0x03, 0x04, 0x69, 0x00, 0x02, 0x00, 0x01, 0x05, 0x02, 0x01, 0x69, 0x00, 0x05,
0x00, 0x00, 0x05, 0x59, 0x00, 0x05, 0x05, 0x00, 0x61, 0x00, 0x00, 0x05, 0x00, 0x51, 0x59, 0x40,
0x09, 0x1f, 0x11, 0x16, 0x21, 0x26, 0x10, 0x06, 0x0b, 0x1c, 0x2b, 0x01, 0x22, 0x26, 0x26, 0x35,
0x35, 0x34, 0x26, 0x27, 0x23, 0x35, 0x33, 0x36, 0x36, 0x35, 0x35, 0x34, 0x36, 0x36, 0x33, 0x15,
0x26, 0x06, 0x15, 0x15, 0x14, 0x06, 0x06, 0x07, 0x15, 0x1e, 0x02, 0x15, 0x15, 0x14, 0x16, 0x33,
0x02, 0xba, 0x8c, 0xc4, 0x67, 0x53, 0x67, 0x1b, 0x1b, 0x68, 0x52, 0x67, 0xc4, 0x8c, 0x7c, 0x57,
0x22, 0x5d, 0x59, 0x59, 0x5d, 0x22, 0x57, 0x7c, 0xfe, 0xe9, 0x41, 0xad, 0xa3, 0xc0, 0x6c, 0x67,
0x05, 0xf2, 0x05, 0x65, 0x6c, 0xc2, 0xa2, 0xae, 0x41, 0xca, 0x01, 0x6b, 0x72, 0xf1, 0x38, 0x65,
0x4e, 0x16, 0x15, 0x16, 0x4e, 0x66, 0x38, 0xef, 0x72, 0x6c, 0x00, 0x01, 0x00, 0x66, 0xfe, 0xe9,
0x02, 0xf1, 0x06, 0x2d, 0x00, 0x24, 0x00, 0x60, 0xb6, 0x0a, 0x09, 0x02, 0x04, 0x03, 0x01, 0x4c,
0x4b, 0xb0, 0x19, 0x50, 0x58, 0x40, 0x1b, 0x00, 0x03, 0x00, 0x04, 0x00, 0x03, 0x04, 0x69, 0x00,
0x00, 0x06, 0x01, 0x05, 0x00, 0x05, 0x65, 0x00, 0x01, 0x01, 0x02, 0x61, 0x00, 0x02, 0x02, 0x5e,
0x01, 0x4e, 0x1b, 0x40, 0x21, 0x00, 0x02, 0x00, 0x01, 0x03, 0x02, 0x01, 0x69, 0x00, 0x03, 0x00,
0x04, 0x00, 0x03, 0x04, 0x69, 0x00, 0x00, 0x05, 0x05, 0x00, 0x59, 0x00, 0x00, 0x00, 0x05, 0x61,
0x06, 0x01, 0x05, 0x00, 0x05, 0x51, 0x59, 0x40, 0x0e, 0x00, 0x00, 0x00, 0x24, 0x00, 0x24, 0x12,
0x16, 0x11, 0x1f, 0x11, 0x07, 0x0b, 0x1b, 0x2b, 0x13, 0x35, 0x32, 0x36, 0x35, 0x35, 0x34, 0x36,
0x36, 0x37, 0x35, 0x2e, 0x02, 0x35, 0x35, 0x34, 0x26, 0x23, 0x35, 0x32, 0x16, 0x16, 0x15, 0x15,
0x14, 0x16, 0x17, 0x33, 0x15, 0x06, 0x06, 0x15, 0x15, 0x14, 0x06, 0x06, 0x66, 0x7c, 0x57, 0x22,
0x5c, 0x59, 0x59, 0x5c, 0x22, 0x57, 0x7c, 0x8c, 0xc3, 0x67, 0x5d, 0x75, 0x03, 0x77, 0x5e, 0x67,
0xc3, 0xfe, 0xe9, 0xc8, 0x6c, 0x72, 0xef, 0x38, 0x65, 0x4f, 0x16, 0x16, 0x15, 0x4e, 0x65, 0x38,
0xf1, 0x72, 0x6a, 0xca, 0x41, 0xae, 0xa2, 0xc2, 0x71, 0x65, 0x01, 0xf0, 0x01, 0x66, 0x72, 0xc0,
0xa3, 0xad, 0x41, 0x00, 0xff, 0xff, 0x00, 0xef, 0xfe, 0xe9, 0x02, 0xba, 0x06, 0x2d, 0x00, 0x06,
0x00, 0xe3, 0x2b, 0x00, 0xff, 0xff, 0x00, 0x66, 0xfe, 0xe9, 0x02, 0x30, 0x06, 0x2d, 0x00, 0x06,
0x00, 0xe4, 0xf9, 0x00, 0xff, 0xff, 0x00, 0xc5, 0xff, 0x47, 0x02, 0xba, 0x06, 0x8b, 0x01, 0x06,
0x00, 0xe1, 0x0b, 0x5e, 0x00, 0x08, 0xb1, 0x00, 0x01, 0xb0, 0x5e, 0xb0, 0x35, 0x2b, 0xff, 0xff,
0x00, 0x66, 0xff, 0x47, 0x02, 0x5b, 0x06, 0x8b, 0x01, 0x06, 0x00, 0xe2, 0x19, 0x5e, 0x00, 0x08,
0xb1, 0x00, 0x01, 0xb0, 0x5e, 0xb0, 0x35, 0x2b, 0xff, 0xff, 0x00, 0x2e, 0xff, 0x47, 0x02, 0xba,
0x06, 0x8b, 0x03, 0x06, 0x00, 0xba, 0x00, 0x5e, 0x00, 0x08, 0xb1, 0x00, 0x01, 0xb0, 0x5e, 0xb0,
0x35, 0x2b, 0xff, 0xff, 0x00, 0x66, 0xff, 0x47, 0x02, 0xf1, 0x06, 0x8b, 0x03, 0x06, 0x00, 0xbb,
0x00, 0x5e, 0x00, 0x08, 0xb1, 0x00, 0x01, 0xb0, 0x5e, 0xb0, 0x35, 0x2b, 0xff, 0xff, 0x00, 0xef,
0xff, 0x47, 0x02, 0xba, 0x06, 0x8b, 0x01, 0x06, 0x00, 0xe3, 0x2b, 0x5e, 0x00, 0x08, 0xb1, 0x00,
0x01, 0xb0, 0x5e, 0xb0, 0x35, 0x2b, 0xff, 0xff, 0x00, 0x66, 0xff, 0x47, 0x02, 0x30, 0x06, 0x8b,
0x01, 0x06, 0x00, 0xe4, 0xf9, 0x5e, 0x00, 0x08, 0xb1, 0x00, 0x01, 0xb0, 0x5e, 0xb0, 0x35, 0x2b,
0xff, 0xff, 0x01, 0x45, 0x02, 0x01, 0x03, 0xe3, 0x02, 0xd8, 0x00, 0x07, 0x00, 0xf5, 0x00, 0xb8,
0x00, 0x00, 0xff, 0xff, 0x01, 0x45, 0x02, 0x7c, 0x03, 0xe3, 0x03, 0x53, 0x01, 0x07, 0x00, 0xf5,
0x00, 0xb8, 0x00, 0x7b, 0x00, 0x08, 0xb1, 0x00, 0x01, 0xb0, 0x7b, 0xb0, 0x35, 0x2b, 0xff, 0xff,
0x00, 0xa5, 0x00, 0x1b, 0x04, 0x87, 0x04, 0x83, 0x00, 0x06, 0x01, 0x04, 0xfc, 0x00, 0xff, 0xff,
0x00, 0xa5, 0x00, 0x1b, 0x04, 0x86, 0x04, 0x83, 0x00, 0x06, 0x01, 0x05, 0xcd, 0x00, 0xff, 0xff,
0x00, 0xb4, 0x00, 0xf7, 0x04, 0x79, 0x03, 0xa6, 0x00, 0x06, 0x01, 0x06, 0xe5, 0x00, 0xff, 0xff,
0x00, 0x9f, 0x00, 0x58, 0x04, 0x8c, 0x04, 0x46, 0x00, 0x06, 0x01, 0x07, 0xe4, 0x00, 0xff, 0xff,
0x00, 0x9c, 0x00, 0x53, 0x04, 0x92, 0x04, 0x4b, 0x00, 0x06, 0x01, 0x08, 0xe4, 0x00, 0xff, 0xff,
0x00, 0xa8, 0x00, 0x25, 0x04, 0x83, 0x04, 0x79, 0x00, 0x06, 0x01, 0x09, 0xe4, 0x00, 0xff, 0xff,
0x00, 0xa5, 0x00, 0x3d, 0x04, 0x87, 0x04, 0x75, 0x00, 0x06, 0x01, 0x0a, 0xe5, 0x00, 0xff, 0xff,
0x00, 0x80, 0x01, 0x7d, 0x04, 0xaa, 0x03, 0x2a, 0x00, 0x06, 0x01, 0x0b, 0xe4, 0x00, 0xff, 0xff,
0x00, 0xfd, 0x02, 0x8c, 0x04, 0x2c, 0x05, 0xd2, 0x00, 0x06, 0x01, 0x17, 0x6c, 0x00, 0xff, 0xff,
0x00, 0xa5, 0x00, 0xb5, 0x04, 0x87, 0x05, 0x1d, 0x01, 0x07, 0x01, 0x04, 0xff, 0xfc, 0x00, 0x9a,
0x00, 0x08, 0xb1, 0x00, 0x01, 0xb0, 0x9a, 0xb0, 0x35, 0x2b, 0xff, 0xff, 0x00, 0xa5, 0x00, 0xb5,
0x04, 0x86, 0x05, 0x1d, 0x01, 0x07, 0x01, 0x05, 0xff, 0xcd, 0x00, 0x9a, 0x00, 0x08, 0xb1, 0x00,
0x01, 0xb0, 0x9a, 0xb0, 0x35, 0x2b, 0xff, 0xff, 0x00, 0xb4, 0x01, 0x92, 0x04, 0x79, 0x04, 0x41,
0x01, 0x07, 0x01, 0x06, 0xff, 0xe5, 0x00, 0x9b, 0x00, 0x08, 0xb1, 0x00, 0x02, 0xb0, 0x9b, 0xb0,
0x35, 0x2b, 0xff, 0xff, 0x00, 0x9f, 0x00, 0xf3, 0x04, 0x8c, 0x04, 0xe1, 0x01, 0x07, 0x01, 0x07,
0xff, 0xe4, 0x00, 0x9b, 0x00, 0x08, 0xb1, 0x00, 0x01, 0xb0, 0x9b, 0xb0, 0x35, 0x2b, 0xff, 0xff,
0x00, 0x9c, 0x00, 0xee, 0x04, 0x92, 0x04, 0xe6, 0x01, 0x07, 0x01, 0x08, 0xff, 0xe4, 0x00, 0x9b,
0x00, 0x08, 0xb1, 0x00, 0x01, 0xb0, 0x9b, 0xb0, 0x35, 0x2b, 0xff, 0xff, 0x00, 0xa8, 0x00, 0xc0,
0x04, 0x83, 0x05, 0x14, 0x01, 0x07, 0x01, 0x09, 0xff, 0xe4, 0x00, 0x9b, 0x00, 0x08, 0xb1, 0x00,
0x03, 0xb0, 0x9b, 0xb0, 0x35, 0x2b, 0xff, 0xff, 0x00, 0xa5, 0x00, 0xce, 0x04, 0x87, 0x05, 0x06,
0x01, 0x07, 0x01, 0x0a, 0xff, 0xe5, 0x00, 0x91, 0x00, 0x08, 0xb1, 0x00, 0x02, 0xb0, 0x91, 0xb0,
0x35, 0x2b, 0xff, 0xff, 0x00, 0x80, 0x02, 0x13, 0x04, 0xaa, 0x03, 0xc0, 0x01, 0x07, 0x01, 0x0b,
0xff, 0xe4, 0x00, 0x96, 0x00, 0x08, 0xb1, 0x00, 0x01, 0xb0, 0x96, 0xb0, 0x35, 0x2b, 0xff, 0xff,
0x00, 0xa9, 0x00, 0xed, 0x04, 0x82, 0x04, 0xe5, 0x00, 0x06, 0x01, 0x18, 0xee, 0x00, 0x00, 0x03,
0x00, 0x59, 0xff, 0xeb, 0x05, 0x3d, 0x05, 0xe3, 0x00, 0x24, 0x00, 0x2e, 0x00, 0x3b, 0x00, 0x91,
0x4b, 0xb0, 0x19, 0x50, 0x58, 0x40, 0x11, 0x17, 0x08, 0x02, 0x02, 0x05, 0x26, 0x1f, 0x18, 0x03,
0x04, 0x02, 0x22, 0x01, 0x00, 0x04, 0x03, 0x4c, 0x1b, 0x40, 0x11, 0x17, 0x08, 0x02, 0x02, 0x05,
0x26, 0x1f, 0x18, 0x03, 0x04, 0x02, 0x22, 0x01, 0x03, 0x04, 0x03, 0x4c, 0x59, 0x4b, 0xb0, 0x19,
0x50, 0x58, 0x40, 0x23, 0x00, 0x05, 0x05, 0x01, 0x61, 0x00, 0x01, 0x01, 0x5c, 0x4d, 0x00, 0x02,
0x02, 0x00, 0x61, 0x03, 0x06, 0x02, 0x00, 0x00, 0x5d, 0x4d, 0x00, 0x04, 0x04, 0x00, 0x61, 0x03,
0x06, 0x02, 0x00, 0x00, 0x5d, 0x00, 0x4e, 0x1b, 0x40, 0x20, 0x00, 0x05, 0x05, 0x01, 0x61, 0x00,
0x01, 0x01, 0x5c, 0x4d, 0x00, 0x02, 0x02, 0x03, 0x5f, 0x00, 0x03, 0x03, 0x57, 0x4d, 0x00, 0x04,
0x04, 0x00, 0x61, 0x06, 0x01, 0x00, 0x00, 0x5d, 0x00, 0x4e, 0x59, 0x40, 0x13, 0x01, 0x00, 0x37,
0x35, 0x2e, 0x2c, 0x21, 0x20, 0x1c, 0x1b, 0x10, 0x0e, 0x00, 0x24, 0x01, 0x24, 0x07, 0x0b, 0x16,
0x2b, 0x05, 0x22, 0x26, 0x26, 0x35, 0x34, 0x36, 0x36, 0x37, 0x26, 0x26, 0x35, 0x34, 0x36, 0x36,
0x33, 0x32, 0x16, 0x16, 0x15, 0x14, 0x06, 0x07, 0x07, 0x01, 0x36, 0x36, 0x35, 0x33, 0x14, 0x06,
0x07, 0x17, 0x21, 0x27, 0x06, 0x06, 0x13, 0x01, 0x07, 0x06, 0x06, 0x15, 0x14, 0x16, 0x33, 0x32,
0x03, 0x37, 0x36, 0x36, 0x35, 0x34, 0x26, 0x23, 0x22, 0x06, 0x15, 0x14, 0x16, 0x02, 0x43, 0x98,
0xdc, 0x76, 0x47, 0x7e, 0x53, 0x41, 0x58, 0x61, 0xb0, 0x76, 0x74, 0xa9, 0x5c, 0x6c, 0x5a, 0x60,
0x01, 0x13, 0x1d, 0x21, 0xe1, 0x4b, 0x36, 0xda, 0xfe, 0xe4, 0x5f, 0x4e, 0xce, 0x8e, 0xfe, 0xc9,
0x19, 0x48, 0x42, 0x82, 0x69, 0x7f, 0x98, 0x57, 0x2c, 0x4a, 0x50, 0x47, 0x49, 0x58, 0x3a, 0x15,
0x6e, 0xbb, 0x74, 0x5a, 0x89, 0x73, 0x3a, 0x51, 0xa8, 0x66, 0x68, 0xa4, 0x60, 0x5d, 0x9b, 0x5e,
0x67, 0xa6, 0x41, 0x46, 0xfe, 0xbf, 0x38, 0x83, 0x49, 0x99, 0xdc, 0x48, 0xff, 0x6d, 0x43, 0x3f,
0x01, 0x25, 0x01, 0x65, 0x12, 0x35, 0x62, 0x3e, 0x5d, 0x71, 0x02, 0xd8, 0x3b, 0x1f, 0x57, 0x3c,
0x3a, 0x4f, 0x55, 0x44, 0x37, 0x6a, 0x00, 0x02, 0x00, 0xa6, 0xff, 0xef, 0x01, 0xec, 0x05, 0xd2,
0x00, 0x03, 0x00, 0x0f, 0x00, 0x2c, 0x40, 0x29, 0x04, 0x01, 0x01, 0x01, 0x00, 0x5f, 0x00, 0x00,
0x00, 0x56, 0x4d, 0x00, 0x03, 0x03, 0x02, 0x61, 0x05, 0x01, 0x02, 0x02, 0x5d, 0x02, 0x4e, 0x05,
0x04, 0x00, 0x00, 0x0b, 0x09, 0x04, 0x0f, 0x05, 0x0f, 0x00, 0x03, 0x00, 0x03, 0x11, 0x06, 0x0b,
0x17, 0x2b, 0x13, 0x03, 0x21, 0x03, 0x03, 0x22, 0x26, 0x35, 0x34, 0x36, 0x33, 0x32, 0x16, 0x15,
0x14, 0x06, 0xcd, 0x12, 0x01, 0x1b, 0x13, 0x7a, 0x47, 0x5c, 0x5c, 0x47, 0x47, 0x5c, 0x5c, 0x01,
0xda, 0x03, 0xf8, 0xfc, 0x08, 0xfe, 0x15, 0x59, 0x44, 0x46, 0x58, 0x58, 0x46, 0x44, 0x59, 0x00,
0x00, 0x02, 0x00, 0xa6, 0xfe, 0x93, 0x01, 0xec, 0x04, 0x76, 0x00, 0x03, 0x00, 0x0f, 0x00, 0x29,
0x40, 0x26, 0x00, 0x00, 0x04, 0x01, 0x01, 0x00, 0x01, 0x63, 0x05, 0x01, 0x02, 0x02, 0x03, 0x61,
0x00, 0x03, 0x03, 0x5f, 0x02, 0x4e, 0x05, 0x04, 0x00, 0x00, 0x0b, 0x09, 0x04, 0x0f, 0x05, 0x0f,
0x00, 0x03, 0x00, 0x03, 0x11, 0x06, 0x0b, 0x17, 0x2b, 0x13, 0x13, 0x33, 0x13, 0x03, 0x22, 0x26,
0x35, 0x34, 0x36, 0x33, 0x32, 0x16, 0x15, 0x14, 0x06, 0xbc, 0x13, 0xf5, 0x13, 0x8e, 0x47, 0x5c,
0x5c, 0x47, 0x47, 0x5c, 0x5c, 0xfe, 0x93, 0x03, 0xf8, 0xfc, 0x08, 0x04, 0xa8, 0x58, 0x46, 0x44,
0x59, 0x59, 0x44, 0x46, 0x58, 0x00, 0x00, 0x02, 0x00, 0x50, 0xff, 0xef, 0x03, 0xf6, 0x05, 0xe6,
0x00, 0x1f, 0x00, 0x2b, 0x00, 0x36, 0x40, 0x33, 0x1e, 0x00, 0x02, 0x04, 0x01, 0x01, 0x4c, 0x00,
0x01, 0x00, 0x04, 0x00, 0x01, 0x04, 0x80, 0x00, 0x00, 0x00, 0x02, 0x61, 0x00, 0x02, 0x02, 0x5c,
0x4d, 0x00, 0x04, 0x04, 0x03, 0x61, 0x05, 0x01, 0x03, 0x03, 0x5d, 0x03, 0x4e, 0x21, 0x20, 0x27,
0x25, 0x20, 0x2b, 0x21, 0x2b, 0x23, 0x12, 0x2a, 0x06, 0x0b, 0x19, 0x2b, 0x01, 0x35, 0x34, 0x36,
0x36, 0x37, 0x36, 0x36, 0x35, 0x34, 0x26, 0x23, 0x22, 0x06, 0x07, 0x23, 0x3e, 0x02, 0x33, 0x32,
0x16, 0x16, 0x15, 0x14, 0x06, 0x07, 0x0e, 0x02, 0x15, 0x15, 0x03, 0x22, 0x26, 0x35, 0x34, 0x36,
0x33, 0x32, 0x16, 0x15, 0x14, 0x06, 0x01, 0x84, 0x2f, 0x5b, 0x40, 0x43, 0x5b, 0x76, 0x55, 0x4e,
0x7e, 0x06, 0xff, 0x03, 0x7f, 0xd2, 0x7e, 0x8b, 0xd3, 0x76, 0x73, 0x65, 0x3c, 0x4c, 0x23, 0x76,
0x47, 0x5d, 0x5d, 0x47, 0x46, 0x5d, 0x5d, 0x01, 0xc7, 0x13, 0x83, 0x93, 0x56, 0x28, 0x2a, 0x6d,
0x4e, 0x56, 0x67, 0x64, 0x66, 0x8a, 0xb9, 0x5d, 0x62, 0xb3, 0x7a, 0x7d, 0xab, 0x3c, 0x25, 0x45,
0x61, 0x4e, 0x13, 0xfe, 0x28, 0x59, 0x44, 0x46, 0x58, 0x58, 0x46, 0x44, 0x59, 0x00, 0x00, 0x02,
0x00, 0x62, 0xfe, 0x78, 0x04, 0x09, 0x04, 0x6f, 0x00, 0x1f, 0x00, 0x2b, 0x00, 0x5d, 0xb6, 0x1e,
0x00, 0x02, 0x01, 0x04, 0x01, 0x4c, 0x4b, 0xb0, 0x27, 0x50, 0x58, 0x40, 0x1e, 0x00, 0x01, 0x04,
0x00, 0x04, 0x01, 0x00, 0x80, 0x00, 0x04, 0x04, 0x03, 0x61, 0x05, 0x01, 0x03, 0x03, 0x5f, 0x4d,
0x00, 0x00, 0x00, 0x02, 0x61, 0x00, 0x02, 0x02, 0x5b, 0x02, 0x4e, 0x1b, 0x40, 0x1b, 0x00, 0x01,
0x04, 0x00, 0x04, 0x01, 0x00, 0x80, 0x00, 0x00, 0x00, 0x02, 0x00, 0x02, 0x65, 0x00, 0x04, 0x04,
0x03, 0x61, 0x05, 0x01, 0x03, 0x03, 0x5f, 0x04, 0x4e, 0x59, 0x40, 0x0e, 0x21, 0x20, 0x27, 0x25,
0x20, 0x2b, 0x21, 0x2b, 0x23, 0x12, 0x2a, 0x06, 0x0b, 0x19, 0x2b, 0x01, 0x15, 0x14, 0x06, 0x06,
0x07, 0x06, 0x06, 0x15, 0x14, 0x16, 0x33, 0x32, 0x36, 0x37, 0x33, 0x0e, 0x02, 0x23, 0x22, 0x26,
0x26, 0x35, 0x34, 0x36, 0x37, 0x3e, 0x02, 0x35, 0x35, 0x13, 0x32, 0x16, 0x15, 0x14, 0x06, 0x23,
0x22, 0x26, 0x35, 0x34, 0x36, 0x02, 0xd5, 0x30, 0x5a, 0x40, 0x43, 0x5b, 0x76, 0x55, 0x4d, 0x7f,
0x06, 0xff, 0x03, 0x7f, 0xd2, 0x7e, 0x8b, 0xd3, 0x77, 0x74, 0x65, 0x3c, 0x4c, 0x23, 0x76, 0x47,
0x5d, 0x5d, 0x47, 0x47, 0x5c, 0x5c, 0x02, 0x97, 0x13, 0x83, 0x93, 0x56, 0x28, 0x2a, 0x6d, 0x4e,
0x56, 0x67, 0x64, 0x66, 0x8a, 0xb9, 0x5d, 0x62, 0xb3, 0x7a, 0x7d, 0xab, 0x3c, 0x25, 0x45, 0x61,
0x4e, 0x13, 0x01, 0xd8, 0x59, 0x44, 0x46, 0x58, 0x58, 0x46, 0x44, 0x59, 0x00, 0x02, 0x00, 0x50,
0xff, 0xef, 0x03, 0xf1, 0x05, 0xe6, 0x00, 0x20, 0x00, 0x2c, 0x00, 0x3e, 0x40, 0x3b, 0x1f, 0x04,
0x02, 0x05, 0x00, 0x01, 0x4c, 0x00, 0x02, 0x01, 0x00, 0x01, 0x02, 0x00, 0x80, 0x00, 0x00, 0x05,
0x01, 0x00, 0x05, 0x7e, 0x00, 0x01, 0x01, 0x03, 0x61, 0x00, 0x03, 0x03, 0x5c, 0x4d, 0x00, 0x05,
0x05, 0x04, 0x62, 0x06, 0x01, 0x04, 0x04, 0x5d, 0x04, 0x4e, 0x22, 0x21, 0x28, 0x26, 0x21, 0x2c,
0x22, 0x2c, 0x23, 0x12, 0x28, 0x12, 0x07, 0x0b, 0x1a, 0x2b, 0x01, 0x35, 0x03, 0x33, 0x07, 0x36,
0x37, 0x36, 0x36, 0x35, 0x34, 0x26, 0x23, 0x22, 0x06, 0x07, 0x23, 0x3e, 0x02, 0x33, 0x32, 0x16,
0x16, 0x15, 0x14, 0x06, 0x07, 0x0e, 0x02, 0x15, 0x15, 0x03, 0x22, 0x26, 0x35, 0x34, 0x36, 0x33,
0x32, 0x16, 0x15, 0x14, 0x06, 0x01, 0xa5, 0x2e, 0xca, 0x05, 0x0b, 0x0c, 0x52, 0x49, 0x7f, 0x50,
0x4e, 0x81, 0x06, 0xfa, 0x04, 0x7e, 0xcf, 0x7f, 0x8a, 0xd1, 0x76, 0x83, 0x64, 0x47, 0x47, 0x17,
0x65, 0x43, 0x5d, 0x5d, 0x43, 0x44, 0x5d, 0x5d, 0x01, 0xb3, 0x0a, 0x02, 0x63, 0xe6, 0x09, 0x07,
0x33, 0x7d, 0x55, 0x5f, 0x66, 0x64, 0x68, 0x88, 0xb8, 0x5e, 0x64, 0xb5, 0x79, 0x84, 0xbd, 0x3f,
0x2c, 0x48, 0x58, 0x45, 0x10, 0xfe, 0x3c, 0x5c, 0x44, 0x43, 0x5c, 0x5c, 0x43, 0x44, 0x5c, 0x00,
0x00, 0x02, 0x00, 0x62, 0xfe, 0x78, 0x04, 0x03, 0x04, 0x6f, 0x00, 0x20, 0x00, 0x2c, 0x00, 0x6c,
0xb6, 0x1f, 0x04, 0x02, 0x00, 0x05, 0x01, 0x4c, 0x4b, 0xb0, 0x27, 0x50, 0x58, 0x40, 0x25, 0x00,
0x00, 0x05, 0x02, 0x05, 0x00, 0x02, 0x80, 0x00, 0x02, 0x01, 0x05, 0x02, 0x01, 0x7e, 0x00, 0x05,
0x05, 0x04, 0x61, 0x06, 0x01, 0x04, 0x04, 0x5f, 0x4d, 0x00, 0x01, 0x01, 0x03, 0x61, 0x00, 0x03,
0x03, 0x5b, 0x03, 0x4e, 0x1b, 0x40, 0x22, 0x00, 0x00, 0x05, 0x02, 0x05, 0x00, 0x02, 0x80, 0x00,
0x02, 0x01, 0x05, 0x02, 0x01, 0x7e, 0x00, 0x01, 0x00, 0x03, 0x01, 0x03, 0x65, 0x00, 0x05, 0x05,
0x04, 0x61, 0x06, 0x01, 0x04, 0x04, 0x5f, 0x05, 0x4e, 0x59, 0x40, 0x0f, 0x22, 0x21, 0x28, 0x26,
0x21, 0x2c, 0x22, 0x2c, 0x23, 0x12, 0x28, 0x12, 0x07, 0x0b, 0x1a, 0x2b, 0x01, 0x15, 0x13, 0x23,
0x37, 0x06, 0x07, 0x06, 0x06, 0x15, 0x14, 0x16, 0x33, 0x32, 0x36, 0x37, 0x33, 0x0e, 0x02, 0x23,
0x22, 0x26, 0x26, 0x35, 0x34, 0x36, 0x37, 0x3e, 0x02, 0x35, 0x35, 0x13, 0x32, 0x16, 0x15, 0x14,
0x06, 0x23, 0x22, 0x26, 0x35, 0x34, 0x36, 0x02, 0xae, 0x2e, 0xca, 0x05, 0x0b, 0x0c, 0x51, 0x4a,
0x7f, 0x50, 0x4e, 0x81, 0x06, 0xfa, 0x04, 0x7e, 0xcf, 0x7e, 0x8b, 0xd1, 0x76, 0x83, 0x64, 0x48,
0x46, 0x18, 0x64, 0x43, 0x5d, 0x5d, 0x43, 0x44, 0x5d, 0x5d, 0x02, 0xab, 0x0a, 0xfd, 0x9d, 0xe6,
0x09, 0x07, 0x33, 0x7d, 0x55, 0x5f, 0x66, 0x64, 0x68, 0x88, 0xb8, 0x5e, 0x64, 0xb5, 0x79, 0x84,
0xbd, 0x3f, 0x2c, 0x48, 0x58, 0x45, 0x10, 0x01, 0xc4, 0x5c, 0x44, 0x43, 0x5c, 0x5c, 0x43, 0x44,
0x5c, 0x00, 0x00, 0x01, 0x00, 0xba, 0xfe, 0xe9, 0x02, 0xaf, 0x06, 0x2d, 0x00, 0x10, 0x00, 0x18,
0x40, 0x15, 0x00, 0x00, 0x01, 0x01, 0x00, 0x57, 0x00, 0x00, 0x00, 0x01, 0x5f, 0x00, 0x01, 0x00,
0x01, 0x4f, 0x18, 0x14, 0x02, 0x0b, 0x18, 0x2b, 0x13, 0x34, 0x12, 0x12, 0x37, 0x33, 0x06, 0x02,
0x02, 0x15, 0x14, 0x12, 0x12, 0x17, 0x23, 0x26, 0x02, 0xba, 0x42, 0x74, 0x4c, 0xf3, 0x4a, 0x6a,
0x39, 0x31, 0x69, 0x53, 0xf3, 0x80, 0x82, 0x02, 0x5f, 0xa4, 0x01, 0x66, 0x01, 0x4a, 0x7a, 0x9c,
0xfe, 0xaf, 0xfe, 0xb4, 0x95, 0x84, 0xfe, 0xf5, 0xfe, 0xd1, 0xb8, 0xd4, 0x01, 0xc3, 0x00, 0x01,
0x00, 0x4d, 0xfe, 0xe9, 0x02, 0x42, 0x06, 0x2d, 0x00, 0x10, 0x00, 0x1e, 0x40, 0x1b, 0x00, 0x00,
0x01, 0x01, 0x00, 0x57, 0x00, 0x00, 0x00, 0x01, 0x5f, 0x02, 0x01, 0x01, 0x00, 0x01, 0x4f, 0x00,
0x00, 0x00, 0x10, 0x00, 0x10, 0x18, 0x03, 0x0b, 0x17, 0x2b, 0x13, 0x36, 0x12, 0x12, 0x35, 0x34,
0x02, 0x02, 0x27, 0x33, 0x16, 0x12, 0x12, 0x15, 0x14, 0x02, 0x07, 0x4d, 0x54, 0x69, 0x30, 0x39,
0x6b, 0x49, 0xf3, 0x4c, 0x74, 0x42, 0x84, 0x7e, 0xfe, 0xe9, 0xbb, 0x01, 0x30, 0x01, 0x0a, 0x81,
0x95, 0x01, 0x4c, 0x01, 0x51, 0x9c, 0x79, 0xfe, 0xb6, 0xfe, 0x99, 0xa4, 0xe1, 0xfe, 0x3d, 0xd2,
0x00, 0x01, 0x00, 0xc4, 0xfe, 0xe9, 0x02, 0x8f, 0x06, 0x2d, 0x00, 0x07, 0x00, 0x28, 0x40, 0x25,
0x00, 0x00, 0x00, 0x01, 0x02, 0x00, 0x01, 0x67, 0x00, 0x02, 0x03, 0x03, 0x02, 0x57, 0x00, 0x02,
0x02, 0x03, 0x5f, 0x04, 0x01, 0x03, 0x02, 0x03, 0x4f, 0x00, 0x00, 0x00, 0x07, 0x00, 0x07, 0x11,
0x11, 0x11, 0x05, 0x0b, 0x19, 0x2b, 0x13, 0x11, 0x21, 0x15, 0x23, 0x11, 0x33, 0x15, 0xc4, 0x01,
0xcb, 0xd0, 0xd0, 0xfe, 0xe9, 0x07, 0x44, 0xcb, 0xfa, 0x52, 0xcb, 0x00, 0x00, 0x01, 0x00, 0x6d,
0xfe, 0xe9, 0x02, 0x37, 0x06, 0x2d, 0x00, 0x07, 0x00, 0x28, 0x40, 0x25, 0x00, 0x02, 0x00, 0x01,
0x00, 0x02, 0x01, 0x67, 0x00, 0x00, 0x03, 0x03, 0x00, 0x57, 0x00, 0x00, 0x00, 0x03, 0x5f, 0x04,
0x01, 0x03, 0x00, 0x03, 0x4f, 0x00, 0x00, 0x00, 0x07, 0x00, 0x07, 0x11, 0x11, 0x11, 0x05, 0x0b,
0x19, 0x2b, 0x13, 0x35, 0x33, 0x11, 0x23, 0x35, 0x21, 0x11, 0x6d, 0xd0, 0xd0, 0x01, 0xca, 0xfe,
0xe9, 0xcb, 0x05, 0xae, 0xcb, 0xf8, 0xbc, 0x00, 0x00, 0x01, 0x00, 0x8d, 0xfe, 0xe9, 0x03, 0x36,
0x06, 0x2d, 0x00, 0x25, 0x00, 0x59, 0xb6, 0x1d, 0x1c, 0x02, 0x01, 0x02, 0x01, 0x4c, 0x4b, 0xb0,
0x19, 0x50, 0x58, 0x40, 0x1a, 0x00, 0x02, 0x00, 0x01, 0x05, 0x02, 0x01, 0x69, 0x00, 0x05, 0x00,
0x00, 0x05, 0x00, 0x65, 0x00, 0x04, 0x04, 0x03, 0x61, 0x00, 0x03, 0x03, 0x5e, 0x04, 0x4e, 0x1b,
0x40, 0x20, 0x00, 0x03, 0x00, 0x04, 0x02, 0x03, 0x04, 0x69, 0x00, 0x02, 0x00, 0x01, 0x05, 0x02,
0x01, 0x69, 0x00, 0x05, 0x00, 0x00, 0x05, 0x59, 0x00, 0x05, 0x05, 0x00, 0x61, 0x00, 0x00, 0x05,
0x00, 0x51, 0x59, 0x40, 0x09, 0x1f, 0x11, 0x16, 0x21, 0x26, 0x10, 0x06, 0x0b, 0x1c, 0x2b, 0x01,
0x22, 0x26, 0x26, 0x35, 0x35, 0x34, 0x26, 0x27, 0x23, 0x35, 0x33, 0x36, 0x36, 0x35, 0x35, 0x34,
0x36, 0x36, 0x33, 0x15, 0x26, 0x06, 0x15, 0x15, 0x14, 0x06, 0x06, 0x07, 0x15, 0x1e, 0x02, 0x15,
0x15, 0x14, 0x16, 0x33, 0x03, 0x36, 0x91, 0xce, 0x6d, 0x56, 0x6b, 0x1c, 0x1c, 0x6c, 0x55, 0x6d,
0xce, 0x91, 0x80, 0x5b, 0x23, 0x61, 0x5d, 0x5d, 0x61, 0x23, 0x5b, 0x80, 0xfe, 0xe9, 0x41, 0xad,
0xa3, 0xc0, 0x6c, 0x67, 0x05, 0xf2, 0x05, 0x65, 0x6c, 0xc2, 0xa2, 0xae, 0x41, 0xca, 0x01, 0x6b,
0x72, 0xf1, 0x38, 0x64, 0x4f, 0x15, 0x16, 0x16, 0x4f, 0x65, 0x38, 0xef, 0x72, 0x6c, 0x00, 0x01,
0x00, 0x6d, 0xfe, 0xe9, 0x03, 0x16, 0x06, 0x2d, 0x00, 0x24, 0x00, 0x60, 0xb6, 0x0a, 0x09, 0x02,
0x04, 0x03, 0x01, 0x4c, 0x4b, 0xb0, 0x19, 0x50, 0x58, 0x40, 0x1b, 0x00, 0x03, 0x00, 0x04, 0x00,
0x03, 0x04, 0x69, 0x00, 0x00, 0x06, 0x01, 0x05, 0x00, 0x05, 0x65, 0x00, 0x01, 0x01, 0x02, 0x61,
0x00, 0x02, 0x02, 0x5e, 0x01, 0x4e, 0x1b, 0x40, 0x21, 0x00, 0x02, 0x00, 0x01, 0x03, 0x02, 0x01,
0x69, 0x00, 0x03, 0x00, 0x04, 0x00, 0x03, 0x04, 0x69, 0x00, 0x00, 0x05, 0x05, 0x00, 0x59, 0x00,
0x00, 0x00, 0x05, 0x61, 0x06, 0x01, 0x05, 0x00, 0x05, 0x51, 0x59, 0x40, 0x0e, 0x00, 0x00, 0x00,
0x24, 0x00, 0x24, 0x12, 0x16, 0x11, 0x1f, 0x11, 0x07, 0x0b, 0x1b, 0x2b, 0x13, 0x35, 0x32, 0x36,
0x35, 0x35, 0x34, 0x36, 0x36, 0x37, 0x35, 0x2e, 0x02, 0x35, 0x35, 0x34, 0x26, 0x23, 0x35, 0x32,
0x16, 0x16, 0x15, 0x15, 0x14, 0x16, 0x17, 0x33, 0x15, 0x06, 0x06, 0x15, 0x15, 0x14, 0x06, 0x06,
0x6d, 0x81, 0x5a, 0x23, 0x61, 0x5c, 0x5c, 0x61, 0x23, 0x5a, 0x81, 0x91, 0xce, 0x6c, 0x60, 0x7a,
0x04, 0x7d, 0x61, 0x6c, 0xce, 0xfe, 0xe9, 0xc8, 0x6c, 0x72, 0xef, 0x38, 0x65, 0x4f, 0x16, 0x16,
0x16, 0x4e, 0x64, 0x38, 0xf1, 0x72, 0x6a, 0xca, 0x41, 0xae, 0xa2, 0xc2, 0x71, 0x65, 0x01, 0xf0,
0x01, 0x66, 0x72, 0xc0, 0xa3, 0xad, 0x41, 0x00, 0x00, 0x02, 0x00, 0x67, 0xfe, 0x5f, 0x07, 0x97,
0x05, 0xb9, 0x00, 0x3f, 0x00, 0x4b, 0x01, 0x7f, 0x4b, 0xb0, 0x17, 0x50, 0x58, 0x40, 0x12, 0x25,
0x01, 0x0a, 0x04, 0x16, 0x01, 0x02, 0x06, 0x3c, 0x01, 0x08, 0x02, 0x3d, 0x01, 0x00, 0x08, 0x04,
0x4c, 0x1b, 0x40, 0x12, 0x25, 0x01, 0x0a, 0x05, 0x16, 0x01, 0x02, 0x06, 0x3c, 0x01, 0x08, 0x02,
0x3d, 0x01, 0x00, 0x08, 0x04, 0x4c, 0x59, 0x4b, 0xb0, 0x17, 0x50, 0x58, 0x40, 0x2c, 0x05, 0x01,
0x04, 0x00, 0x0a, 0x06, 0x04, 0x0a, 0x69, 0x00, 0x07, 0x07, 0x01, 0x61, 0x00, 0x01, 0x01, 0x56,
0x4d, 0x0c, 0x09, 0x02, 0x06, 0x06, 0x02, 0x61, 0x03, 0x01, 0x02, 0x02, 0x57, 0x4d, 0x00, 0x08,
0x08, 0x00, 0x61, 0x0b, 0x01, 0x00, 0x00, 0x5b, 0x00, 0x4e, 0x1b, 0x4b, 0xb0, 0x20, 0x50, 0x58,
0x40, 0x33, 0x00, 0x05, 0x04, 0x0a, 0x04, 0x05, 0x0a, 0x80, 0x00, 0x04, 0x00, 0x0a, 0x06, 0x04,
0x0a, 0x69, 0x00, 0x07, 0x07, 0x01, 0x61, 0x00, 0x01, 0x01, 0x56, 0x4d, 0x0c, 0x09, 0x02, 0x06,
0x06, 0x02, 0x61, 0x03, 0x01, 0x02, 0x02, 0x57, 0x4d, 0x00, 0x08, 0x08, 0x00, 0x61, 0x0b, 0x01,
0x00, 0x00, 0x5b, 0x00, 0x4e, 0x1b, 0x4b, 0xb0, 0x24, 0x50, 0x58, 0x40, 0x3d, 0x00, 0x05, 0x04,
0x0a, 0x04, 0x05, 0x0a, 0x80, 0x00, 0x04, 0x00, 0x0a, 0x09, 0x04, 0x0a, 0x69, 0x00, 0x07, 0x07,
0x01, 0x61, 0x00, 0x01, 0x01, 0x56, 0x4d, 0x0c, 0x01, 0x09, 0x09, 0x02, 0x61, 0x03, 0x01, 0x02,
0x02, 0x57, 0x4d, 0x00, 0x06, 0x06, 0x02, 0x61, 0x03, 0x01, 0x02, 0x02, 0x57, 0x4d, 0x00, 0x08,
0x08, 0x00, 0x61, 0x0b, 0x01, 0x00, 0x00, 0x5b, 0x00, 0x4e, 0x1b, 0x4b, 0xb0, 0x29, 0x50, 0x58,
0x40, 0x36, 0x00, 0x05, 0x04, 0x0a, 0x04, 0x05, 0x0a, 0x80, 0x00, 0x04, 0x00, 0x0a, 0x09, 0x04,
0x0a, 0x69, 0x0c, 0x01, 0x09, 0x06, 0x02, 0x09, 0x59, 0x00, 0x06, 0x03, 0x01, 0x02, 0x08, 0x06,
0x02, 0x69, 0x00, 0x07, 0x07, 0x01, 0x61, 0x00, 0x01, 0x01, 0x56, 0x4d, 0x00, 0x08, 0x08, 0x00,
0x61, 0x0b, 0x01, 0x00, 0x00, 0x5b, 0x00, 0x4e, 0x1b, 0x40, 0x34, 0x00, 0x05, 0x04, 0x0a, 0x04,
0x05, 0x0a, 0x80, 0x00, 0x01, 0x00, 0x07, 0x04, 0x01, 0x07, 0x69, 0x00, 0x04, 0x00, 0x0a, 0x09,
0x04, 0x0a, 0x69, 0x0c, 0x01, 0x09, 0x06, 0x02, 0x09, 0x59, 0x00, 0x06, 0x03, 0x01, 0x02, 0x08,
0x06, 0x02, 0x69, 0x00, 0x08, 0x08, 0x00, 0x61, 0x0b, 0x01, 0x00, 0x00, 0x5b, 0x00, 0x4e, 0x59,
0x59, 0x59, 0x59, 0x40, 0x21, 0x41, 0x40, 0x01, 0x00, 0x47, 0x45, 0x40, 0x4b, 0x41, 0x4b, 0x3a,
0x38, 0x34, 0x32, 0x2d, 0x2b, 0x28, 0x27, 0x23, 0x21, 0x1b, 0x19, 0x13, 0x11, 0x09, 0x07, 0x00,
0x3f, 0x01, 0x3f, 0x0d, 0x0b, 0x16, 0x2b, 0x01, 0x20, 0x24, 0x02, 0x11, 0x10, 0x12, 0x24, 0x21,
0x32, 0x04, 0x16, 0x12, 0x15, 0x14, 0x0e, 0x02, 0x23, 0x22, 0x26, 0x26, 0x27, 0x23, 0x06, 0x06,
0x23, 0x22, 0x26, 0x26, 0x35, 0x34, 0x36, 0x36, 0x33, 0x32, 0x16, 0x17, 0x33, 0x35, 0x33, 0x11,
0x14, 0x16, 0x33, 0x32, 0x36, 0x35, 0x34, 0x02, 0x24, 0x23, 0x20, 0x00, 0x11, 0x10, 0x00, 0x21,
0x32, 0x36, 0x37, 0x17, 0x06, 0x04, 0x03, 0x32, 0x36, 0x35, 0x34, 0x26, 0x23, 0x22, 0x06, 0x15,
0x14, 0x16, 0x04, 0x20, 0xfe, 0xd1, 0xfe, 0x56, 0xe0, 0xdc, 0x01, 0xa4, 0x01, 0x2d, 0xd5, 0x01,
0x4e, 0xe7, 0x79, 0x26, 0x59, 0x96, 0x71, 0x3d, 0x76, 0x53, 0x0a, 0x08, 0x1b, 0x95, 0x74, 0x88,
0xbb, 0x62, 0x6d, 0xc1, 0x7e, 0x61, 0x8a, 0x1c, 0x0b, 0xbe, 0x33, 0x34, 0x64, 0x49, 0x95, 0xfe,
0xd5, 0xe2, 0xfe, 0xa1, 0xfe, 0x89, 0x01, 0x7d, 0x01, 0x6d, 0x79, 0xd7, 0x38, 0x43, 0x49, 0xfe,
0xf9, 0xc3, 0x83, 0x7a, 0x80, 0x79, 0x75, 0x81, 0x73, 0xfe, 0x5f, 0xdc, 0x01, 0xa2, 0x01, 0x2a,
0x01, 0x1e, 0x01, 0xaa, 0xea, 0x82, 0xe7, 0xfe, 0xd1, 0xae, 0x77, 0xd7, 0xa8, 0x61, 0x22, 0x4a,
0x3b, 0x47, 0x5f, 0x80, 0xe1, 0x93, 0x8f, 0xdd, 0x7d, 0x46, 0x31, 0x60, 0xfd, 0x62, 0x34, 0x43,
0xc5, 0xd4, 0xb9, 0x01, 0x26, 0xab, 0xfe, 0x76, 0xfe, 0xa2, 0xfe, 0x9d, 0xfe, 0x83, 0x36, 0x17,
0xb9, 0x23, 0x3b, 0x02, 0x7f, 0x9e, 0x9a, 0x9c, 0x7e, 0xa0, 0x79, 0x82, 0xb7, 0x00, 0xff, 0xff,
0x00, 0xba, 0xff, 0x47, 0x02, 0xaf, 0x06, 0x8b, 0x03, 0x06, 0x00, 0xe1, 0x00, 0x5e, 0x00, 0x08,
0xb1, 0x00, 0x01, 0xb0, 0x5e, 0xb0, 0x35, 0x2b, 0xff, 0xff, 0x00, 0x4d, 0xff, 0x47, 0x02, 0x42,
0x06, 0x8b, 0x03, 0x06, 0x00, 0xe2, 0x00, 0x5e, 0x00, 0x08, 0xb1, 0x00, 0x01, 0xb0, 0x5e, 0xb0,
0x35, 0x2b, 0xff, 0xff, 0x00, 0xc4, 0xff, 0x47, 0x02, 0x8f, 0x06, 0x8b, 0x03, 0x06, 0x00, 0xe3,
0x00, 0x5e, 0x00, 0x08, 0xb1, 0x00, 0x01, 0xb0, 0x5e, 0xb0, 0x35, 0x2b, 0xff, 0xff, 0x00, 0x6d,
0xff, 0x47, 0x02, 0x37, 0x06, 0x8b, 0x03, 0x06, 0x00, 0xe4, 0x00, 0x5e, 0x00, 0x08, 0xb1, 0x00,
0x01, 0xb0, 0x5e, 0xb0, 0x35, 0x2b, 0xff, 0xff, 0x00, 0x8d, 0xff, 0x47, 0x03, 0x36, 0x06, 0x8b,
0x03, 0x06, 0x00, 0xe5, 0x00, 0x5e, 0x00, 0x08, 0xb1, 0x00, 0x01, 0xb0, 0x5e, 0xb0, 0x35, 0x2b,
0xff, 0xff, 0x00, 0x6d, 0xff, 0x47, 0x03, 0x16, 0x06, 0x8b, 0x03, 0x06, 0x00, 0xe6, 0x00, 0x5e,
0x00, 0x08, 0xb1, 0x00, 0x01, 0xb0, 0x5e, 0xb0, 0x35, 0x2b, 0xff, 0xff, 0x00, 0x67, 0xff, 0x3b,
0x07, 0x97, 0x06, 0x95, 0x03, 0x07, 0x00, 0xe7, 0x00, 0x00, 0x00, 0xdc, 0x00, 0x08, 0xb1, 0x00,
0x02, 0xb0, 0xdc, 0xb0, 0x35, 0x2b, 0x00, 0x02, 0x00, 0x1a, 0x00, 0x00, 0x05, 0x0b, 0x05, 0xd2,
0x00, 0x1b, 0x00, 0x1f, 0x00, 0x49, 0x40, 0x46, 0x0e, 0x0b, 0x02, 0x03, 0x0c, 0x02, 0x02, 0x00,
0x01, 0x03, 0x00, 0x67, 0x08, 0x01, 0x06, 0x06, 0x56, 0x4d, 0x0f, 0x0a, 0x02, 0x04, 0x04, 0x05,
0x5f, 0x09, 0x07, 0x02, 0x05, 0x05, 0x59, 0x4d, 0x10, 0x0d, 0x02, 0x01, 0x01, 0x57, 0x01, 0x4e,
0x00, 0x00, 0x1f, 0x1e, 0x1d, 0x1c, 0x00, 0x1b, 0x00, 0x1b, 0x1a, 0x19, 0x18, 0x17, 0x16, 0x15,
0x14, 0x13, 0x11, 0x11, 0x11, 0x11, 0x11, 0x11, 0x11, 0x11, 0x11, 0x11, 0x0b, 0x1f, 0x2b, 0x21,
0x13, 0x21, 0x03, 0x23, 0x13, 0x23, 0x37, 0x33, 0x13, 0x23, 0x37, 0x33, 0x13, 0x33, 0x03, 0x21,
0x13, 0x33, 0x03, 0x33, 0x07, 0x23, 0x03, 0x33, 0x07, 0x23, 0x03, 0x01, 0x21, 0x13, 0x21, 0x02,
0xb9, 0x3f, 0xfe, 0xbf, 0x3f, 0xca, 0x3f, 0xd3, 0x22, 0xd2, 0x34, 0xd1, 0x22, 0xd0, 0x3f, 0xca,
0x3f, 0x01, 0x42, 0x3f, 0xca, 0x3f, 0xd2, 0x21, 0xd3, 0x33, 0xd2, 0x22, 0xd1, 0x40, 0xfe, 0x55,
0x01, 0x42, 0x33, 0xfe, 0xbf, 0x01, 0x81, 0xfe, 0x7f, 0x01, 0x81, 0xca, 0x01, 0x3b, 0xcb, 0x01,
0x81, 0xfe, 0x7f, 0x01, 0x81, 0xfe, 0x7f, 0xcb, 0xfe, 0xc5, 0xca, 0xfe, 0x7f, 0x02, 0x4b, 0x01,
0x3b, 0x00, 0x00, 0x02, 0x00, 0x82, 0xff, 0xeb, 0x05, 0x80, 0x04, 0xed, 0x00, 0x23, 0x00, 0x33,
0x00, 0x4c, 0x40, 0x49, 0x17, 0x15, 0x0f, 0x0d, 0x04, 0x03, 0x01, 0x1e, 0x18, 0x0c, 0x06, 0x04,
0x02, 0x03, 0x21, 0x1f, 0x05, 0x03, 0x04, 0x00, 0x02, 0x03, 0x4c, 0x16, 0x0e, 0x02, 0x01, 0x4a,
0x20, 0x04, 0x02, 0x00, 0x49, 0x00, 0x01, 0x00, 0x03, 0x02, 0x01, 0x03, 0x69, 0x05, 0x01, 0x02,
0x02, 0x00, 0x61, 0x04, 0x01, 0x00, 0x00, 0x5d, 0x00, 0x4e, 0x25, 0x24, 0x01, 0x00, 0x2d, 0x2b,
0x24, 0x33, 0x25, 0x33, 0x13, 0x11, 0x00, 0x23, 0x01, 0x23, 0x06, 0x0b, 0x16, 0x2b, 0x05, 0x22,
0x26, 0x27, 0x07, 0x27, 0x37, 0x26, 0x26, 0x35, 0x34, 0x36, 0x37, 0x27, 0x37, 0x17, 0x36, 0x36,
0x33, 0x32, 0x16, 0x17, 0x37, 0x17, 0x07, 0x16, 0x16, 0x15, 0x14, 0x06, 0x07, 0x17, 0x07, 0x27,
0x06, 0x06, 0x27, 0x32, 0x36, 0x36, 0x35, 0x34, 0x26, 0x26, 0x23, 0x22, 0x06, 0x06, 0x15, 0x14,
0x16, 0x16, 0x02, 0xfd, 0x69, 0xbe, 0x4d, 0x84, 0x83, 0x87, 0x32, 0x37, 0x3c, 0x36, 0x90, 0x83,
0x92, 0x4b, 0xb7, 0x64, 0x66, 0xb8, 0x4c, 0x93, 0x86, 0x96, 0x36, 0x3c, 0x37, 0x31, 0x8c, 0x86,
0x85, 0x4e, 0xc0, 0x6a, 0x77, 0xc1, 0x73, 0x73, 0xc1, 0x77, 0x77, 0xc3, 0x73, 0x73, 0xc3, 0x14,
0x45, 0x3d, 0x83, 0x88, 0x87, 0x4c, 0xb5, 0x65, 0x69, 0xbd, 0x4d, 0x92, 0x88, 0x92, 0x39, 0x3e,
0x40, 0x3a, 0x95, 0x88, 0x96, 0x4c, 0xbb, 0x68, 0x64, 0xb4, 0x4a, 0x8b, 0x88, 0x86, 0x3f, 0x46,
0xb3, 0x79, 0xcb, 0x7d, 0x7e, 0xcb, 0x78, 0x78, 0xcb, 0x7e, 0x7d, 0xcb, 0x79, 0x00, 0x00, 0x01,
0x00, 0x22, 0xff, 0x20, 0x02, 0xe6, 0x06, 0x18, 0x00, 0x03, 0x00, 0x17, 0x40, 0x14, 0x02, 0x01,
0x01, 0x00, 0x01, 0x85, 0x00, 0x00, 0x00, 0x76, 0x00, 0x00, 0x00, 0x03, 0x00, 0x03, 0x11, 0x03,
0x0b, 0x17, 0x2b, 0x01, 0x01, 0x23, 0x01, 0x02, 0xe6, 0xfe, 0x20, 0xe4, 0x01, 0xe0, 0x06, 0x18,
0xf9, 0x08, 0x06, 0xf8, 0x00, 0x01, 0x00, 0xf6, 0xfe, 0x20, 0x01, 0xe8, 0x07, 0xb2, 0x00, 0x03,
0x00, 0x17, 0x40, 0x14, 0x02, 0x01, 0x01, 0x00, 0x01, 0x85, 0x00, 0x00, 0x00, 0x76, 0x00, 0x00,
0x00, 0x03, 0x00, 0x03, 0x11, 0x03, 0x0b, 0x17, 0x2b, 0x01, 0x11, 0x23, 0x11, 0x01, 0xe8, 0xf2,
0x07, 0xb2, 0xf6, 0x6e, 0x09, 0x92, 0x00, 0x02, 0x00, 0xce, 0xfe, 0xe8, 0x01, 0xb9, 0x05, 0xd2,
0x00, 0x03, 0x00, 0x07, 0x00, 0x22, 0x40, 0x1f, 0x00, 0x00, 0x00, 0x01, 0x00, 0x01, 0x63, 0x00,
0x02, 0x02, 0x03, 0x5f, 0x04, 0x01, 0x03, 0x03, 0x56, 0x02, 0x4e, 0x04, 0x04, 0x04, 0x07, 0x04,
0x07, 0x12, 0x11, 0x10, 0x05, 0x0b, 0x19, 0x2b, 0x13, 0x33, 0x11, 0x23, 0x13, 0x11, 0x23, 0x11,
0xce, 0xeb, 0xeb, 0xeb, 0xeb, 0x01, 0x9b, 0xfd, 0x4d, 0x06, 0xea, 0xfd, 0x51, 0x02, 0xaf, 0x00,
0x00, 0x01, 0x00, 0x22, 0xff, 0x20, 0x02, 0xe6, 0x06, 0x18, 0x00, 0x03, 0x00, 0x17, 0x40, 0x14,
0x00, 0x00, 0x01, 0x00, 0x85, 0x02, 0x01, 0x01, 0x01, 0x76, 0x00, 0x00, 0x00, 0x03, 0x00, 0x03,
0x11, 0x03, 0x0b, 0x17, 0x2b, 0x05, 0x01, 0x33, 0x01, 0x02, 0x02, 0xfe, 0x20, 0xe4, 0x01, 0xe0,
0xe0, 0x06, 0xf8, 0xf9, 0x08, 0x00, 0x00, 0x01, 0x00, 0x8d, 0x02, 0x01, 0x03, 0x2b, 0x02, 0xd8,
0x00, 0x03, 0x00, 0x1f, 0x40, 0x1c, 0x02, 0x01, 0x01, 0x00, 0x00, 0x01, 0x57, 0x02, 0x01, 0x01,
0x01, 0x00, 0x5f, 0x00, 0x00, 0x01, 0x00, 0x4f, 0x00, 0x00, 0x00, 0x03, 0x00, 0x03, 0x11, 0x03,
0x0b, 0x17, 0x2b, 0x01, 0x15, 0x21, 0x35, 0x03, 0x2b, 0xfd, 0x62, 0x02, 0xd8, 0xd7, 0xd7, 0x00,
0xff, 0xff, 0x00, 0x8d, 0x02, 0x7c, 0x03, 0x2b, 0x03, 0x53, 0x03, 0x06, 0x00, 0xf5, 0x00, 0x7b,
0x00, 0x08, 0xb1, 0x00, 0x01, 0xb0, 0x7b, 0xb0, 0x35, 0x2b, 0x00, 0x01, 0x00, 0xa4, 0x03, 0x77,
0x02, 0x08, 0x05, 0xd2, 0x00, 0x03, 0x00, 0x26, 0xb1, 0x06, 0x64, 0x44, 0x40, 0x1b, 0x00, 0x00,
0x01, 0x01, 0x00, 0x57, 0x00, 0x00, 0x00, 0x01, 0x5f, 0x02, 0x01, 0x01, 0x00, 0x01, 0x4f, 0x00,
0x00, 0x00, 0x03, 0x00, 0x03, 0x11, 0x03, 0x0b, 0x17, 0x2b, 0xb1, 0x06, 0x00, 0x44, 0x13, 0x13,
0x21, 0x03, 0xa4, 0x58, 0x01, 0x0c, 0xae, 0x03, 0x77, 0x02, 0x5b, 0xfd, 0xa5, 0x00, 0x00, 0x01,
0x00, 0xcd, 0x03, 0x77, 0x01, 0xce, 0x05, 0xd2, 0x00, 0x03, 0x00, 0x19, 0x40, 0x16, 0x02, 0x01,
0x01, 0x01, 0x00, 0x5f, 0x00, 0x00, 0x00, 0x56, 0x01, 0x4e, 0x00, 0x00, 0x00, 0x03, 0x00, 0x03,
0x11, 0x03, 0x0b, 0x17, 0x2b, 0x13, 0x03, 0x21, 0x03, 0xe8, 0x1b, 0x01, 0x01, 0x1b, 0x03, 0x77,
0x02, 0x5b, 0xfd, 0xa5, 0xff, 0xff, 0x00, 0xcd, 0x03, 0x77, 0x03, 0x62, 0x05, 0xd2, 0x00, 0x26,
0x00, 0xf8, 0x00, 0x00, 0x00, 0x07, 0x00, 0xf8, 0x01, 0x94, 0x00, 0x00, 0xff, 0xff, 0x00, 0x7b,
0xfe, 0x81, 0x01, 0xdf, 0x00, 0xdc, 0x01, 0x07, 0x00, 0xf7, 0xff, 0xd7, 0xfb, 0x0a, 0x00, 0x09,
0xb1, 0x00, 0x01, 0xb8, 0xfb, 0x0a, 0xb0, 0x35, 0x2b, 0x00, 0x00, 0x01, 0x00, 0xa6, 0xff, 0xef,
0x01, 0xe7, 0x01, 0x2e, 0x00, 0x0b, 0x00, 0x1a, 0x40, 0x17, 0x00, 0x01, 0x01, 0x00, 0x61, 0x02,
0x01, 0x00, 0x00, 0x5d, 0x00, 0x4e, 0x01, 0x00, 0x07, 0x05, 0x00, 0x0b, 0x01, 0x0b, 0x03, 0x0b,
0x16, 0x2b, 0x05, 0x22, 0x26, 0x35, 0x34, 0x36, 0x33, 0x32, 0x16, 0x15, 0x14, 0x06, 0x01, 0x46,
0x43, 0x5d, 0x5d, 0x43, 0x44, 0x5d, 0x5d, 0x11, 0x5c, 0x44, 0x43, 0x5c, 0x5c, 0x43, 0x44, 0x5c,
0xff, 0xff, 0x00, 0xa6, 0xff, 0xef, 0x01, 0xe7, 0x04, 0x2a, 0x02, 0x26, 0x00, 0xfb, 0x00, 0x00,
0x01, 0x07, 0x00, 0xfb, 0x00, 0x00, 0x02, 0xfc, 0x00, 0x09, 0xb1, 0x01, 0x01, 0xb8, 0x02, 0xfc,
0xb0, 0x35, 0x2b, 0x00, 0xff, 0xff, 0x00, 0xa6, 0x00, 0xcb, 0x01, 0xe7, 0x05, 0x06, 0x02, 0x27,
0x00, 0xfb, 0x00, 0x00, 0x00, 0xdc, 0x01, 0x07, 0x00, 0xfb, 0x00, 0x00, 0x03, 0xd8, 0x00, 0x11,
0xb1, 0x00, 0x01, 0xb0, 0xdc, 0xb0, 0x35, 0x2b, 0xb1, 0x01, 0x01, 0xb8, 0x03, 0xd8, 0xb0, 0x35,
0x2b, 0x00, 0xff, 0xff, 0x00, 0x7b, 0xfe, 0x81, 0x01, 0xfd, 0x04, 0x2a, 0x00, 0x27, 0x00, 0xf7,
0xff, 0xd7, 0xfb, 0x0a, 0x01, 0x07, 0x00, 0xfb, 0x00, 0x16, 0x02, 0xfc, 0x00, 0x12, 0xb1, 0x00,
0x01, 0xb8, 0xfb, 0x0a, 0xb0, 0x35, 0x2b, 0xb1, 0x01, 0x01, 0xb8, 0x02, 0xfc, 0xb0, 0x35, 0x2b,
0xff, 0xff, 0x00, 0xa6, 0x02, 0x23, 0x01, 0xe7, 0x03, 0x62, 0x03, 0x07, 0x00, 0xfb, 0x00, 0x00,
0x02, 0x34, 0x00, 0x09, 0xb1, 0x00, 0x01, 0xb8, 0x02, 0x34, 0xb0, 0x35, 0x2b, 0x00, 0x00, 0x01,
0x00, 0x5d, 0x00, 0x90, 0x03, 0x07, 0x04, 0x40, 0x00, 0x05, 0x00, 0x3d, 0xb6, 0x04, 0x01, 0x02,
0x01, 0x00, 0x01, 0x4c, 0x4b, 0xb0, 0x22, 0x50, 0x58, 0x40, 0x0c, 0x02, 0x01, 0x01, 0x01, 0x00,
0x5f, 0x00, 0x00, 0x00, 0x59, 0x01, 0x4e, 0x1b, 0x40, 0x11, 0x00, 0x00, 0x01, 0x01, 0x00, 0x57,
0x00, 0x00, 0x00, 0x01, 0x5f, 0x02, 0x01, 0x01, 0x00, 0x01, 0x4f, 0x59, 0x40, 0x0a, 0x00, 0x00,
0x00, 0x05, 0x00, 0x05, 0x12, 0x03, 0x0b, 0x17, 0x2b, 0x25, 0x01, 0x01, 0x21, 0x01, 0x01, 0x01,
0xee, 0xfe, 0x6f, 0x01, 0x91, 0x01, 0x19, 0xfe, 0x76, 0x01, 0x8a, 0x90, 0x01, 0xd8, 0x01, 0xd8,
0xfe, 0x28, 0xfe, 0x28, 0x00, 0x01, 0x00, 0x4c, 0x00, 0x90, 0x02, 0xf6, 0x04, 0x40, 0x00, 0x05,
0x00, 0x3d, 0xb6, 0x04, 0x01, 0x02, 0x01, 0x00, 0x01, 0x4c, 0x4b, 0xb0, 0x22, 0x50, 0x58, 0x40,
0x0c, 0x02, 0x01, 0x01, 0x01, 0x00, 0x5f, 0x00, 0x00, 0x00, 0x59, 0x01, 0x4e, 0x1b, 0x40, 0x11,
0x00, 0x00, 0x01, 0x01, 0x00, 0x57, 0x00, 0x00, 0x00, 0x01, 0x5f, 0x02, 0x01, 0x01, 0x00, 0x01,
0x4f, 0x59, 0x40, 0x0a, 0x00, 0x00, 0x00, 0x05, 0x00, 0x05, 0x12, 0x03, 0x0b, 0x17, 0x2b, 0x37,
0x01, 0x01, 0x21, 0x01, 0x01, 0x4c, 0x01, 0x8a, 0xfe, 0x76, 0x01, 0x19, 0x01, 0x91, 0xfe, 0x6f,
0x90, 0x01, 0xd8, 0x01, 0xd8, 0xfe, 0x28, 0xfe, 0x28, 0x00, 0xff, 0xff, 0x00, 0x5d, 0x00, 0x90,
0x04, 0xc7, 0x04, 0x40, 0x00, 0x26, 0x01, 0x00, 0x00, 0x00, 0x00, 0x07, 0x01, 0x00, 0x01, 0xc0,
0x00, 0x00, 0xff, 0xff, 0x00, 0x4c, 0x00, 0x90, 0x04, 0xb6, 0x04, 0x40, 0x00, 0x26, 0x01, 0x01,
0x00, 0x00, 0x00, 0x07, 0x01, 0x01, 0x01, 0xc0, 0x00, 0x00, 0x00, 0x01, 0x00, 0xa9, 0x00, 0x1b,
0x04, 0x8b, 0x04, 0x83, 0x00, 0x07, 0x00, 0x06, 0xb3, 0x07, 0x02, 0x01, 0x32, 0x2b, 0x13, 0x35,
0x01, 0x11, 0x01, 0x15, 0x01, 0x11, 0xa9, 0x03, 0xe2, 0xfd, 0x45, 0x02, 0xbb, 0x01, 0xe8, 0xce,
0x01, 0xcd, 0xfe, 0xfe, 0xfe, 0xd4, 0x0d, 0xfe, 0xd3, 0xff, 0x00, 0x00, 0x00, 0x01, 0x00, 0xd8,
0x00, 0x1b, 0x04, 0xb9, 0x04, 0x83, 0x00, 0x07, 0x00, 0x06, 0xb3, 0x06, 0x01, 0x01, 0x32, 0x2b,
0x01, 0x01, 0x11, 0x01, 0x35, 0x01, 0x11, 0x01, 0x04, 0xb9, 0xfc, 0x1f, 0x02, 0xbc, 0xfd, 0x44,
0x03, 0xe1, 0x01, 0xe8, 0xfe, 0x33, 0x01, 0x00, 0x01, 0x2d, 0x0d, 0x01, 0x2c, 0x01, 0x02, 0xfe,
0x33, 0x00, 0x00, 0x02, 0x00, 0xcf, 0x00, 0xf7, 0x04, 0x94, 0x03, 0xa6, 0x00, 0x03, 0x00, 0x07,
0x00, 0x2f, 0x40, 0x2c, 0x00, 0x02, 0x05, 0x01, 0x03, 0x00, 0x02, 0x03, 0x67, 0x00, 0x00, 0x01,
0x01, 0x00, 0x57, 0x00, 0x00, 0x00, 0x01, 0x5f, 0x04, 0x01, 0x01, 0x00, 0x01, 0x4f, 0x04, 0x04,
0x00, 0x00, 0x04, 0x07, 0x04, 0x07, 0x06, 0x05, 0x00, 0x03, 0x00, 0x03, 0x11, 0x06, 0x0b, 0x17,
0x2b, 0x37, 0x35, 0x21, 0x15, 0x01, 0x35, 0x21, 0x15, 0xcf, 0x03, 0xc5, 0xfc, 0x3b, 0x03, 0xc5,
0xf7, 0xe0, 0xe0, 0x01, 0xd1, 0xde, 0xde, 0x00, 0x00, 0x01, 0x00, 0xbb, 0x00, 0x58, 0x04, 0xa8,
0x04, 0x46, 0x00, 0x0b, 0x00, 0x4d, 0x4b, 0xb0, 0x2b, 0x50, 0x58, 0x40, 0x16, 0x03, 0x01, 0x01,
0x04, 0x01, 0x00, 0x05, 0x01, 0x00, 0x67, 0x06, 0x01, 0x05, 0x05, 0x02, 0x5f, 0x00, 0x02, 0x02,
0x59, 0x05, 0x4e, 0x1b, 0x40, 0x1b, 0x00, 0x02, 0x01, 0x05, 0x02, 0x57, 0x03, 0x01, 0x01, 0x04,
0x01, 0x00, 0x05, 0x01, 0x00, 0x67, 0x00, 0x02, 0x02, 0x05, 0x5f, 0x06, 0x01, 0x05, 0x02, 0x05,
0x4f, 0x59, 0x40, 0x0e, 0x00, 0x00, 0x00, 0x0b, 0x00, 0x0b, 0x11, 0x11, 0x11, 0x11, 0x11, 0x07,
0x0b, 0x1b, 0x2b, 0x25, 0x11, 0x21, 0x35, 0x21, 0x11, 0x33, 0x11, 0x21, 0x15, 0x21, 0x11, 0x02,
0x40, 0xfe, 0x7b, 0x01, 0x85, 0xe2, 0x01, 0x86, 0xfe, 0x7a, 0x58, 0x01, 0x8d, 0xd5, 0x01, 0x8c,
0xfe, 0x74, 0xd5, 0xfe, 0x73, 0x00, 0x00, 0x01, 0x00, 0xb8, 0x00, 0x53, 0x04, 0xae, 0x04, 0x4b,
0x00, 0x0b, 0x00, 0x06, 0xb3, 0x06, 0x00, 0x01, 0x32, 0x2b, 0x25, 0x01, 0x01, 0x27, 0x01, 0x01,
0x37, 0x01, 0x01, 0x17, 0x01, 0x01, 0x04, 0x0c, 0xfe, 0xa7, 0xfe, 0xa8, 0xa3, 0x01, 0x58, 0xfe,
0xa8, 0xa3, 0x01, 0x58, 0x01, 0x59, 0xa2, 0xfe, 0xa8, 0x01, 0x58, 0x53, 0x01, 0x58, 0xfe, 0xa8,
0xa2, 0x01, 0x59, 0x01, 0x58, 0xa5, 0xfe, 0xa6, 0x01, 0x5a, 0xa5, 0xfe, 0xa8, 0xfe, 0xa7, 0x00,
0x00, 0x03, 0x00, 0xc4, 0x00, 0x25, 0x04, 0x9f, 0x04, 0x79, 0x00, 0x03, 0x00, 0x0f, 0x00, 0x1b,
0x00, 0x65, 0x4b, 0xb0, 0x1c, 0x50, 0x58, 0x40, 0x20, 0x06, 0x01, 0x01, 0x00, 0x00, 0x05, 0x01,
0x00, 0x67, 0x07, 0x01, 0x02, 0x02, 0x03, 0x61, 0x00, 0x03, 0x03, 0x5f, 0x4d, 0x00, 0x05, 0x05,
0x04, 0x61, 0x08, 0x01, 0x04, 0x04, 0x57, 0x04, 0x4e, 0x1b, 0x40, 0x1d, 0x06, 0x01, 0x01, 0x00,
0x00, 0x05, 0x01, 0x00, 0x67, 0x00, 0x05, 0x08, 0x01, 0x04, 0x05, 0x04, 0x65, 0x07, 0x01, 0x02,
0x02, 0x03, 0x61, 0x00, 0x03, 0x03, 0x5f, 0x02, 0x4e, 0x59, 0x40, 0x1a, 0x11, 0x10, 0x05, 0x04,
0x00, 0x00, 0x17, 0x15, 0x10, 0x1b, 0x11, 0x1b, 0x0b, 0x09, 0x04, 0x0f, 0x05, 0x0f, 0x00, 0x03,
0x00, 0x03, 0x11, 0x09, 0x0b, 0x17, 0x2b, 0x01, 0x15, 0x21, 0x35, 0x25, 0x22, 0x26, 0x35, 0x34,
0x36, 0x33, 0x32, 0x16, 0x15, 0x14, 0x06, 0x03, 0x26, 0x26, 0x35, 0x34, 0x36, 0x33, 0x32, 0x16,
0x15, 0x14, 0x06, 0x04, 0x9f, 0xfc, 0x25, 0x01, 0xed, 0x42, 0x5d, 0x5d, 0x42, 0x41, 0x5d, 0x5d,
0x41, 0x42, 0x5d, 0x5d, 0x42, 0x41, 0x5d, 0x5d, 0x02, 0xbc, 0xda, 0xda, 0x80, 0x5c, 0x43, 0x41,
0x5d, 0x5d, 0x41, 0x43, 0x5c, 0xfc, 0xe9, 0x01, 0x5d, 0x42, 0x41, 0x5c, 0x5c, 0x41, 0x42, 0x5d,
0x00, 0x02, 0x00, 0xc0, 0x00, 0x3d, 0x04, 0xa2, 0x04, 0x75, 0x00, 0x0b, 0x00, 0x0f, 0x00, 0x66,
0x4b, 0xb0, 0x2d, 0x50, 0x58, 0x40, 0x1e, 0x02, 0x01, 0x00, 0x08, 0x05, 0x02, 0x03, 0x04, 0x00,
0x03, 0x67, 0x00, 0x06, 0x09, 0x01, 0x07, 0x06, 0x07, 0x63, 0x00, 0x04, 0x04, 0x01, 0x5f, 0x00,
0x01, 0x01, 0x59, 0x04, 0x4e, 0x1b, 0x40, 0x24, 0x02, 0x01, 0x00, 0x08, 0x05, 0x02, 0x03, 0x04,
0x00, 0x03, 0x67, 0x00, 0x01, 0x00, 0x04, 0x06, 0x01, 0x04, 0x67, 0x00, 0x06, 0x07, 0x07, 0x06,
0x57, 0x00, 0x06, 0x06, 0x07, 0x5f, 0x09, 0x01, 0x07, 0x06, 0x07, 0x4f, 0x59, 0x40, 0x16, 0x0c,
0x0c, 0x00, 0x00, 0x0c, 0x0f, 0x0c, 0x0f, 0x0e, 0x0d, 0x00, 0x0b, 0x00, 0x0b, 0x11, 0x11, 0x11,
0x11, 0x11, 0x0a, 0x0b, 0x1b, 0x2b, 0x13, 0x35, 0x21, 0x11, 0x33, 0x11, 0x21, 0x15, 0x21, 0x11,
0x23, 0x11, 0x01, 0x35, 0x21, 0x15, 0xc0, 0x01, 0x81, 0xe1, 0x01, 0x80, 0xfe, 0x80, 0xe1, 0xfe,
0x7f, 0x03, 0xe2, 0x02, 0x94, 0xd4, 0x01, 0x0d, 0xfe, 0xf3, 0xd4, 0xfe, 0xf4, 0x01, 0x0c, 0xfd,
0xa9, 0xd9, 0xd9, 0x00, 0x00, 0x01, 0x00, 0x9c, 0x01, 0x7d, 0x04, 0xc6, 0x03, 0x2a, 0x00, 0x19,
0x00, 0x98, 0xb1, 0x06, 0x64, 0x44, 0x4b, 0xb0, 0x0d, 0x50, 0x58, 0x40, 0x1b, 0x00, 0x01, 0x04,
0x03, 0x01, 0x59, 0x02, 0x01, 0x00, 0x00, 0x04, 0x03, 0x00, 0x04, 0x69, 0x00, 0x01, 0x01, 0x03,
0x62, 0x06, 0x05, 0x02, 0x03, 0x01, 0x03, 0x52, 0x1b, 0x4b, 0xb0, 0x10, 0x50, 0x58, 0x40, 0x27,
0x00, 0x02, 0x00, 0x01, 0x01, 0x02, 0x72, 0x06, 0x01, 0x05, 0x04, 0x03, 0x04, 0x05, 0x72, 0x00,
0x01, 0x04, 0x03, 0x01, 0x59, 0x00, 0x00, 0x00, 0x04, 0x05, 0x00, 0x04, 0x69, 0x00, 0x01, 0x01,
0x03, 0x62, 0x00, 0x03, 0x01, 0x03, 0x52, 0x1b, 0x40, 0x29, 0x00, 0x02, 0x00, 0x01, 0x00, 0x02,
0x01, 0x80, 0x06, 0x01, 0x05, 0x04, 0x03, 0x04, 0x05, 0x03, 0x80, 0x00, 0x01, 0x04, 0x03, 0x01,
0x59, 0x00, 0x00, 0x00, 0x04, 0x05, 0x00, 0x04, 0x69, 0x00, 0x01, 0x01, 0x03, 0x62, 0x00, 0x03,
0x01, 0x03, 0x52, 0x59, 0x59, 0x40, 0x0e, 0x00, 0x00, 0x00, 0x19, 0x00, 0x19, 0x24, 0x22, 0x12,
0x24, 0x22, 0x07, 0x0b, 0x1b, 0x2b, 0xb1, 0x06, 0x00, 0x44, 0x13, 0x26, 0x36, 0x33, 0x32, 0x16,
0x17, 0x16, 0x16, 0x33, 0x32, 0x36, 0x27, 0x33, 0x16, 0x06, 0x23, 0x22, 0x26, 0x27, 0x26, 0x26,
0x23, 0x22, 0x06, 0x17, 0xa1, 0x05, 0xb0, 0x86, 0x46, 0x7c, 0x50, 0x2e, 0x3d, 0x26, 0x37, 0x45,
0x01, 0xd2, 0x04, 0xb3, 0x83, 0x4a, 0x7d, 0x4c, 0x31, 0x39, 0x26, 0x35, 0x47, 0x02, 0x01, 0xa0,
0xc8, 0xc2, 0x3a, 0x47, 0x28, 0x27, 0x55, 0x57, 0xc7, 0xc2, 0x3e, 0x42, 0x2b, 0x24, 0x4f, 0x5d,
0xff, 0xff, 0x00, 0xa9, 0x00, 0xb5, 0x04, 0x8b, 0x05, 0x1d, 0x03, 0x07, 0x01, 0x04, 0x00, 0x00,
0x00, 0x9a, 0x00, 0x08, 0xb1, 0x00, 0x01, 0xb0, 0x9a, 0xb0, 0x35, 0x2b, 0xff, 0xff, 0x00, 0xd8,
0x00, 0xb5, 0x04, 0xb9, 0x05, 0x1d, 0x03, 0x07, 0x01, 0x05, 0x00, 0x00, 0x00, 0x9a, 0x00, 0x08,
0xb1, 0x00, 0x01, 0xb0, 0x9a, 0xb0, 0x35, 0x2b, 0xff, 0xff, 0x00, 0xcf, 0x01, 0x92, 0x04, 0x94,
0x04, 0x41, 0x03, 0x07, 0x01, 0x06, 0x00, 0x00, 0x00, 0x9b, 0x00, 0x08, 0xb1, 0x00, 0x02, 0xb0,
0x9b, 0xb0, 0x35, 0x2b, 0xff, 0xff, 0x00, 0xbb, 0x00, 0xeb, 0x04, 0xa8, 0x04, 0xd9, 0x03, 0x07,
0x01, 0x07, 0x00, 0x00, 0x00, 0x93, 0x00, 0x08, 0xb1, 0x00, 0x01, 0xb0, 0x93, 0xb0, 0x35, 0x2b,
0xff, 0xff, 0x00, 0xb8, 0x00, 0xee, 0x04, 0xae, 0x04, 0xe6, 0x03, 0x07, 0x01, 0x08, 0x00, 0x00,
0x00, 0x9b, 0x00, 0x08, 0xb1, 0x00, 0x01, 0xb0, 0x9b, 0xb0, 0x35, 0x2b, 0xff, 0xff, 0x00, 0xc4,
0x00, 0xc0, 0x04, 0x9f, 0x05, 0x14, 0x03, 0x07, 0x01, 0x09, 0x00, 0x00, 0x00, 0x9b, 0x00, 0x08,
0xb1, 0x00, 0x03, 0xb0, 0x9b, 0xb0, 0x35, 0x2b, 0xff, 0xff, 0x00, 0xc0, 0x00, 0xce, 0x04, 0xa2,
0x05, 0x06, 0x03, 0x07, 0x01, 0x0a, 0x00, 0x00, 0x00, 0x91, 0x00, 0x08, 0xb1, 0x00, 0x02, 0xb0,
0x91, 0xb0, 0x35, 0x2b, 0xff, 0xff, 0x00, 0x9c, 0x02, 0x13, 0x04, 0xc6, 0x03, 0xc0, 0x03, 0x07,
0x01, 0x0b, 0x00, 0x00, 0x00, 0x96, 0x00, 0x08, 0xb1, 0x00, 0x01, 0xb0, 0x96, 0xb0, 0x35, 0x2b,
0x00, 0x01, 0x00, 0xda, 0x01, 0x27, 0x04, 0x4c, 0x03, 0x02, 0x00, 0x05, 0x00, 0x46, 0x4b, 0xb0,
0x0a, 0x50, 0x58, 0x40, 0x17, 0x03, 0x01, 0x02, 0x00, 0x00, 0x02, 0x71, 0x00, 0x01, 0x00, 0x00,
0x01, 0x57, 0x00, 0x01, 0x01, 0x00, 0x5f, 0x00, 0x00, 0x01, 0x00, 0x4f, 0x1b, 0x40, 0x16, 0x03,
0x01, 0x02, 0x00, 0x02, 0x86, 0x00, 0x01, 0x00, 0x00, 0x01, 0x57, 0x00, 0x01, 0x01, 0x00, 0x5f,
0x00, 0x00, 0x01, 0x00, 0x4f, 0x59, 0x40, 0x0b, 0x00, 0x00, 0x00, 0x05, 0x00, 0x05, 0x11, 0x11,
0x04, 0x0b, 0x18, 0x2b, 0x01, 0x11, 0x21, 0x35, 0x21, 0x11, 0x03, 0x6b, 0xfd, 0x6f, 0x03, 0x72,
0x01, 0x27, 0x01, 0x05, 0xd6, 0xfe, 0x25, 0x00, 0x00, 0x01, 0x00, 0x00, 0xff, 0x2f, 0x03, 0xc1,
0x00, 0x00, 0x00, 0x03, 0x00, 0x27, 0xb1, 0x06, 0x64, 0x44, 0x40, 0x1c, 0x02, 0x01, 0x01, 0x00,
0x00, 0x01, 0x57, 0x02, 0x01, 0x01, 0x01, 0x00, 0x5f, 0x00, 0x00, 0x01, 0x00, 0x4f, 0x00, 0x00,
0x00, 0x03, 0x00, 0x03, 0x11, 0x03, 0x0b, 0x17, 0x2b, 0xb1, 0x06, 0x00, 0x44, 0x21, 0x15, 0x21,
0x35, 0x03, 0xc1, 0xfc, 0x3f, 0xd1, 0xd1, 0x00, 0x00, 0x01, 0x00, 0x49, 0x03, 0x2e, 0x03, 0x91,
0x05, 0xab, 0x00, 0x07, 0x00, 0x27, 0xb1, 0x06, 0x64, 0x44, 0x40, 0x1c, 0x05, 0x01, 0x01, 0x00,
0x01, 0x4c, 0x00, 0x00, 0x01, 0x00, 0x85, 0x03, 0x02, 0x02, 0x01, 0x01, 0x76, 0x00, 0x00, 0x00,
0x07, 0x00, 0x07, 0x11, 0x11, 0x04, 0x0b, 0x18, 0x2b, 0xb1, 0x06, 0x00, 0x44, 0x13, 0x01, 0x33,
0x01, 0x23, 0x03, 0x23, 0x03, 0x49, 0x01, 0x31, 0xe6, 0x01, 0x31, 0xd5, 0xc9, 0x0c, 0xc8, 0x03,
0x2e, 0x02, 0x7d, 0xfd, 0x83, 0x01, 0xc0, 0xfe, 0x40, 0x00, 0x00, 0x01, 0x00, 0x91, 0x02, 0x8c,
0x03, 0xc0, 0x05, 0xd2, 0x00, 0x11, 0x00, 0x2c, 0x40, 0x29, 0x10, 0x0f, 0x0e, 0x0d, 0x0c, 0x0b,
0x0a, 0x07, 0x06, 0x05, 0x04, 0x03, 0x02, 0x01, 0x0e, 0x01, 0x00, 0x01, 0x4c, 0x02, 0x01, 0x01,
0x01, 0x00, 0x5f, 0x00, 0x00, 0x00, 0x56, 0x01, 0x4e, 0x00, 0x00, 0x00, 0x11, 0x00, 0x11, 0x18,
0x03, 0x0b, 0x17, 0x2b, 0x01, 0x13, 0x07, 0x27, 0x25, 0x25, 0x37, 0x17, 0x03, 0x33, 0x03, 0x37,
0x17, 0x05, 0x05, 0x07, 0x27, 0x13, 0x01, 0xd0, 0x11, 0xf7, 0x59, 0x01, 0x09, 0xfe, 0xf7, 0x59,
0xf7, 0x11, 0xb0, 0x10, 0xf8, 0x58, 0xfe, 0xf8, 0x01, 0x08, 0x58, 0xf8, 0x10, 0x02, 0x8c, 0x01,
0x27, 0xa3, 0x9a, 0x84, 0x84, 0x9c, 0xa3, 0x01, 0x27, 0xfe, 0xd9, 0xa3, 0x9c, 0x84, 0x84, 0x9a,
0xa3, 0xfe, 0xd9, 0x00, 0x00, 0x01, 0x00, 0xbb, 0x00, 0xed, 0x04, 0x94, 0x04, 0xe5, 0x00, 0x11,
0x00, 0x31, 0x40, 0x2e, 0x10, 0x0f, 0x0e, 0x0d, 0x0c, 0x0b, 0x0a, 0x07, 0x06, 0x05, 0x04, 0x03,
0x02, 0x01, 0x0e, 0x01, 0x00, 0x01, 0x4c, 0x00, 0x00, 0x01, 0x01, 0x00, 0x57, 0x00, 0x00, 0x00,
0x01, 0x5f, 0x02, 0x01, 0x01, 0x00, 0x01, 0x4f, 0x00, 0x00, 0x00, 0x11, 0x00, 0x11, 0x18, 0x03,
0x0b, 0x17, 0x2b, 0x25, 0x13, 0x05, 0x27, 0x25, 0x25, 0x37, 0x05, 0x03, 0x33, 0x03, 0x25, 0x17,
0x05, 0x05, 0x07, 0x25, 0x13, 0x02, 0x40, 0x0f, 0xfe, 0xd4, 0x68, 0x01, 0x48, 0xfe, 0xb8, 0x6a,
0x01, 0x2a, 0x0f, 0xd1, 0x0f, 0x01, 0x29, 0x69, 0xfe, 0xb9, 0x01, 0x47, 0x67, 0xfe, 0xd5, 0x0f,
0xed, 0x01, 0x6e, 0xc9, 0xb5, 0xa2, 0xa5, 0xb5, 0xcb, 0x01, 0x6d, 0xfe, 0x93, 0xcb, 0xb5, 0xa5,
0xa2, 0xb5, 0xc8, 0xfe, 0x93, 0x00, 0x00, 0x04, 0x00, 0x62, 0x01, 0x5a, 0x04, 0xed, 0x05, 0xe6,
0x00, 0x13, 0x00, 0x23, 0x00, 0x31, 0x00, 0x3a, 0x00, 0x69, 0xb1, 0x06, 0x64, 0x44, 0x40, 0x5e,
0x30, 0x01, 0x04, 0x08, 0x01, 0x4c, 0x0c, 0x07, 0x02, 0x05, 0x04, 0x02, 0x04, 0x05, 0x02, 0x80,
0x00, 0x01, 0x00, 0x03, 0x06, 0x01, 0x03, 0x69, 0x00, 0x06, 0x00, 0x09, 0x08, 0x06, 0x09, 0x69,
0x00, 0x08, 0x00, 0x04, 0x05, 0x08, 0x04, 0x67, 0x0b, 0x01, 0x02, 0x00, 0x00, 0x02, 0x59, 0x0b,
0x01, 0x02, 0x02, 0x00, 0x61, 0x0a, 0x01, 0x00, 0x02, 0x00, 0x51, 0x24, 0x24, 0x15, 0x14, 0x01,
0x00, 0x3a, 0x38, 0x34, 0x32, 0x24, 0x31, 0x24, 0x31, 0x2b, 0x29, 0x28, 0x27, 0x26, 0x25, 0x1d,
0x1b, 0x14, 0x23, 0x15, 0x23, 0x0b, 0x09, 0x00, 0x13, 0x01, 0x13, 0x0d, 0x0b, 0x16, 0x2b, 0xb1,
0x06, 0x00, 0x44, 0x01, 0x22, 0x2e, 0x02, 0x35, 0x34, 0x3e, 0x02, 0x33, 0x32, 0x1e, 0x02, 0x15,
0x14, 0x0e, 0x02, 0x27, 0x32, 0x36, 0x36, 0x35, 0x34, 0x26, 0x26, 0x23, 0x22, 0x06, 0x06, 0x15,
0x14, 0x16, 0x16, 0x37, 0x27, 0x23, 0x15, 0x23, 0x11, 0x21, 0x32, 0x16, 0x15, 0x14, 0x06, 0x07,
0x17, 0x01, 0x33, 0x32, 0x36, 0x35, 0x34, 0x26, 0x23, 0x23, 0x02, 0xa7, 0x78, 0xd3, 0xa0, 0x5a,
0x5a, 0xa0, 0xd3, 0x78, 0x79, 0xd3, 0xa0, 0x5a, 0x5a, 0xa0, 0xd3, 0x79, 0x78, 0xc5, 0x75, 0x75,
0xc5, 0x78, 0x77, 0xc5, 0x75, 0x75, 0xc5, 0xe5, 0x57, 0x63, 0x84, 0x01, 0x0a, 0x43, 0x70, 0x31,
0x25, 0x69, 0xfe, 0xb4, 0x5f, 0x1d, 0x30, 0x31, 0x1b, 0x60, 0x01, 0x5a, 0x5b, 0xa0, 0xd3, 0x78,
0x78, 0xd3, 0xa0, 0x5b, 0x5b, 0xa0, 0xd3, 0x78, 0x78, 0xd3, 0xa0, 0x5b, 0x95, 0x75, 0xc4, 0x78,
0x78, 0xc4, 0x75, 0x75, 0xc4, 0x78, 0x78, 0xc4, 0x75, 0xa8, 0xb5, 0xb5, 0x02, 0x18, 0x59, 0x55,
0x37, 0x4e, 0x15, 0xd0, 0x01, 0x10, 0x2c, 0x2c, 0x2c, 0x24, 0x00, 0x03, 0x00, 0xa8, 0xff, 0xe9,
0x06, 0xa8, 0x05, 0xe9, 0x00, 0x13, 0x00, 0x27, 0x00, 0x47, 0x00, 0x64, 0xb1, 0x06, 0x64, 0x44,
0x40, 0x59, 0x00, 0x05, 0x06, 0x08, 0x06, 0x05, 0x08, 0x80, 0x00, 0x08, 0x07, 0x06, 0x08, 0x07,
0x7e, 0x00, 0x01, 0x00, 0x03, 0x04, 0x01, 0x03, 0x69, 0x00, 0x04, 0x00, 0x06, 0x05, 0x04, 0x06,
0x69, 0x00, 0x07, 0x00, 0x09, 0x02, 0x07, 0x09, 0x69, 0x0b, 0x01, 0x02, 0x00, 0x00, 0x02, 0x59,
0x0b, 0x01, 0x02, 0x02, 0x00, 0x61, 0x0a, 0x01, 0x00, 0x02, 0x00, 0x51, 0x15, 0x14, 0x01, 0x00,
0x45, 0x43, 0x40, 0x3f, 0x3d, 0x3b, 0x35, 0x33, 0x31, 0x30, 0x2d, 0x2b, 0x1f, 0x1d, 0x14, 0x27,
0x15, 0x27, 0x0b, 0x09, 0x00, 0x13, 0x01, 0x13, 0x0c, 0x0b, 0x16, 0x2b, 0xb1, 0x06, 0x00, 0x44,
0x05, 0x22, 0x24, 0x26, 0x02, 0x35, 0x34, 0x12, 0x36, 0x24, 0x33, 0x32, 0x04, 0x16, 0x12, 0x15,
0x14, 0x02, 0x06, 0x04, 0x27, 0x32, 0x3e, 0x02, 0x35, 0x34, 0x2e, 0x02, 0x23, 0x22, 0x0e, 0x02,
0x15, 0x14, 0x1e, 0x02, 0x01, 0x34, 0x36, 0x36, 0x33, 0x32, 0x16, 0x16, 0x17, 0x23, 0x26, 0x26,
0x23, 0x22, 0x06, 0x06, 0x15, 0x14, 0x16, 0x16, 0x33, 0x32, 0x36, 0x37, 0x33, 0x0e, 0x02, 0x23,
0x22, 0x26, 0x26, 0x03, 0xa8, 0x9f, 0xfe, 0xea, 0xd4, 0x77, 0x77, 0xd4, 0x01, 0x16, 0x9f, 0x9f,
0x01, 0x16, 0xd4, 0x77, 0x77, 0xd4, 0xfe, 0xea, 0x9f, 0x72, 0xc9, 0x97, 0x56, 0x56, 0x97, 0xc9,
0x72, 0x72, 0xc9, 0x97, 0x56, 0x56, 0x97, 0xc9, 0xfe, 0xd6, 0x71, 0xbe, 0x74, 0x65, 0xab, 0x70,
0x0c, 0xc8, 0x0d, 0x70, 0x47, 0x3e, 0x68, 0x3e, 0x3e, 0x68, 0x3e, 0x47, 0x66, 0x0d, 0xc8, 0x0c,
0x6b, 0xa6, 0x65, 0x74, 0xbe, 0x71, 0x17, 0x77, 0xd4, 0x01, 0x16, 0x9f, 0x9f, 0x01, 0x16, 0xd4,
0x77, 0x77, 0xd4, 0xfe, 0xea, 0x9f, 0x9f, 0xfe, 0xea, 0xd4, 0x77, 0xd8, 0x56, 0x97, 0xc9, 0x72,
0x72, 0xc9, 0x97, 0x56, 0x56, 0x97, 0xc9, 0x72, 0x72, 0xc9, 0x97, 0x56, 0x02, 0x27, 0x74, 0xbe,
0x71, 0x58, 0x97, 0x5f, 0x3f, 0x50, 0x3d, 0x67, 0x3f, 0x3f, 0x67, 0x3d, 0x4f, 0x3f, 0x5f, 0x98,
0x57, 0x71, 0xbe, 0x00, 0x00, 0x02, 0x00, 0x78, 0x03, 0x22, 0x03, 0x32, 0x05, 0xdd, 0x00, 0x0f,
0x00, 0x1b, 0x00, 0x39, 0xb1, 0x06, 0x64, 0x44, 0x40, 0x2e, 0x00, 0x01, 0x00, 0x03, 0x02, 0x01,
0x03, 0x69, 0x05, 0x01, 0x02, 0x00, 0x00, 0x02, 0x59, 0x05, 0x01, 0x02, 0x02, 0x00, 0x61, 0x04,
0x01, 0x00, 0x02, 0x00, 0x51, 0x11, 0x10, 0x01, 0x00, 0x17, 0x15, 0x10, 0x1b, 0x11, 0x1b, 0x09,
0x07, 0x00, 0x0f, 0x01, 0x0f, 0x06, 0x0b, 0x16, 0x2b, 0xb1, 0x06, 0x00, 0x44, 0x01, 0x22, 0x26,
0x26, 0x35, 0x34, 0x36, 0x36, 0x33, 0x32, 0x16, 0x16, 0x15, 0x14, 0x06, 0x06, 0x27, 0x32, 0x36,
0x35, 0x34, 0x26, 0x23, 0x22, 0x06, 0x15, 0x14, 0x16, 0x01, 0xd6, 0x60, 0x9f, 0x5f, 0x5f, 0x9f,
0x60, 0x60, 0x9e, 0x5e, 0x5e, 0x9e, 0x60, 0x44, 0x60, 0x60, 0x44, 0x44, 0x60, 0x60, 0x03, 0x22,
0x5e, 0x9e, 0x60, 0x61, 0x9f, 0x5f, 0x5f, 0x9f, 0x61, 0x60, 0x9e, 0x5e, 0xb9, 0x60, 0x43, 0x44,
0x61, 0x61, 0x44, 0x43, 0x60, 0x00, 0x00, 0x02, 0x00, 0x3b, 0x02, 0x8b, 0x03, 0x42, 0x05, 0xed,
0x00, 0x1e, 0x00, 0x2c, 0x00, 0x7a, 0x4b, 0xb0, 0x1d, 0x50, 0x58, 0x40, 0x0c, 0x23, 0x11, 0x10,
0x03, 0x04, 0x01, 0x1b, 0x01, 0x00, 0x04, 0x02, 0x4c, 0x1b, 0x40, 0x0c, 0x23, 0x11, 0x10, 0x03,
0x04, 0x01, 0x1b, 0x01, 0x03, 0x04, 0x02, 0x4c, 0x59, 0x4b, 0xb0, 0x1d, 0x50, 0x58, 0x40, 0x18,
0x00, 0x01, 0x01, 0x02, 0x61, 0x00, 0x02, 0x02, 0x79, 0x4d, 0x06, 0x01, 0x04, 0x04, 0x00, 0x61,
0x03, 0x05, 0x02, 0x00, 0x00, 0x81, 0x00, 0x4e, 0x1b, 0x40, 0x1c, 0x00, 0x01, 0x01, 0x02, 0x61,
0x00, 0x02, 0x02, 0x79, 0x4d, 0x00, 0x03, 0x03, 0x7b, 0x4d, 0x06, 0x01, 0x04, 0x04, 0x00, 0x61,
0x05, 0x01, 0x00, 0x00, 0x81, 0x00, 0x4e, 0x59, 0x40, 0x15, 0x20, 0x1f, 0x01, 0x00, 0x1f, 0x2c,
0x20, 0x2c, 0x1a, 0x19, 0x15, 0x13, 0x0e, 0x0c, 0x00, 0x1e, 0x01, 0x1e, 0x07, 0x0d, 0x16, 0x2b,
0x01, 0x22, 0x26, 0x35, 0x34, 0x36, 0x36, 0x37, 0x36, 0x36, 0x35, 0x35, 0x34, 0x23, 0x22, 0x06,
0x07, 0x27, 0x36, 0x36, 0x33, 0x32, 0x16, 0x16, 0x15, 0x11, 0x23, 0x35, 0x23, 0x06, 0x06, 0x27,
0x32, 0x36, 0x35, 0x35, 0x0e, 0x02, 0x07, 0x06, 0x06, 0x15, 0x14, 0x16, 0x01, 0x67, 0x80, 0xac,
0x62, 0x9c, 0x57, 0x76, 0x66, 0x99, 0x4c, 0x5c, 0x10, 0xc6, 0x27, 0xce, 0x88, 0x57, 0xa9, 0x70,
0xcc, 0x09, 0x1d, 0x81, 0x30, 0x5e, 0x71, 0x0e, 0x48, 0x50, 0x1c, 0x49, 0x59, 0x54, 0x02, 0x8b,
0x80, 0x7c, 0x5e, 0x69, 0x31, 0x08, 0x0b, 0x17, 0x29, 0x04, 0x77, 0x3b, 0x2a, 0x23, 0x6f, 0x73,
0x37, 0x7e, 0x69, 0xfd, 0xcd, 0x74, 0x38, 0x4d, 0x99, 0x60, 0x44, 0x5e, 0x0a, 0x0f, 0x0b, 0x03,
0x0a, 0x36, 0x33, 0x33, 0x35, 0x00, 0x00, 0x02, 0x00, 0x46, 0x02, 0x8c, 0x03, 0xa0, 0x05, 0xed,
0x00, 0x0f, 0x00, 0x1b, 0x00, 0x2d, 0x40, 0x2a, 0x00, 0x03, 0x03, 0x01, 0x61, 0x00, 0x01, 0x01,
0x79, 0x4d, 0x05, 0x01, 0x02, 0x02, 0x00, 0x61, 0x04, 0x01, 0x00, 0x00, 0x81, 0x00, 0x4e, 0x11,
0x10, 0x01, 0x00, 0x17, 0x15, 0x10, 0x1b, 0x11, 0x1b, 0x09, 0x07, 0x00, 0x0f, 0x01, 0x0f, 0x06,
0x0d, 0x16, 0x2b, 0x01, 0x22, 0x26, 0x26, 0x35, 0x34, 0x36, 0x36, 0x33, 0x32, 0x16, 0x16, 0x15,
0x14, 0x06, 0x06, 0x27, 0x32, 0x36, 0x35, 0x34, 0x26, 0x23, 0x22, 0x06, 0x15, 0x14, 0x16, 0x01,
0xf3, 0x83, 0xc1, 0x69, 0x69, 0xc1, 0x83, 0x83, 0xc1, 0x69, 0x69, 0xc1, 0x83, 0x6b, 0x69, 0x69,
0x6b, 0x6a, 0x69, 0x69, 0x02, 0x8c, 0x6c, 0xc3, 0x81, 0x81, 0xc3, 0x6d, 0x6d, 0xc3, 0x81, 0x82,
0xc2, 0x6c, 0xaa, 0x96, 0x70, 0x70, 0x97, 0x96, 0x71, 0x70, 0x96, 0x00, 0x00, 0x02, 0x00, 0x4c,
0x02, 0xe8, 0x01, 0x26, 0x07, 0x2e, 0x00, 0x03, 0x00, 0x0f, 0x00, 0x4f, 0x4b, 0xb0, 0x17, 0x50,
0x58, 0x40, 0x15, 0x00, 0x03, 0x05, 0x01, 0x02, 0x00, 0x03, 0x02, 0x69, 0x04, 0x01, 0x01, 0x01,
0x00, 0x5f, 0x00, 0x00, 0x00, 0x56, 0x01, 0x4e, 0x1b, 0x40, 0x1a, 0x00, 0x03, 0x05, 0x01, 0x02,
0x00, 0x03, 0x02, 0x69, 0x00, 0x00, 0x01, 0x01, 0x00, 0x57, 0x00, 0x00, 0x00, 0x01, 0x5f, 0x04,
0x01, 0x01, 0x00, 0x01, 0x4f, 0x59, 0x40, 0x12, 0x05, 0x04, 0x00, 0x00, 0x0b, 0x09, 0x04, 0x0f,
0x05, 0x0f, 0x00, 0x03, 0x00, 0x03, 0x11, 0x06, 0x0b, 0x17, 0x2b, 0x13, 0x11, 0x33, 0x11, 0x03,
0x22, 0x26, 0x35, 0x34, 0x36, 0x33, 0x32, 0x16, 0x15, 0x14, 0x06, 0x56, 0xc6, 0x63, 0x2c, 0x41,
0x40, 0x2d, 0x2c, 0x41, 0x41, 0x02, 0xe8, 0x03, 0x18, 0xfc, 0xe8, 0x03, 0x72, 0x3f, 0x2b, 0x2b,
0x3f, 0x3f, 0x2b, 0x2c, 0x3e, 0x00, 0x00, 0x01, 0x00, 0x54, 0x02, 0xe8, 0x02, 0xf9, 0x06, 0x08,
0x00, 0x14, 0x00, 0x6a, 0xb5, 0x05, 0x01, 0x04, 0x01, 0x01, 0x4c, 0x4b, 0xb0, 0x20, 0x50, 0x58,
0x40, 0x18, 0x00, 0x04, 0x04, 0x01, 0x61, 0x02, 0x01, 0x01, 0x01, 0x5e, 0x4d, 0x03, 0x01, 0x00,
0x00, 0x01, 0x61, 0x02, 0x01, 0x01, 0x01, 0x5e, 0x00, 0x4e, 0x1b, 0x4b, 0xb0, 0x27, 0x50, 0x58,
0x40, 0x18, 0x00, 0x04, 0x04, 0x01, 0x61, 0x02, 0x01, 0x01, 0x01, 0x5c, 0x4d, 0x03, 0x01, 0x00,
0x00, 0x01, 0x61, 0x02, 0x01, 0x01, 0x01, 0x5c, 0x00, 0x4e, 0x1b, 0x40, 0x15, 0x02, 0x01, 0x01,
0x00, 0x04, 0x00, 0x01, 0x04, 0x69, 0x02, 0x01, 0x01, 0x01, 0x00, 0x5f, 0x03, 0x01, 0x00, 0x01,
0x00, 0x4f, 0x59, 0x59, 0xb7, 0x23, 0x13, 0x24, 0x11, 0x11, 0x05, 0x0b, 0x1b, 0x2b, 0x01, 0x11,
0x23, 0x11, 0x33, 0x15, 0x33, 0x36, 0x36, 0x33, 0x32, 0x16, 0x15, 0x11, 0x23, 0x11, 0x26, 0x26,
0x23, 0x22, 0x06, 0x01, 0x19, 0xc5, 0xbc, 0x09, 0x19, 0x73, 0x54, 0x72, 0x8e, 0xc5, 0x01, 0x49,
0x3f, 0x3f, 0x52, 0x04, 0xc5, 0xfe, 0x23, 0x03, 0x18, 0x82, 0x3f, 0x4b, 0x94, 0x83, 0xfd, 0xf7,
0x01, 0xe7, 0x47, 0x4e, 0x53, 0x00, 0x00, 0x01, 0x00, 0x59, 0x00, 0x00, 0x04, 0x37, 0x05, 0xd2,
0x00, 0x0e, 0x00, 0x28, 0x40, 0x25, 0x00, 0x01, 0x00, 0x03, 0x00, 0x01, 0x03, 0x80, 0x00, 0x00,
0x00, 0x02, 0x5f, 0x00, 0x02, 0x02, 0x56, 0x4d, 0x04, 0x01, 0x03, 0x03, 0x57, 0x03, 0x4e, 0x00,
0x00, 0x00, 0x0e, 0x00, 0x0e, 0x26, 0x21, 0x11, 0x05, 0x0b, 0x19, 0x2b, 0x21, 0x11, 0x23, 0x11,
0x23, 0x22, 0x26, 0x26, 0x35, 0x34, 0x36, 0x36, 0x33, 0x21, 0x11, 0x03, 0x57, 0xb4, 0x55, 0xa2,
0xe0, 0x73, 0x73, 0xe0, 0xa2, 0x01, 0xe9, 0x04, 0xff, 0xfd, 0x29, 0x7a, 0xd5, 0x87, 0x86, 0xd3,
0x7b, 0xfa, 0x2e, 0x00, 0x00, 0x02, 0x00, 0x67, 0xfe, 0xd3, 0x04, 0x25, 0x05, 0xe7, 0x00, 0x35,
0x00, 0x44, 0x00, 0x48, 0x40, 0x45, 0x1f, 0x1e, 0x02, 0x02, 0x04, 0x42, 0x01, 0x05, 0x02, 0x04,
0x03, 0x02, 0x01, 0x05, 0x03, 0x4c, 0x00, 0x02, 0x04, 0x05, 0x04, 0x02, 0x05, 0x80, 0x00, 0x05,
0x01, 0x04, 0x05, 0x01, 0x7e, 0x00, 0x01, 0x06, 0x01, 0x00, 0x01, 0x00, 0x65, 0x00, 0x04, 0x04,
0x03, 0x61, 0x00, 0x03, 0x03, 0x5c, 0x04, 0x4e, 0x01, 0x00, 0x2f, 0x2e, 0x23, 0x21, 0x1c, 0x1a,
0x14, 0x13, 0x08, 0x06, 0x00, 0x35, 0x01, 0x35, 0x07, 0x0b, 0x16, 0x2b, 0x01, 0x22, 0x26, 0x27,
0x37, 0x16, 0x16, 0x33, 0x32, 0x36, 0x35, 0x34, 0x26, 0x27, 0x25, 0x26, 0x26, 0x35, 0x34, 0x36,
0x37, 0x37, 0x26, 0x26, 0x35, 0x34, 0x36, 0x33, 0x32, 0x16, 0x17, 0x07, 0x26, 0x26, 0x23, 0x22,
0x06, 0x15, 0x14, 0x16, 0x17, 0x05, 0x16, 0x16, 0x15, 0x14, 0x06, 0x07, 0x07, 0x16, 0x16, 0x15,
0x14, 0x06, 0x03, 0x16, 0x36, 0x36, 0x37, 0x36, 0x26, 0x27, 0x27, 0x26, 0x06, 0x06, 0x07, 0x06,
0x17, 0x02, 0x3a, 0xb6, 0xd9, 0x1d, 0xde, 0x13, 0x5f, 0x5e, 0x53, 0x60, 0x5b, 0x3b, 0xfe, 0xf2,
0x68, 0x7c, 0x84, 0x6b, 0x02, 0x54, 0x53, 0xdb, 0xb7, 0xb2, 0xc7, 0x24, 0xd9, 0x19, 0x51, 0x56,
0x52, 0x59, 0x5e, 0x3f, 0x01, 0x0d, 0x68, 0x77, 0x87, 0x67, 0x02, 0x5b, 0x4d, 0xe8, 0x44, 0x1b,
0x49, 0x3a, 0x03, 0x03, 0x3d, 0x46, 0xff, 0x1b, 0x47, 0x37, 0x02, 0x0a, 0x8d, 0xfe, 0xd3, 0xb1,
0x99, 0x2d, 0x4d, 0x5a, 0x46, 0x42, 0x43, 0x4e, 0x19, 0x7f, 0x2e, 0xa6, 0x61, 0x64, 0x84, 0x03,
0x03, 0x38, 0x86, 0x5e, 0x9e, 0xb6, 0xac, 0x9c, 0x2c, 0x51, 0x55, 0x4a, 0x40, 0x45, 0x50, 0x1b,
0x7e, 0x2f, 0xa2, 0x5c, 0x65, 0x85, 0x06, 0x05, 0x33, 0x95, 0x51, 0x9b, 0xb8, 0x02, 0xb6, 0x0d,
0x14, 0x40, 0x35, 0x34, 0x5d, 0x1f, 0x7a, 0x0e, 0x15, 0x40, 0x35, 0x75, 0x41, 0x00, 0x00, 0x02,
0x00, 0x46, 0x03, 0x74, 0x02, 0xe1, 0x05, 0xfb, 0x00, 0x1d, 0x00, 0x2a, 0x00, 0xba, 0x4b, 0xb0,
0x31, 0x50, 0x58, 0x40, 0x0f, 0x11, 0x10, 0x02, 0x01, 0x02, 0x22, 0x01, 0x05, 0x01, 0x1b, 0x01,
0x00, 0x05, 0x03, 0x4c, 0x1b, 0x40, 0x0f, 0x11, 0x10, 0x02, 0x01, 0x02, 0x22, 0x01, 0x05, 0x01,
0x1b, 0x01, 0x04, 0x05, 0x03, 0x4c, 0x59, 0x4b, 0xb0, 0x0a, 0x50, 0x58, 0x40, 0x1f, 0x00, 0x01,
0x02, 0x05, 0x05, 0x01, 0x72, 0x00, 0x02, 0x02, 0x03, 0x61, 0x00, 0x03, 0x03, 0x4f, 0x4d, 0x07,
0x01, 0x05, 0x05, 0x00, 0x62, 0x04, 0x06, 0x02, 0x00, 0x00, 0x50, 0x00, 0x4e, 0x1b, 0x4b, 0xb0,
0x31, 0x50, 0x58, 0x40, 0x20, 0x00, 0x01, 0x02, 0x05, 0x02, 0x01, 0x05, 0x80, 0x00, 0x02, 0x02,
0x03, 0x61, 0x00, 0x03, 0x03, 0x4f, 0x4d, 0x07, 0x01, 0x05, 0x05, 0x00, 0x62, 0x04, 0x06, 0x02,
0x00, 0x00, 0x50, 0x00, 0x4e, 0x1b, 0x40, 0x24, 0x00, 0x01, 0x02, 0x05, 0x02, 0x01, 0x05, 0x80,
0x00, 0x02, 0x02, 0x03, 0x61, 0x00, 0x03, 0x03, 0x4f, 0x4d, 0x00, 0x04, 0x04, 0x4c, 0x4d, 0x07,
0x01, 0x05, 0x05, 0x00, 0x62, 0x06, 0x01, 0x00, 0x00, 0x50, 0x00, 0x4e, 0x59, 0x59, 0x40, 0x17,
0x1f, 0x1e, 0x01, 0x00, 0x1e, 0x2a, 0x1f, 0x2a, 0x1a, 0x19, 0x15, 0x13, 0x0e, 0x0c, 0x07, 0x05,
0x00, 0x1d, 0x01, 0x1d, 0x08, 0x0a, 0x16, 0x2b, 0x01, 0x22, 0x26, 0x35, 0x34, 0x36, 0x37, 0x36,
0x36, 0x35, 0x35, 0x34, 0x26, 0x23, 0x22, 0x06, 0x07, 0x27, 0x36, 0x36, 0x33, 0x32, 0x16, 0x16,
0x15, 0x11, 0x23, 0x35, 0x23, 0x06, 0x27, 0x32, 0x36, 0x35, 0x35, 0x06, 0x06, 0x07, 0x06, 0x06,
0x15, 0x14, 0x16, 0x01, 0x37, 0x68, 0x89, 0x98, 0x77, 0x5d, 0x5b, 0x3c, 0x35, 0x32, 0x46, 0x0d,
0xbe, 0x1b, 0xa7, 0x81, 0x58, 0x94, 0x59, 0xc4, 0x07, 0x3c, 0x62, 0x3e, 0x58, 0x17, 0x51, 0x1f,
0x41, 0x37, 0x3c, 0x03, 0x74, 0x5a, 0x5e, 0x64, 0x5a, 0x08, 0x06, 0x12, 0x1d, 0x05, 0x1d, 0x21,
0x1d, 0x1e, 0x1d, 0x46, 0x69, 0x36, 0x5b, 0x39, 0xfe, 0x4d, 0x5a, 0x64, 0x86, 0x36, 0x2f, 0x38,
0x09, 0x0c, 0x03, 0x08, 0x26, 0x19, 0x1f, 0x1f, 0x00, 0x02, 0x00, 0x72, 0x03, 0x78, 0x03, 0x48,
0x06, 0xb4, 0x00, 0x14, 0x00, 0x20, 0x00, 0x72, 0x40, 0x0a, 0x09, 0x01, 0x05, 0x03, 0x03, 0x01,
0x00, 0x04, 0x02, 0x4c, 0x4b, 0xb0, 0x1d, 0x50, 0x58, 0x40, 0x1d, 0x00, 0x02, 0x02, 0x4a, 0x4d,
0x00, 0x05, 0x05, 0x03, 0x61, 0x00, 0x03, 0x03, 0x4f, 0x4d, 0x07, 0x01, 0x04, 0x04, 0x00, 0x61,
0x01, 0x06, 0x02, 0x00, 0x00, 0x50, 0x00, 0x4e, 0x1b, 0x40, 0x24, 0x00, 0x02, 0x02, 0x00, 0x61,
0x01, 0x06, 0x02, 0x00, 0x00, 0x50, 0x4d, 0x00, 0x05, 0x05, 0x03, 0x61, 0x00, 0x03, 0x03, 0x4f,
0x4d, 0x07, 0x01, 0x04, 0x04, 0x00, 0x61, 0x01, 0x06, 0x02, 0x00, 0x00, 0x50, 0x00, 0x4e, 0x59,
0x40, 0x17, 0x16, 0x15, 0x01, 0x00, 0x1c, 0x1a, 0x15, 0x20, 0x16, 0x20, 0x0e, 0x0c, 0x08, 0x07,
0x06, 0x05, 0x00, 0x14, 0x01, 0x14, 0x08, 0x0a, 0x16, 0x2b, 0x01, 0x22, 0x26, 0x27, 0x23, 0x15,
0x23, 0x11, 0x33, 0x11, 0x33, 0x36, 0x36, 0x33, 0x32, 0x16, 0x16, 0x15, 0x14, 0x06, 0x06, 0x27,
0x32, 0x36, 0x35, 0x34, 0x26, 0x23, 0x22, 0x06, 0x15, 0x14, 0x16, 0x02, 0x25, 0x5a, 0x68, 0x15,
0x0b, 0xd1, 0xd4, 0x06, 0x11, 0x6a, 0x60, 0x49, 0x84, 0x54, 0x51, 0x84, 0x9c, 0x48, 0x4d, 0x4d,
0x48, 0x47, 0x4d, 0x4d, 0x03, 0x78, 0x45, 0x2d, 0x6c, 0x03, 0x36, 0xfe, 0xc7, 0x2e, 0x52, 0x3f,
0x8d, 0x77, 0x6f, 0x8e, 0x43, 0xa0, 0x56, 0x4a, 0x4a, 0x57, 0x55, 0x4c, 0x49, 0x57, 0x00, 0x01,
0x00, 0x54, 0x03, 0x73, 0x03, 0x0f, 0x05, 0xfb, 0x00, 0x17, 0x00, 0x31, 0x40, 0x2e, 0x15, 0x14,
0x0a, 0x09, 0x04, 0x03, 0x02, 0x01, 0x4c, 0x00, 0x02, 0x02, 0x01, 0x61, 0x00, 0x01, 0x01, 0x4f,
0x4d, 0x00, 0x03, 0x03, 0x00, 0x61, 0x04, 0x01, 0x00, 0x00, 0x50, 0x00, 0x4e, 0x01, 0x00, 0x13,
0x11, 0x0d, 0x0b, 0x07, 0x05, 0x00, 0x17, 0x01, 0x17, 0x05, 0x0a, 0x16, 0x2b, 0x01, 0x22, 0x26,
0x35, 0x34, 0x36, 0x33, 0x32, 0x16, 0x17, 0x07, 0x26, 0x23, 0x22, 0x06, 0x15, 0x14, 0x16, 0x33,
0x32, 0x37, 0x17, 0x06, 0x06, 0x01, 0xc5, 0xae, 0xc3, 0xc3, 0xae, 0x89, 0xad, 0x13, 0xbf, 0x1a,
0x6f, 0x47, 0x53, 0x53, 0x47, 0x74, 0x17, 0xbe, 0x14, 0xa9, 0x03, 0x73, 0xb3, 0x91, 0x90, 0xb4,
0x77, 0x65, 0x2a, 0x6a, 0x54, 0x52, 0x53, 0x57, 0x6d, 0x28, 0x67, 0x7a, 0x00, 0x02, 0x00, 0x54,
0x03, 0x78, 0x03, 0x29, 0x06, 0xb4, 0x00, 0x14, 0x00, 0x20, 0x00, 0x72, 0x40, 0x0a, 0x0b, 0x01,
0x05, 0x01, 0x11, 0x01, 0x00, 0x04, 0x02, 0x4c, 0x4b, 0xb0, 0x1d, 0x50, 0x58, 0x40, 0x1d, 0x00,
0x02, 0x02, 0x4a, 0x4d, 0x00, 0x05, 0x05, 0x01, 0x61, 0x00, 0x01, 0x01, 0x4f, 0x4d, 0x07, 0x01,
0x04, 0x04, 0x00, 0x61, 0x03, 0x06, 0x02, 0x00, 0x00, 0x50, 0x00, 0x4e, 0x1b, 0x40, 0x24, 0x00,
0x02, 0x02, 0x00, 0x61, 0x03, 0x06, 0x02, 0x00, 0x00, 0x50, 0x4d, 0x00, 0x05, 0x05, 0x01, 0x61,
0x00, 0x01, 0x01, 0x4f, 0x4d, 0x07, 0x01, 0x04, 0x04, 0x00, 0x61, 0x03, 0x06, 0x02, 0x00, 0x00,
0x50, 0x00, 0x4e, 0x59, 0x40, 0x17, 0x16, 0x15, 0x01, 0x00, 0x1c, 0x1a, 0x15, 0x20, 0x16, 0x20,
0x10, 0x0f, 0x0e, 0x0d, 0x09, 0x07, 0x00, 0x14, 0x01, 0x14, 0x08, 0x0a, 0x16, 0x2b, 0x01, 0x22,
0x26, 0x26, 0x35, 0x34, 0x36, 0x36, 0x33, 0x32, 0x16, 0x17, 0x33, 0x11, 0x33, 0x11, 0x23, 0x35,
0x23, 0x06, 0x06, 0x27, 0x32, 0x36, 0x35, 0x34, 0x26, 0x23, 0x22, 0x06, 0x15, 0x14, 0x16, 0x01,
0x77, 0x4f, 0x84, 0x50, 0x53, 0x85, 0x49, 0x5f, 0x6a, 0x10, 0x07, 0xd4, 0xd1, 0x0b, 0x15, 0x6a,
0x0a, 0x47, 0x4d, 0x4d, 0x47, 0x48, 0x4d, 0x4d, 0x03, 0x78, 0x44, 0x8d, 0x6f, 0x77, 0x8e, 0x3e,
0x52, 0x2e, 0x01, 0x39, 0xfc, 0xca, 0x6c, 0x2e, 0x44, 0xa0, 0x57, 0x49, 0x4c, 0x55, 0x57, 0x4a,
0x4a, 0x56, 0x00, 0x02, 0x00, 0x54, 0x03, 0x73, 0x03, 0x1e, 0x05, 0xfb, 0x00, 0x13, 0x00, 0x18,
0x00, 0x3b, 0x40, 0x38, 0x11, 0x10, 0x02, 0x03, 0x02, 0x01, 0x4c, 0x00, 0x04, 0x00, 0x02, 0x03,
0x04, 0x02, 0x67, 0x00, 0x05, 0x05, 0x01, 0x61, 0x00, 0x01, 0x01, 0x4f, 0x4d, 0x00, 0x03, 0x03,
0x00, 0x61, 0x06, 0x01, 0x00, 0x00, 0x50, 0x00, 0x4e, 0x01, 0x00, 0x18, 0x16, 0x15, 0x14, 0x0f,
0x0d, 0x0b, 0x0a, 0x07, 0x05, 0x00, 0x13, 0x01, 0x13, 0x07, 0x0a, 0x16, 0x2b, 0x01, 0x22, 0x26,
0x35, 0x34, 0x36, 0x33, 0x32, 0x16, 0x15, 0x15, 0x21, 0x16, 0x16, 0x33, 0x32, 0x37, 0x17, 0x06,
0x06, 0x01, 0x21, 0x26, 0x23, 0x22, 0x01, 0xc8, 0xb0, 0xc4, 0xc3, 0xa7, 0x9a, 0xc6, 0xfe, 0x07,
0x03, 0x5a, 0x48, 0x69, 0x20, 0xbb, 0x1f, 0xa0, 0xfe, 0xd8, 0x01, 0x2c, 0x10, 0x84, 0x87, 0x03,
0x73, 0xa9, 0x9b, 0x93, 0xb1, 0xa8, 0x9b, 0x2f, 0x41, 0x3f, 0x3a, 0x29, 0x4c, 0x5b, 0x01, 0x89,
0x6b, 0x00, 0x00, 0x01, 0x00, 0x28, 0x03, 0x7e, 0x02, 0x35, 0x06, 0xeb, 0x00, 0x17, 0x00, 0x61,
0x40, 0x0a, 0x0b, 0x01, 0x03, 0x02, 0x0c, 0x01, 0x01, 0x03, 0x02, 0x4c, 0x4b, 0xb0, 0x1d, 0x50,
0x58, 0x40, 0x1d, 0x00, 0x03, 0x03, 0x02, 0x61, 0x00, 0x02, 0x02, 0x4e, 0x4d, 0x05, 0x01, 0x00,
0x00, 0x01, 0x5f, 0x04, 0x01, 0x01, 0x01, 0x4b, 0x4d, 0x07, 0x01, 0x06, 0x06, 0x4c, 0x06, 0x4e,
0x1b, 0x40, 0x1b, 0x00, 0x02, 0x00, 0x03, 0x01, 0x02, 0x03, 0x69, 0x05, 0x01, 0x00, 0x00, 0x01,
0x5f, 0x04, 0x01, 0x01, 0x01, 0x4b, 0x4d, 0x07, 0x01, 0x06, 0x06, 0x4c, 0x06, 0x4e, 0x59, 0x40,
0x0f, 0x00, 0x00, 0x00, 0x17, 0x00, 0x17, 0x11, 0x13, 0x25, 0x23, 0x11, 0x11, 0x08, 0x0a, 0x1c,
0x2b, 0x13, 0x11, 0x23, 0x35, 0x33, 0x35, 0x34, 0x36, 0x33, 0x32, 0x16, 0x17, 0x07, 0x26, 0x26,
0x23, 0x22, 0x06, 0x15, 0x15, 0x33, 0x15, 0x23, 0x11, 0xa4, 0x7c, 0x7c, 0x8e, 0x65, 0x31, 0x56,
0x17, 0x31, 0x0e, 0x21, 0x12, 0x2a, 0x23, 0x98, 0x98, 0x03, 0x7e, 0x01, 0xe0, 0x97, 0x0a, 0x75,
0x77, 0x12, 0x06, 0x95, 0x04, 0x07, 0x1d, 0x15, 0x22, 0x97, 0xfe, 0x20, 0x00, 0x02, 0x00, 0x54,
0x02, 0x88, 0x03, 0x2c, 0x05, 0xfb, 0x00, 0x1f, 0x00, 0x2b, 0x00, 0x53, 0x40, 0x50, 0x19, 0x01,
0x07, 0x04, 0x04, 0x03, 0x02, 0x01, 0x03, 0x02, 0x4c, 0x00, 0x02, 0x06, 0x03, 0x06, 0x02, 0x03,
0x80, 0x00, 0x07, 0x07, 0x04, 0x61, 0x05, 0x01, 0x04, 0x04, 0x4f, 0x4d, 0x09, 0x01, 0x06, 0x06,
0x03, 0x61, 0x00, 0x03, 0x03, 0x4c, 0x4d, 0x00, 0x01, 0x01, 0x00, 0x61, 0x08, 0x01, 0x00, 0x00,
0x51, 0x00, 0x4e, 0x21, 0x20, 0x01, 0x00, 0x27, 0x25, 0x20, 0x2b, 0x21, 0x2b, 0x1c, 0x1b, 0x17,
0x15, 0x0f, 0x0d, 0x0b, 0x0a, 0x07, 0x05, 0x00, 0x1f, 0x01, 0x1f, 0x0a, 0x0a, 0x16, 0x2b, 0x01,
0x22, 0x26, 0x27, 0x37, 0x16, 0x33, 0x32, 0x36, 0x35, 0x35, 0x23, 0x06, 0x06, 0x23, 0x22, 0x26,
0x26, 0x35, 0x34, 0x36, 0x36, 0x33, 0x32, 0x16, 0x17, 0x33, 0x35, 0x33, 0x11, 0x14, 0x06, 0x03,
0x32, 0x36, 0x35, 0x34, 0x26, 0x23, 0x22, 0x06, 0x15, 0x14, 0x16, 0x01, 0xbb, 0x86, 0xb5, 0x16,
0xb2, 0x19, 0x84, 0x4d, 0x55, 0x16, 0x13, 0x63, 0x58, 0x4d, 0x85, 0x51, 0x54, 0x85, 0x49, 0x5e,
0x6c, 0x13, 0x08, 0xd1, 0xcf, 0x98, 0x47, 0x4d, 0x4c, 0x48, 0x48, 0x4e, 0x4e, 0x02, 0x88, 0x54,
0x49, 0x2a, 0x3a, 0x30, 0x32, 0x74, 0x2b, 0x3a, 0x39, 0x85, 0x72, 0x78, 0x8e, 0x3f, 0x4e, 0x31,
0x79, 0xfd, 0x96, 0x7c, 0x87, 0x01, 0x91, 0x52, 0x4a, 0x4b, 0x58, 0x59, 0x4a, 0x4b, 0x51, 0x00,
0x00, 0x01, 0x00, 0x72, 0x03, 0x7e, 0x03, 0x2d, 0x06, 0xb4, 0x00, 0x13, 0x00, 0x48, 0xb5, 0x05,
0x01, 0x04, 0x02, 0x01, 0x4c, 0x4b, 0xb0, 0x1d, 0x50, 0x58, 0x40, 0x16, 0x00, 0x01, 0x01, 0x4a,
0x4d, 0x00, 0x04, 0x04, 0x02, 0x61, 0x00, 0x02, 0x02, 0x4f, 0x4d, 0x03, 0x01, 0x00, 0x00, 0x4c,
0x00, 0x4e, 0x1b, 0x40, 0x16, 0x00, 0x04, 0x04, 0x02, 0x61, 0x00, 0x02, 0x02, 0x4f, 0x4d, 0x00,
0x01, 0x01, 0x00, 0x5f, 0x03, 0x01, 0x00, 0x00, 0x4c, 0x00, 0x4e, 0x59, 0xb7, 0x23, 0x13, 0x23,
0x11, 0x11, 0x05, 0x0a, 0x1b, 0x2b, 0x01, 0x11, 0x23, 0x11, 0x33, 0x11, 0x36, 0x36, 0x33, 0x32,
0x16, 0x15, 0x11, 0x23, 0x11, 0x34, 0x26, 0x23, 0x22, 0x06, 0x01, 0x46, 0xd4, 0xcd, 0x1a, 0x72,
0x5b, 0x75, 0x92, 0xd4, 0x48, 0x3e, 0x3f, 0x4e, 0x04, 0xeb, 0xfe, 0x93, 0x03, 0x36, 0xfe, 0xb0,
0x41, 0x56, 0x85, 0x64, 0xfe, 0x6c, 0x01, 0x6a, 0x31, 0x39, 0x39, 0x00, 0x00, 0x02, 0x00, 0x6f,
0x03, 0x7e, 0x01, 0x49, 0x06, 0xfc, 0x00, 0x03, 0x00, 0x0f, 0x00, 0x4c, 0x4b, 0xb0, 0x1d, 0x50,
0x58, 0x40, 0x17, 0x05, 0x01, 0x02, 0x02, 0x03, 0x61, 0x00, 0x03, 0x03, 0x4e, 0x4d, 0x00, 0x00,
0x00, 0x4b, 0x4d, 0x04, 0x01, 0x01, 0x01, 0x4c, 0x01, 0x4e, 0x1b, 0x40, 0x15, 0x00, 0x03, 0x05,
0x01, 0x02, 0x00, 0x03, 0x02, 0x69, 0x00, 0x00, 0x00, 0x4b, 0x4d, 0x04, 0x01, 0x01, 0x01, 0x4c,
0x01, 0x4e, 0x59, 0x40, 0x12, 0x05, 0x04, 0x00, 0x00, 0x0b, 0x09, 0x04, 0x0f, 0x05, 0x0f, 0x00,
0x03, 0x00, 0x03, 0x11, 0x06, 0x0a, 0x17, 0x2b, 0x13, 0x11, 0x33, 0x11, 0x03, 0x22, 0x26, 0x35,
0x34, 0x36, 0x33, 0x32, 0x16, 0x15, 0x14, 0x06, 0x72, 0xd4, 0x6a, 0x2d, 0x40, 0x40, 0x2d, 0x2c,
0x41, 0x41, 0x03, 0x7e, 0x02, 0x77, 0xfd, 0x89, 0x02, 0xc0, 0x37, 0x28, 0x27, 0x38, 0x38, 0x27,
0x28, 0x37, 0x00, 0x02, 0xff, 0xfb, 0x02, 0x97, 0x01, 0x49, 0x06, 0xfc, 0x00, 0x0c, 0x00, 0x18,
0x00, 0x50, 0x4b, 0xb0, 0x1d, 0x50, 0x58, 0x40, 0x1b, 0x05, 0x01, 0x03, 0x03, 0x04, 0x61, 0x00,
0x04, 0x04, 0x4e, 0x4d, 0x00, 0x00, 0x00, 0x4b, 0x4d, 0x00, 0x02, 0x02, 0x01, 0x61, 0x00, 0x01,
0x01, 0x51, 0x01, 0x4e, 0x1b, 0x40, 0x19, 0x00, 0x04, 0x05, 0x01, 0x03, 0x00, 0x04, 0x03, 0x69,
0x00, 0x00, 0x00, 0x4b, 0x4d, 0x00, 0x02, 0x02, 0x01, 0x61, 0x00, 0x01, 0x01, 0x51, 0x01, 0x4e,
0x59, 0x40, 0x0e, 0x0e, 0x0d, 0x14, 0x12, 0x0d, 0x18, 0x0e, 0x18, 0x21, 0x24, 0x10, 0x06, 0x0a,
0x19, 0x2b, 0x13, 0x33, 0x11, 0x14, 0x06, 0x06, 0x23, 0x23, 0x35, 0x33, 0x32, 0x36, 0x35, 0x13,
0x22, 0x26, 0x35, 0x34, 0x36, 0x33, 0x32, 0x16, 0x15, 0x14, 0x06, 0x72, 0xd4, 0x4f, 0x89, 0x59,
0x1a, 0x13, 0x36, 0x2e, 0x6a, 0x2c, 0x40, 0x40, 0x2c, 0x2d, 0x40, 0x40, 0x05, 0xf5, 0xfd, 0x72,
0x54, 0x5a, 0x22, 0x9a, 0x1a, 0x1a, 0x02, 0xd9, 0x37, 0x28, 0x27, 0x38, 0x38, 0x27, 0x28, 0x37,
0x00, 0x01, 0x00, 0x72, 0x03, 0x7e, 0x03, 0x31, 0x06, 0xb4, 0x00, 0x0c, 0x00, 0x50, 0x40, 0x09,
0x0b, 0x0a, 0x07, 0x03, 0x04, 0x02, 0x01, 0x01, 0x4c, 0x4b, 0xb0, 0x1d, 0x50, 0x58, 0x40, 0x12,
0x00, 0x00, 0x00, 0x4a, 0x4d, 0x00, 0x01, 0x01, 0x4b, 0x4d, 0x04, 0x03, 0x02, 0x02, 0x02, 0x4c,
0x02, 0x4e, 0x1b, 0x40, 0x19, 0x00, 0x00, 0x00, 0x02, 0x5f, 0x04, 0x03, 0x02, 0x02, 0x02, 0x4c,
0x4d, 0x00, 0x01, 0x01, 0x4b, 0x4d, 0x04, 0x03, 0x02, 0x02, 0x02, 0x4c, 0x02, 0x4e, 0x59, 0x40,
0x0c, 0x00, 0x00, 0x00, 0x0c, 0x00, 0x0c, 0x12, 0x13, 0x11, 0x05, 0x0a, 0x19, 0x2b, 0x13, 0x11,
0x33, 0x11, 0x33, 0x37, 0x33, 0x01, 0x01, 0x23, 0x27, 0x07, 0x15, 0x72, 0xd4, 0x0d, 0xe4, 0xf0,
0xfe, 0xf9, 0x01, 0x11, 0xf5, 0xc2, 0x34, 0x03, 0x7e, 0x03, 0x36, 0xfe, 0x64, 0xdd, 0xfe, 0xec,
0xfe, 0x9d, 0xee, 0x39, 0xb5, 0x00, 0x00, 0x01, 0x00, 0x72, 0x03, 0x7e, 0x01, 0x46, 0x06, 0xb4,
0x00, 0x03, 0x00, 0x30, 0x4b, 0xb0, 0x1d, 0x50, 0x58, 0x40, 0x0c, 0x02, 0x01, 0x01, 0x01, 0x4a,
0x4d, 0x00, 0x00, 0x00, 0x4c, 0x00, 0x4e, 0x1b, 0x40, 0x0c, 0x02, 0x01, 0x01, 0x01, 0x00, 0x5f,
0x00, 0x00, 0x00, 0x4c, 0x00, 0x4e, 0x59, 0x40, 0x0a, 0x00, 0x00, 0x00, 0x03, 0x00, 0x03, 0x11,
0x03, 0x0a, 0x17, 0x2b, 0x01, 0x11, 0x23, 0x11, 0x01, 0x46, 0xd4, 0x06, 0xb4, 0xfc, 0xca, 0x03,
0x36, 0x00, 0x00, 0x01, 0x00, 0x72, 0x03, 0x7e, 0x04, 0xb1, 0x05, 0xfb, 0x00, 0x22, 0x00, 0x30,
0x40, 0x2d, 0x09, 0x03, 0x02, 0x04, 0x00, 0x01, 0x4c, 0x06, 0x01, 0x04, 0x04, 0x00, 0x61, 0x02,
0x01, 0x02, 0x00, 0x00, 0x4f, 0x4d, 0x08, 0x07, 0x05, 0x03, 0x03, 0x03, 0x4c, 0x03, 0x4e, 0x00,
0x00, 0x00, 0x22, 0x00, 0x22, 0x23, 0x13, 0x23, 0x13, 0x24, 0x23, 0x11, 0x09, 0x0a, 0x1d, 0x2b,
0x13, 0x11, 0x33, 0x17, 0x36, 0x36, 0x33, 0x32, 0x16, 0x17, 0x36, 0x36, 0x33, 0x32, 0x16, 0x15,
0x11, 0x23, 0x11, 0x34, 0x26, 0x23, 0x22, 0x06, 0x15, 0x11, 0x23, 0x11, 0x34, 0x26, 0x23, 0x22,
0x06, 0x15, 0x11, 0x72, 0xbf, 0x0e, 0x1f, 0x74, 0x42, 0x47, 0x57, 0x1f, 0x23, 0x87, 0x4b, 0x68,
0x83, 0xd4, 0x3e, 0x32, 0x36, 0x3f, 0xcc, 0x3e, 0x32, 0x35, 0x41, 0x03, 0x7e, 0x02, 0x77, 0x85,
0x4c, 0x3f, 0x47, 0x5a, 0x5b, 0x46, 0x72, 0x5f, 0xfe, 0x54, 0x01, 0x77, 0x2b, 0x30, 0x31, 0x2b,
0xfe, 0x8a, 0x01, 0x77, 0x2a, 0x31, 0x31, 0x2b, 0xfe, 0x8a, 0x00, 0x01, 0x00, 0x72, 0x03, 0x7e,
0x03, 0x2d, 0x05, 0xfb, 0x00, 0x14, 0x00, 0x23, 0x40, 0x20, 0x05, 0x01, 0x04, 0x01, 0x01, 0x4c,
0x00, 0x04, 0x04, 0x01, 0x61, 0x02, 0x01, 0x01, 0x01, 0x4f, 0x4d, 0x03, 0x01, 0x00, 0x00, 0x4c,
0x00, 0x4e, 0x23, 0x13, 0x24, 0x11, 0x11, 0x05, 0x0a, 0x1b, 0x2b, 0x01, 0x11, 0x23, 0x11, 0x33,
0x17, 0x31, 0x36, 0x36, 0x33, 0x32, 0x16, 0x15, 0x11, 0x23, 0x11, 0x34, 0x26, 0x23, 0x22, 0x06,
0x01, 0x46, 0xd4, 0xc3, 0x06, 0x18, 0x74, 0x5f, 0x75, 0x92, 0xd4, 0x48, 0x3e, 0x3f, 0x4e, 0x04,
0xeb, 0xfe, 0x93, 0x02, 0x77, 0x9c, 0x45, 0x5d, 0x85, 0x64, 0xfe, 0x6c, 0x01, 0x6a, 0x31, 0x39,
0x39, 0x00, 0x00, 0x02, 0x00, 0x54, 0x03, 0x73, 0x03, 0x2f, 0x05, 0xfb, 0x00, 0x0b, 0x00, 0x17,
0x00, 0x2d, 0x40, 0x2a, 0x00, 0x03, 0x03, 0x01, 0x61, 0x00, 0x01, 0x01, 0x4f, 0x4d, 0x05, 0x01,
0x02, 0x02, 0x00, 0x61, 0x04, 0x01, 0x00, 0x00, 0x50, 0x00, 0x4e, 0x0d, 0x0c, 0x01, 0x00, 0x13,
0x11, 0x0c, 0x17, 0x0d, 0x17, 0x07, 0x05, 0x00, 0x0b, 0x01, 0x0b, 0x06, 0x0a, 0x16, 0x2b, 0x01,
0x22, 0x26, 0x35, 0x34, 0x36, 0x33, 0x32, 0x16, 0x15, 0x14, 0x06, 0x27, 0x32, 0x36, 0x35, 0x34,
0x26, 0x23, 0x22, 0x06, 0x15, 0x14, 0x16, 0x01, 0xc3, 0xad, 0xc2, 0xc2, 0xad, 0xab, 0xc1, 0xc1,
0xab, 0x48, 0x4c, 0x4c, 0x48, 0x4a, 0x4d, 0x4d, 0x03, 0x73, 0xb5, 0x8f, 0x8f, 0xb5, 0xb5, 0x8f,
0x8f, 0xb5, 0x9c, 0x5c, 0x4e, 0x4d, 0x59, 0x59, 0x4d, 0x4d, 0x5d, 0x00, 0x00, 0x02, 0x00, 0x72,
0x02, 0x97, 0x03, 0x48, 0x05, 0xfb, 0x00, 0x14, 0x00, 0x20, 0x00, 0x3e, 0x40, 0x3b, 0x03, 0x01,
0x05, 0x00, 0x12, 0x01, 0x02, 0x04, 0x02, 0x4c, 0x00, 0x05, 0x05, 0x00, 0x61, 0x01, 0x01, 0x00,
0x00, 0x4f, 0x4d, 0x07, 0x01, 0x04, 0x04, 0x02, 0x61, 0x00, 0x02, 0x02, 0x50, 0x4d, 0x06, 0x01,
0x03, 0x03, 0x4d, 0x03, 0x4e, 0x16, 0x15, 0x00, 0x00, 0x1c, 0x1a, 0x15, 0x20, 0x16, 0x20, 0x00,
0x14, 0x00, 0x14, 0x26, 0x24, 0x11, 0x08, 0x0a, 0x19, 0x2b, 0x13, 0x11, 0x33, 0x15, 0x33, 0x36,
0x36, 0x33, 0x32, 0x16, 0x16, 0x15, 0x14, 0x06, 0x06, 0x23, 0x22, 0x26, 0x27, 0x23, 0x11, 0x13,
0x32, 0x36, 0x35, 0x34, 0x26, 0x23, 0x22, 0x06, 0x15, 0x14, 0x16, 0x72, 0xd1, 0x0a, 0x11, 0x68,
0x61, 0x49, 0x84, 0x54, 0x51, 0x84, 0x4e, 0x5a, 0x6a, 0x15, 0x06, 0x91, 0x48, 0x4d, 0x4d, 0x48,
0x47, 0x4d, 0x4d, 0x02, 0x97, 0x03, 0x5e, 0x7b, 0x2f, 0x52, 0x3f, 0x8d, 0x77, 0x6f, 0x8e, 0x43,
0x45, 0x2f, 0xfe, 0xab, 0x01, 0x81, 0x56, 0x4a, 0x4a, 0x57, 0x55, 0x4c, 0x49, 0x57, 0x00, 0x02,
0x00, 0x54, 0x02, 0x97, 0x03, 0x29, 0x05, 0xfb, 0x00, 0x14, 0x00, 0x20, 0x00, 0x38, 0x40, 0x35,
0x11, 0x01, 0x05, 0x02, 0x02, 0x01, 0x01, 0x04, 0x02, 0x4c, 0x00, 0x05, 0x05, 0x02, 0x61, 0x03,
0x01, 0x02, 0x02, 0x4f, 0x4d, 0x06, 0x01, 0x04, 0x04, 0x01, 0x61, 0x00, 0x01, 0x01, 0x50, 0x4d,
0x00, 0x00, 0x00, 0x4d, 0x00, 0x4e, 0x16, 0x15, 0x1c, 0x1a, 0x15, 0x20, 0x16, 0x20, 0x14, 0x26,
0x24, 0x10, 0x07, 0x0a, 0x1a, 0x2b, 0x01, 0x23, 0x11, 0x23, 0x06, 0x06, 0x23, 0x22, 0x26, 0x26,
0x35, 0x34, 0x36, 0x36, 0x33, 0x32, 0x16, 0x17, 0x33, 0x35, 0x33, 0x01, 0x32, 0x36, 0x35, 0x34,
0x26, 0x23, 0x22, 0x06, 0x15, 0x14, 0x16, 0x03, 0x29, 0xd4, 0x06, 0x15, 0x6c, 0x57, 0x4f, 0x84,
0x50, 0x53, 0x85, 0x49, 0x5e, 0x6a, 0x11, 0x0a, 0xd1, 0xfe, 0x9b, 0x47, 0x4d, 0x4d, 0x47, 0x48,
0x4d, 0x4d, 0x02, 0x97, 0x01, 0x55, 0x30, 0x44, 0x44, 0x8d, 0x6f, 0x77, 0x8e, 0x3e, 0x50, 0x31,
0x7b, 0xfe, 0x23, 0x57, 0x49, 0x4c, 0x55, 0x57, 0x4a, 0x4a, 0x56, 0x00, 0x00, 0x01, 0x00, 0x72,
0x03, 0x7e, 0x02, 0x39, 0x06, 0x00, 0x00, 0x11, 0x00, 0x4f, 0x40, 0x0b, 0x09, 0x03, 0x02, 0x02,
0x00, 0x0a, 0x01, 0x03, 0x02, 0x02, 0x4c, 0x4b, 0xb0, 0x2d, 0x50, 0x58, 0x40, 0x12, 0x00, 0x02,
0x02, 0x00, 0x61, 0x01, 0x01, 0x00, 0x00, 0x4f, 0x4d, 0x04, 0x01, 0x03, 0x03, 0x4c, 0x03, 0x4e,
0x1b, 0x40, 0x16, 0x00, 0x00, 0x00, 0x4b, 0x4d, 0x00, 0x02, 0x02, 0x01, 0x61, 0x00, 0x01, 0x01,
0x4f, 0x4d, 0x04, 0x01, 0x03, 0x03, 0x4c, 0x03, 0x4e, 0x59, 0x40, 0x0c, 0x00, 0x00, 0x00, 0x11,
0x00, 0x11, 0x24, 0x24, 0x11, 0x05, 0x0a, 0x19, 0x2b, 0x13, 0x11, 0x33, 0x15, 0x33, 0x36, 0x36,
0x33, 0x32, 0x17, 0x15, 0x26, 0x26, 0x23, 0x22, 0x06, 0x15, 0x11, 0x72, 0xce, 0x0a, 0x15, 0x63,
0x3a, 0x1e, 0x1f, 0x12, 0x32, 0x0f, 0x45, 0x5b, 0x03, 0x7e, 0x02, 0x77, 0x79, 0x43, 0x41, 0x0c,
0xb8, 0x08, 0x07, 0x42, 0x34, 0xfe, 0xa9, 0x00, 0x00, 0x01, 0x00, 0x57, 0x03, 0x74, 0x02, 0xf3,
0x05, 0xfc, 0x00, 0x24, 0x00, 0x35, 0x40, 0x32, 0x15, 0x01, 0x03, 0x02, 0x1c, 0x16, 0x04, 0x03,
0x04, 0x01, 0x03, 0x02, 0x4c, 0x00, 0x03, 0x03, 0x02, 0x61, 0x00, 0x02, 0x02, 0x4f, 0x4d, 0x00,
0x01, 0x01, 0x00, 0x61, 0x04, 0x01, 0x00, 0x00, 0x50, 0x00, 0x4e, 0x01, 0x00, 0x1a, 0x18, 0x13,
0x11, 0x08, 0x06, 0x00, 0x24, 0x01, 0x24, 0x05, 0x0a, 0x16, 0x2b, 0x01, 0x22, 0x26, 0x27, 0x37,
0x16, 0x16, 0x33, 0x32, 0x36, 0x35, 0x34, 0x27, 0x27, 0x26, 0x35, 0x34, 0x36, 0x33, 0x32, 0x16,
0x17, 0x07, 0x26, 0x26, 0x23, 0x22, 0x06, 0x15, 0x14, 0x16, 0x17, 0x17, 0x16, 0x15, 0x14, 0x06,
0x01, 0x9e, 0x7b, 0xa9, 0x23, 0x92, 0x14, 0x68, 0x3a, 0x3a, 0x48, 0x61, 0x83, 0xd7, 0xad, 0x8f,
0x77, 0x90, 0x28, 0x84, 0x15, 0x62, 0x31, 0x2d, 0x45, 0x27, 0x38, 0x8b, 0xd6, 0xc2, 0x03, 0x74,
0x49, 0x45, 0x47, 0x24, 0x24, 0x1a, 0x18, 0x27, 0x11, 0x15, 0x24, 0x8f, 0x61, 0x68, 0x3b, 0x35,
0x50, 0x1b, 0x19, 0x18, 0x18, 0x10, 0x21, 0x08, 0x14, 0x1e, 0x8b, 0x63, 0x73, 0x00, 0x00, 0x01,
0x00, 0x28, 0x03, 0x70, 0x01, 0xf0, 0x06, 0x83, 0x00, 0x17, 0x00, 0x57, 0xb5, 0x0d, 0x01, 0x04,
0x03, 0x01, 0x4c, 0x4b, 0xb0, 0x18, 0x50, 0x58, 0x40, 0x1c, 0x00, 0x00, 0x00, 0x4a, 0x4d, 0x05,
0x01, 0x02, 0x02, 0x01, 0x5f, 0x06, 0x01, 0x01, 0x01, 0x4b, 0x4d, 0x00, 0x03, 0x03, 0x04, 0x62,
0x00, 0x04, 0x04, 0x50, 0x04, 0x4e, 0x1b, 0x40, 0x1c, 0x00, 0x00, 0x01, 0x00, 0x85, 0x05, 0x01,
0x02, 0x02, 0x01, 0x5f, 0x06, 0x01, 0x01, 0x01, 0x4b, 0x4d, 0x00, 0x03, 0x03, 0x04, 0x62, 0x00,
0x04, 0x04, 0x50, 0x04, 0x4e, 0x59, 0x40, 0x0a, 0x11, 0x13, 0x26, 0x13, 0x11, 0x11, 0x10, 0x07,
0x0a, 0x1d, 0x2b, 0x13, 0x33, 0x15, 0x33, 0x15, 0x23, 0x11, 0x14, 0x16, 0x37, 0x32, 0x36, 0x37,
0x17, 0x06, 0x06, 0x23, 0x06, 0x26, 0x35, 0x11, 0x23, 0x35, 0x33, 0x81, 0xd4, 0x81, 0x81, 0x25,
0x1a, 0x0c, 0x21, 0x07, 0x28, 0x23, 0x45, 0x23, 0x61, 0x83, 0x59, 0x59, 0x06, 0x83, 0x8e, 0x97,
0xfe, 0xdd, 0x16, 0x13, 0x01, 0x07, 0x02, 0x93, 0x0b, 0x0d, 0x01, 0x59, 0x66, 0x01, 0x2f, 0x97,
0x00, 0x01, 0x00, 0x72, 0x03, 0x78, 0x03, 0x2d, 0x05, 0xf5, 0x00, 0x14, 0x00, 0x2d, 0x40, 0x2a,
0x11, 0x01, 0x00, 0x02, 0x01, 0x4c, 0x03, 0x01, 0x01, 0x01, 0x4b, 0x4d, 0x00, 0x02, 0x02, 0x00,
0x62, 0x04, 0x05, 0x02, 0x00, 0x00, 0x50, 0x00, 0x4e, 0x01, 0x00, 0x10, 0x0f, 0x0e, 0x0d, 0x0a,
0x08, 0x05, 0x04, 0x00, 0x14, 0x01, 0x14, 0x06, 0x0a, 0x16, 0x2b, 0x01, 0x22, 0x26, 0x35, 0x11,
0x33, 0x11, 0x14, 0x16, 0x33, 0x32, 0x36, 0x35, 0x11, 0x33, 0x11, 0x23, 0x27, 0x23, 0x06, 0x06,
0x01, 0x7a, 0x75, 0x93, 0xd4, 0x49, 0x3e, 0x3e, 0x4e, 0xd4, 0xc3, 0x05, 0x01, 0x19, 0x74, 0x03,
0x78, 0x85, 0x64, 0x01, 0x94, 0xfe, 0x96, 0x31, 0x39, 0x39, 0x2e, 0x01, 0x6d, 0xfd, 0x89, 0x9c,
0x45, 0x5d, 0x00, 0x01, 0x00, 0x34, 0x03, 0x7e, 0x03, 0x52, 0x05, 0xf5, 0x00, 0x0c, 0x00, 0x21,
0x40, 0x1e, 0x06, 0x01, 0x02, 0x00, 0x01, 0x4c, 0x01, 0x01, 0x00, 0x00, 0x4b, 0x4d, 0x03, 0x01,
0x02, 0x02, 0x4c, 0x02, 0x4e, 0x00, 0x00, 0x00, 0x0c, 0x00, 0x0c, 0x18, 0x11, 0x04, 0x0a, 0x18,
0x2b, 0x01, 0x01, 0x33, 0x13, 0x16, 0x16, 0x17, 0x36, 0x36, 0x37, 0x13, 0x33, 0x01, 0x01, 0x46,
0xfe, 0xee, 0xe0, 0x7b, 0x12, 0x1a, 0x0b, 0x0b, 0x1a, 0x12, 0x78, 0xdd, 0xfe, 0xed, 0x03, 0x7e,
0x02, 0x77, 0xfe, 0xcf, 0x2e, 0x61, 0x36, 0x37, 0x60, 0x2e, 0x01, 0x31, 0xfd, 0x89, 0x00, 0x01,
0x00, 0x2d, 0x03, 0x7e, 0x04, 0x9c, 0x05, 0xf5, 0x00, 0x1e, 0x00, 0x27, 0x40, 0x24, 0x1a, 0x0f,
0x06, 0x03, 0x03, 0x00, 0x01, 0x4c, 0x02, 0x01, 0x02, 0x00, 0x00, 0x4b, 0x4d, 0x05, 0x04, 0x02,
0x03, 0x03, 0x4c, 0x03, 0x4e, 0x00, 0x00, 0x00, 0x1e, 0x00, 0x1e, 0x11, 0x18, 0x18, 0x11, 0x06,
0x0a, 0x1a, 0x2b, 0x01, 0x03, 0x33, 0x17, 0x16, 0x16, 0x17, 0x36, 0x36, 0x37, 0x37, 0x33, 0x17,
0x16, 0x16, 0x17, 0x36, 0x36, 0x37, 0x37, 0x33, 0x03, 0x23, 0x27, 0x26, 0x26, 0x27, 0x06, 0x06,
0x07, 0x07, 0x01, 0x03, 0xd6, 0xdc, 0x41, 0x0e, 0x1d, 0x0b, 0x0d, 0x1f, 0x11, 0x49, 0xbd, 0x46,
0x11, 0x1f, 0x0d, 0x0a, 0x1b, 0x0f, 0x41, 0xe1, 0xda, 0xd8, 0x59, 0x0c, 0x17, 0x0b, 0x0a, 0x17,
0x0c, 0x59, 0x03, 0x7e, 0x02, 0x77, 0xdb, 0x37, 0x76, 0x48, 0x47, 0x78, 0x36, 0xdb, 0xdb, 0x38,
0x75, 0x47, 0x47, 0x78, 0x35, 0xdb, 0xfd, 0x89, 0xda, 0x1e, 0x64, 0x2f, 0x2f, 0x64, 0x1e, 0xda,
0x00, 0x01, 0x00, 0x3a, 0x03, 0x7e, 0x03, 0x2b, 0x05, 0xf5, 0x00, 0x17, 0x00, 0x26, 0x40, 0x23,
0x13, 0x0d, 0x07, 0x01, 0x04, 0x02, 0x00, 0x01, 0x4c, 0x01, 0x01, 0x00, 0x00, 0x4b, 0x4d, 0x04,
0x03, 0x02, 0x02, 0x02, 0x4c, 0x02, 0x4e, 0x00, 0x00, 0x00, 0x17, 0x00, 0x17, 0x12, 0x18, 0x12,
0x05, 0x0a, 0x19, 0x2b, 0x13, 0x13, 0x03, 0x33, 0x17, 0x16, 0x16, 0x17, 0x36, 0x36, 0x37, 0x37,
0x33, 0x03, 0x13, 0x23, 0x27, 0x26, 0x26, 0x27, 0x06, 0x06, 0x07, 0x07, 0x3a, 0xda, 0xcf, 0xdf,
0x46, 0x16, 0x23, 0x0f, 0x12, 0x23, 0x17, 0x4a, 0xda, 0xd5, 0xde, 0xdc, 0x5a, 0x15, 0x23, 0x10,
0x0e, 0x20, 0x16, 0x57, 0x03, 0x7e, 0x01, 0x45, 0x01, 0x32, 0x5e, 0x1f, 0x43, 0x22, 0x24, 0x42,
0x1e, 0x5e, 0xfe, 0xcb, 0xfe, 0xbe, 0x77, 0x1e, 0x41, 0x22, 0x23, 0x3e, 0x20, 0x77, 0x00, 0x01,
0x00, 0x34, 0x02, 0x91, 0x03, 0x57, 0x05, 0xf5, 0x00, 0x17, 0x00, 0x24, 0x40, 0x21, 0x0d, 0x07,
0x06, 0x01, 0x04, 0x00, 0x01, 0x01, 0x4c, 0x02, 0x01, 0x01, 0x01, 0x4b, 0x4d, 0x00, 0x00, 0x00,
0x03, 0x62, 0x00, 0x03, 0x03, 0x51, 0x03, 0x4e, 0x23, 0x18, 0x14, 0x13, 0x04, 0x0a, 0x1a, 0x2b,
0x13, 0x37, 0x17, 0x16, 0x36, 0x36, 0x27, 0x27, 0x01, 0x33, 0x13, 0x16, 0x16, 0x17, 0x36, 0x36,
0x37, 0x13, 0x33, 0x01, 0x06, 0x06, 0x23, 0x22, 0x61, 0x45, 0x04, 0x2b, 0x4d, 0x2e, 0x04, 0x01,
0xfe, 0xe9, 0xe0, 0x7a, 0x12, 0x13, 0x09, 0x0c, 0x1c, 0x13, 0x84, 0xdc, 0xfe, 0xc5, 0x22, 0x8c,
0x82, 0x5c, 0x02, 0xad, 0x93, 0x02, 0x17, 0x05, 0x23, 0x15, 0x18, 0x02, 0x79, 0xfe, 0xcf, 0x2e,
0x5c, 0x34, 0x36, 0x5c, 0x2c, 0x01, 0x31, 0xfd, 0x54, 0x4b, 0x6d, 0x00, 0x00, 0x01, 0x00, 0x71,
0x03, 0x7e, 0x02, 0xe5, 0x05, 0xf5, 0x00, 0x0b, 0x00, 0x2f, 0x40, 0x2c, 0x07, 0x01, 0x00, 0x01,
0x01, 0x01, 0x03, 0x02, 0x02, 0x4c, 0x00, 0x00, 0x00, 0x01, 0x5f, 0x00, 0x01, 0x01, 0x4b, 0x4d,
0x00, 0x02, 0x02, 0x03, 0x5f, 0x04, 0x01, 0x03, 0x03, 0x4c, 0x03, 0x4e, 0x00, 0x00, 0x00, 0x0b,
0x00, 0x0b, 0x22, 0x11, 0x22, 0x05, 0x0a, 0x19, 0x2b, 0x13, 0x35, 0x01, 0x35, 0x21, 0x35, 0x21,
0x15, 0x01, 0x15, 0x21, 0x15, 0x71, 0x01, 0x66, 0xfe, 0xad, 0x02, 0x51, 0xfe, 0xb8, 0x01, 0x58,
0x03, 0x7e, 0x6e, 0x01, 0x63, 0x05, 0xa1, 0x7c, 0xfe, 0xab, 0x04, 0xa2, 0x00, 0x02, 0x00, 0x5e,
0x03, 0x74, 0x03, 0x81, 0x06, 0xbe, 0x00, 0x0b, 0x00, 0x13, 0x00, 0x4d, 0x4b, 0xb0, 0x1d, 0x50,
0x58, 0x40, 0x17, 0x00, 0x03, 0x03, 0x01, 0x61, 0x00, 0x01, 0x01, 0x4a, 0x4d, 0x05, 0x01, 0x02,
0x02, 0x00, 0x61, 0x04, 0x01, 0x00, 0x00, 0x50, 0x00, 0x4e, 0x1b, 0x40, 0x15, 0x00, 0x01, 0x00,
0x03, 0x02, 0x01, 0x03, 0x69, 0x05, 0x01, 0x02, 0x02, 0x00, 0x61, 0x04, 0x01, 0x00, 0x00, 0x50,
0x00, 0x4e, 0x59, 0x40, 0x13, 0x0d, 0x0c, 0x01, 0x00, 0x11, 0x0f, 0x0c, 0x13, 0x0d, 0x13, 0x07,
0x05, 0x00, 0x0b, 0x01, 0x0b, 0x06, 0x0a, 0x16, 0x2b, 0x01, 0x22, 0x26, 0x35, 0x34, 0x36, 0x33,
0x32, 0x16, 0x15, 0x14, 0x06, 0x27, 0x32, 0x35, 0x34, 0x23, 0x22, 0x15, 0x14, 0x01, 0xef, 0xbe,
0xd3, 0xd4, 0xbd, 0xbe, 0xd4, 0xd3, 0xbf, 0xb0, 0xb0, 0xb0, 0x03, 0x74, 0xdd, 0xc7, 0xc9, 0xdd,
0xde, 0xc8, 0xc7, 0xdd, 0xad, 0xf7, 0xfa, 0xfa, 0xf7, 0x00, 0x00, 0x03, 0x00, 0x5e, 0x03, 0x74,
0x03, 0x81, 0x06, 0xbe, 0x00, 0x0b, 0x00, 0x12, 0x00, 0x19, 0x00, 0x39, 0x40, 0x36, 0x14, 0x11,
0x10, 0x03, 0x02, 0x03, 0x01, 0x4c, 0x00, 0x01, 0x00, 0x03, 0x02, 0x01, 0x03, 0x69, 0x05, 0x01,
0x02, 0x00, 0x00, 0x02, 0x59, 0x05, 0x01, 0x02, 0x02, 0x00, 0x61, 0x04, 0x01, 0x00, 0x02, 0x00,
0x51, 0x0d, 0x0c, 0x01, 0x00, 0x17, 0x15, 0x0c, 0x12, 0x0d, 0x12, 0x07, 0x05, 0x00, 0x0b, 0x01,
0x0b, 0x06, 0x0b, 0x16, 0x2b, 0x01, 0x22, 0x26, 0x35, 0x34, 0x36, 0x33, 0x32, 0x16, 0x15, 0x14,
0x06, 0x27, 0x32, 0x35, 0x34, 0x27, 0x03, 0x16, 0x27, 0x13, 0x26, 0x23, 0x22, 0x15, 0x14, 0x01,
0xef, 0xbe, 0xd3, 0xd4, 0xbd, 0xbe, 0xd4, 0xd3, 0xbf, 0xb0, 0x1f, 0xef, 0x26, 0x5b, 0xed, 0x25,
0x35, 0xb0, 0x03, 0x74, 0xdd, 0xc7, 0xc9, 0xdd, 0xde, 0xc8, 0xc7, 0xdd, 0xad, 0xf7, 0x65, 0x3e,
0xfe, 0x81, 0x1b, 0x5b, 0x01, 0x7e, 0x18, 0xfa, 0x61, 0x00, 0x00, 0x01, 0x00, 0x6b, 0x03, 0x7e,
0x02, 0x22, 0x06, 0xb4, 0x00, 0x07, 0x00, 0x39, 0xb7, 0x06, 0x05, 0x03, 0x03, 0x00, 0x01, 0x01,
0x4c, 0x4b, 0xb0, 0x1d, 0x50, 0x58, 0x40, 0x0c, 0x02, 0x01, 0x01, 0x01, 0x4a, 0x4d, 0x00, 0x00,
0x00, 0x4c, 0x00, 0x4e, 0x1b, 0x40, 0x0c, 0x02, 0x01, 0x01, 0x01, 0x00, 0x5f, 0x00, 0x00, 0x00,
0x4c, 0x00, 0x4e, 0x59, 0x40, 0x0a, 0x00, 0x00, 0x00, 0x07, 0x00, 0x07, 0x11, 0x03, 0x0a, 0x17,
0x2b, 0x01, 0x11, 0x23, 0x11, 0x23, 0x07, 0x35, 0x37, 0x02, 0x22, 0xd6, 0x09, 0xd8, 0xd0, 0x06,
0xb4, 0xfc, 0xca, 0x02, 0x84, 0x7f, 0xb5, 0x7c, 0x00, 0x01, 0x00, 0x62, 0x03, 0x7e, 0x02, 0x10,
0x06, 0xb5, 0x00, 0x0b, 0x00, 0x4d, 0xb5, 0x01, 0x01, 0x00, 0x01, 0x01, 0x4c, 0x4b, 0xb0, 0x20,
0x50, 0x58, 0x40, 0x13, 0x00, 0x02, 0x04, 0x01, 0x03, 0x02, 0x03, 0x63, 0x00, 0x00, 0x00, 0x01,
0x61, 0x00, 0x01, 0x01, 0x5e, 0x00, 0x4e, 0x1b, 0x40, 0x19, 0x00, 0x02, 0x01, 0x03, 0x02, 0x57,
0x00, 0x01, 0x00, 0x00, 0x03, 0x01, 0x00, 0x69, 0x00, 0x02, 0x02, 0x03, 0x5f, 0x04, 0x01, 0x03,
0x02, 0x03, 0x4f, 0x59, 0x40, 0x0c, 0x00, 0x00, 0x00, 0x0b, 0x00, 0x0b, 0x12, 0x21, 0x13, 0x05,
0x0b, 0x19, 0x2b, 0x01, 0x11, 0x06, 0x06, 0x23, 0x35, 0x23, 0x32, 0x36, 0x37, 0x33, 0x11, 0x01,
0x3a, 0x20, 0x7b, 0x37, 0x06, 0x53, 0x8d, 0x1c, 0xb2, 0x03, 0x7e, 0x02, 0x4d, 0x2f, 0x26, 0xab,
0x57, 0x3d, 0xfc, 0xc9, 0x00, 0x01, 0x00, 0x66, 0x03, 0x7e, 0x03, 0x3b, 0x06, 0xbe, 0x00, 0x1a,
0x00, 0x82, 0xb5, 0x01, 0x01, 0x04, 0x03, 0x01, 0x4c, 0x4b, 0xb0, 0x19, 0x50, 0x58, 0x40, 0x1d,
0x00, 0x01, 0x00, 0x03, 0x00, 0x01, 0x72, 0x00, 0x00, 0x00, 0x02, 0x61, 0x00, 0x02, 0x02, 0x4a,
0x4d, 0x00, 0x03, 0x03, 0x04, 0x5f, 0x05, 0x01, 0x04, 0x04, 0x4c, 0x04, 0x4e, 0x1b, 0x4b, 0xb0,
0x1d, 0x50, 0x58, 0x40, 0x1e, 0x00, 0x01, 0x00, 0x03, 0x00, 0x01, 0x03, 0x80, 0x00, 0x00, 0x00,
0x02, 0x61, 0x00, 0x02, 0x02, 0x4a, 0x4d, 0x00, 0x03, 0x03, 0x04, 0x5f, 0x05, 0x01, 0x04, 0x04,
0x4c, 0x04, 0x4e, 0x1b, 0x40, 0x1c, 0x00, 0x01, 0x00, 0x03, 0x00, 0x01, 0x03, 0x80, 0x00, 0x02,
0x00, 0x00, 0x01, 0x02, 0x00, 0x69, 0x00, 0x03, 0x03, 0x04, 0x5f, 0x05, 0x01, 0x04, 0x04, 0x4c,
0x04, 0x4e, 0x59, 0x59, 0x40, 0x0d, 0x00, 0x00, 0x00, 0x1a, 0x00, 0x1a, 0x27, 0x22, 0x12, 0x27,
0x06, 0x0a, 0x1a, 0x2b, 0x13, 0x35, 0x01, 0x36, 0x36, 0x35, 0x34, 0x26, 0x23, 0x22, 0x06, 0x15,
0x23, 0x34, 0x36, 0x33, 0x32, 0x16, 0x15, 0x14, 0x06, 0x06, 0x07, 0x07, 0x15, 0x21, 0x15, 0x73,
0x01, 0x5f, 0x42, 0x3f, 0x54, 0x3f, 0x40, 0x4f, 0xcb, 0xc0, 0x9a, 0xa5, 0xc0, 0x26, 0x7a, 0x80,
0x69, 0x01, 0x9f, 0x03, 0x7e, 0x97, 0x01, 0x04, 0x32, 0x41, 0x27, 0x32, 0x37, 0x34, 0x30, 0x79,
0x8d, 0x89, 0x6e, 0x2e, 0x61, 0x74, 0x4b, 0x4b, 0x07, 0xa9, 0x00, 0x01, 0x00, 0x62, 0x03, 0x74,
0x03, 0x57, 0x06, 0xbe, 0x00, 0x2c, 0x00, 0x86, 0xb5, 0x25, 0x01, 0x03, 0x04, 0x01, 0x4c, 0x4b,
0xb0, 0x1d, 0x50, 0x58, 0x40, 0x2e, 0x00, 0x06, 0x05, 0x04, 0x05, 0x06, 0x04, 0x80, 0x00, 0x01,
0x03, 0x02, 0x03, 0x01, 0x02, 0x80, 0x00, 0x04, 0x00, 0x03, 0x01, 0x04, 0x03, 0x69, 0x00, 0x05,
0x05, 0x07, 0x61, 0x00, 0x07, 0x07, 0x4a, 0x4d, 0x00, 0x02, 0x02, 0x00, 0x61, 0x08, 0x01, 0x00,
0x00, 0x50, 0x00, 0x4e, 0x1b, 0x40, 0x2c, 0x00, 0x06, 0x05, 0x04, 0x05, 0x06, 0x04, 0x80, 0x00,
0x01, 0x03, 0x02, 0x03, 0x01, 0x02, 0x80, 0x00, 0x07, 0x00, 0x05, 0x06, 0x07, 0x05, 0x69, 0x00,
0x04, 0x00, 0x03, 0x01, 0x04, 0x03, 0x69, 0x00, 0x02, 0x02, 0x00, 0x61, 0x08, 0x01, 0x00, 0x00,
0x50, 0x00, 0x4e, 0x59, 0x40, 0x17, 0x01, 0x00, 0x20, 0x1e, 0x1b, 0x1a, 0x18, 0x16, 0x12, 0x10,
0x0f, 0x0d, 0x09, 0x07, 0x05, 0x04, 0x00, 0x2c, 0x01, 0x2c, 0x09, 0x0a, 0x16, 0x2b, 0x01, 0x22,
0x26, 0x26, 0x27, 0x33, 0x16, 0x16, 0x33, 0x32, 0x36, 0x35, 0x34, 0x26, 0x23, 0x23, 0x35, 0x33,
0x32, 0x36, 0x35, 0x34, 0x26, 0x23, 0x22, 0x06, 0x07, 0x23, 0x34, 0x36, 0x36, 0x33, 0x32, 0x16,
0x15, 0x14, 0x06, 0x07, 0x15, 0x16, 0x16, 0x15, 0x14, 0x06, 0x06, 0x01, 0xd8, 0x64, 0xaa, 0x67,
0x01, 0xda, 0x01, 0x5a, 0x42, 0x44, 0x56, 0x5a, 0x4c, 0x60, 0x60, 0x41, 0x54, 0x4b, 0x3e, 0x3f,
0x57, 0x01, 0xcc, 0x60, 0xa2, 0x63, 0x99, 0xbe, 0x6c, 0x55, 0x72, 0x74, 0x63, 0xad, 0x03, 0x74,
0x3f, 0x71, 0x4b, 0x23, 0x2d, 0x34, 0x2a, 0x2b, 0x36, 0x82, 0x36, 0x2a, 0x28, 0x30, 0x2d, 0x25,
0x4a, 0x70, 0x3e, 0x8a, 0x67, 0x43, 0x58, 0x09, 0x07, 0x0c, 0x60, 0x4c, 0x49, 0x6f, 0x3e, 0x00,
0x00, 0x01, 0x00, 0x62, 0x03, 0x74, 0x03, 0x5b, 0x06, 0xb4, 0x00, 0x1d, 0x00, 0x78, 0x40, 0x0a,
0x16, 0x01, 0x04, 0x05, 0x10, 0x01, 0x06, 0x04, 0x02, 0x4c, 0x4b, 0xb0, 0x0a, 0x50, 0x58, 0x40,
0x24, 0x00, 0x06, 0x04, 0x03, 0x04, 0x06, 0x03, 0x80, 0x00, 0x03, 0x01, 0x04, 0x03, 0x70, 0x00,
0x05, 0x00, 0x04, 0x06, 0x05, 0x04, 0x67, 0x00, 0x02, 0x07, 0x01, 0x00, 0x02, 0x00, 0x66, 0x00,
0x01, 0x01, 0x59, 0x01, 0x4e, 0x1b, 0x40, 0x25, 0x00, 0x06, 0x04, 0x03, 0x04, 0x06, 0x03, 0x80,
0x00, 0x03, 0x01, 0x04, 0x03, 0x01, 0x7e, 0x00, 0x05, 0x00, 0x04, 0x06, 0x05, 0x04, 0x67, 0x00,
0x02, 0x07, 0x01, 0x00, 0x02, 0x00, 0x66, 0x00, 0x01, 0x01, 0x59, 0x01, 0x4e, 0x59, 0x40, 0x15,
0x01, 0x00, 0x18, 0x17, 0x15, 0x14, 0x13, 0x11, 0x0f, 0x0d, 0x09, 0x07, 0x05, 0x04, 0x00, 0x1d,
0x01, 0x1d, 0x08, 0x0b, 0x16, 0x2b, 0x01, 0x22, 0x26, 0x26, 0x27, 0x33, 0x16, 0x16, 0x33, 0x32,
0x36, 0x35, 0x34, 0x26, 0x23, 0x23, 0x35, 0x37, 0x35, 0x21, 0x35, 0x21, 0x15, 0x05, 0x36, 0x16,
0x15, 0x14, 0x06, 0x06, 0x01, 0xdb, 0x6a, 0xa9, 0x64, 0x02, 0xda, 0x06, 0x5a, 0x40, 0x46, 0x53,
0x5c, 0x54, 0x67, 0xdd, 0xfe, 0x57, 0x02, 0xa6, 0xfe, 0xe2, 0x8b, 0xb6, 0x67, 0xaf, 0x03, 0x74,
0x3f, 0x72, 0x4a, 0x25, 0x2b, 0x36, 0x31, 0x2f, 0x3f, 0x83, 0x8e, 0x05, 0xaa, 0x95, 0xc0, 0x05,
0x88, 0x6b, 0x50, 0x72, 0x3b, 0x00, 0x00, 0x02, 0x00, 0x65, 0x03, 0x7e, 0x03, 0x7a, 0x06, 0xb4,
0x00, 0x0a, 0x00, 0x0f, 0x00, 0x5b, 0x40, 0x0a, 0x0c, 0x01, 0x01, 0x00, 0x01, 0x01, 0x02, 0x01,
0x02, 0x4c, 0x4b, 0xb0, 0x1d, 0x50, 0x58, 0x40, 0x17, 0x07, 0x05, 0x02, 0x01, 0x06, 0x04, 0x02,
0x02, 0x03, 0x01, 0x02, 0x68, 0x00, 0x00, 0x00, 0x4a, 0x4d, 0x00, 0x03, 0x03, 0x4c, 0x03, 0x4e,
0x1b, 0x40, 0x17, 0x00, 0x00, 0x01, 0x00, 0x85, 0x07, 0x05, 0x02, 0x01, 0x06, 0x04, 0x02, 0x02,
0x03, 0x01, 0x02, 0x68, 0x00, 0x03, 0x03, 0x4c, 0x03, 0x4e, 0x59, 0x40, 0x13, 0x0b, 0x0b, 0x00,
0x00, 0x0b, 0x0f, 0x0b, 0x0e, 0x00, 0x0a, 0x00, 0x0a, 0x11, 0x11, 0x11, 0x12, 0x08, 0x0a, 0x1a,
0x2b, 0x13, 0x35, 0x01, 0x21, 0x11, 0x33, 0x15, 0x23, 0x15, 0x23, 0x35, 0x37, 0x11, 0x23, 0x03,
0x15, 0x65, 0x01, 0x93, 0x01, 0x0c, 0x76, 0x76, 0xcc, 0x07, 0x0a, 0xf7, 0x04, 0x00, 0x9a, 0x02,
0x1a, 0xfd, 0xe7, 0x9b, 0x82, 0x82, 0x9b, 0x01, 0x31, 0xfe, 0xd9, 0x0a, 0x00, 0x01, 0x00, 0x65,
0x03, 0x7e, 0x03, 0x7a, 0x06, 0xb4, 0x00, 0x0f, 0x00, 0x99, 0xb5, 0x01, 0x01, 0x04, 0x01, 0x01,
0x4c, 0x4b, 0xb0, 0x0c, 0x50, 0x58, 0x40, 0x25, 0x00, 0x00, 0x02, 0x00, 0x85, 0x00, 0x02, 0x01,
0x01, 0x02, 0x70, 0x00, 0x05, 0x04, 0x04, 0x05, 0x71, 0x03, 0x01, 0x01, 0x04, 0x04, 0x01, 0x57,
0x03, 0x01, 0x01, 0x01, 0x04, 0x60, 0x07, 0x06, 0x02, 0x04, 0x01, 0x04, 0x50, 0x1b, 0x4b, 0xb0,
0x13, 0x50, 0x58, 0x40, 0x24, 0x00, 0x00, 0x02, 0x00, 0x85, 0x00, 0x02, 0x01, 0x02, 0x85, 0x00,
0x05, 0x04, 0x04, 0x05, 0x71, 0x03, 0x01, 0x01, 0x04, 0x04, 0x01, 0x57, 0x03, 0x01, 0x01, 0x01,
0x04, 0x60, 0x07, 0x06, 0x02, 0x04, 0x01, 0x04, 0x50, 0x1b, 0x40, 0x23, 0x00, 0x00, 0x02, 0x00,
0x85, 0x00, 0x02, 0x01, 0x02, 0x85, 0x00, 0x05, 0x04, 0x05, 0x86, 0x03, 0x01, 0x01, 0x04, 0x04,
0x01, 0x57, 0x03, 0x01, 0x01, 0x01, 0x04, 0x60, 0x07, 0x06, 0x02, 0x04, 0x01, 0x04, 0x50, 0x59,
0x59, 0x40, 0x0f, 0x00, 0x00, 0x00, 0x0f, 0x00, 0x0f, 0x11, 0x11, 0x11, 0x11, 0x21, 0x12, 0x08,
0x0b, 0x1c, 0x2b, 0x13, 0x35, 0x01, 0x33, 0x01, 0x15, 0x21, 0x35, 0x33, 0x15, 0x33, 0x15, 0x23,
0x15, 0x23, 0x35, 0x65, 0x01, 0x5a, 0xc8, 0xfe, 0xb0, 0x01, 0x0c, 0xbc, 0x7b, 0x7b, 0xc7, 0x04,
0x00, 0x9a, 0x02, 0x1a, 0xfd, 0xf1, 0x0a, 0xe5, 0xe5, 0x9b, 0x82, 0x82, 0x00, 0x01, 0x00, 0x7e,
0x03, 0x74, 0x03, 0x56, 0x06, 0xb4, 0x00, 0x20, 0x00, 0x7a, 0x40, 0x0b, 0x17, 0x01, 0x03, 0x06,
0x12, 0x11, 0x02, 0x01, 0x03, 0x02, 0x4c, 0x4b, 0xb0, 0x1d, 0x50, 0x58, 0x40, 0x26, 0x00, 0x01,
0x03, 0x02, 0x03, 0x01, 0x02, 0x80, 0x00, 0x06, 0x00, 0x03, 0x01, 0x06, 0x03, 0x69, 0x00, 0x05,
0x05, 0x04, 0x5f, 0x00, 0x04, 0x04, 0x4a, 0x4d, 0x00, 0x02, 0x02, 0x00, 0x61, 0x07, 0x01, 0x00,
0x00, 0x50, 0x00, 0x4e, 0x1b, 0x40, 0x24, 0x00, 0x01, 0x03, 0x02, 0x03, 0x01, 0x02, 0x80, 0x00,
0x04, 0x00, 0x05, 0x06, 0x04, 0x05, 0x67, 0x00, 0x06, 0x00, 0x03, 0x01, 0x06, 0x03, 0x69, 0x00,
0x02, 0x02, 0x00, 0x61, 0x07, 0x01, 0x00, 0x00, 0x50, 0x00, 0x4e, 0x59, 0x40, 0x15, 0x01, 0x00,
0x1c, 0x1a, 0x16, 0x15, 0x14, 0x13, 0x0f, 0x0d, 0x09, 0x07, 0x05, 0x04, 0x00, 0x20, 0x01, 0x20,
0x08, 0x0a, 0x16, 0x2b, 0x01, 0x22, 0x26, 0x26, 0x37, 0x33, 0x16, 0x16, 0x33, 0x32, 0x36, 0x35,
0x34, 0x26, 0x23, 0x22, 0x06, 0x07, 0x27, 0x13, 0x21, 0x15, 0x21, 0x07, 0x33, 0x36, 0x36, 0x33,
0x32, 0x16, 0x15, 0x14, 0x06, 0x01, 0xe4, 0x68, 0xa1, 0x5d, 0x01, 0xd2, 0x01, 0x56, 0x3c, 0x48,
0x5c, 0x60, 0x47, 0x28, 0x4b, 0x18, 0xbc, 0x32, 0x02, 0x55, 0xfe, 0x53, 0x1c, 0x07, 0x16, 0x71,
0x4b, 0x81, 0xa4, 0xcc, 0x03, 0x74, 0x41, 0x72, 0x47, 0x2a, 0x30, 0x44, 0x38, 0x39, 0x43, 0x1f,
0x1b, 0x33, 0x01, 0xaf, 0xaa, 0xcd, 0x27, 0x38, 0x91, 0x75, 0x80, 0xa2, 0x00, 0x02, 0x00, 0x5e,
0x03, 0x74, 0x03, 0x5a, 0x06, 0xbe, 0x00, 0x1a, 0x00, 0x26, 0x00, 0xa6, 0xb5, 0x11, 0x01, 0x06,
0x04, 0x01, 0x4c, 0x4b, 0xb0, 0x1d, 0x50, 0x58, 0x40, 0x26, 0x00, 0x02, 0x03, 0x04, 0x03, 0x02,
0x72, 0x00, 0x04, 0x00, 0x06, 0x05, 0x04, 0x06, 0x69, 0x00, 0x03, 0x03, 0x01, 0x61, 0x00, 0x01,
0x01, 0x4a, 0x4d, 0x08, 0x01, 0x05, 0x05, 0x00, 0x61, 0x07, 0x01, 0x00, 0x00, 0x50, 0x00, 0x4e,
0x1b, 0x4b, 0xb0, 0x25, 0x50, 0x58, 0x40, 0x24, 0x00, 0x02, 0x03, 0x04, 0x03, 0x02, 0x72, 0x00,
0x01, 0x00, 0x03, 0x02, 0x01, 0x03, 0x69, 0x00, 0x04, 0x00, 0x06, 0x05, 0x04, 0x06, 0x69, 0x08,
0x01, 0x05, 0x05, 0x00, 0x61, 0x07, 0x01, 0x00, 0x00, 0x50, 0x00, 0x4e, 0x1b, 0x40, 0x25, 0x00,
0x02, 0x03, 0x04, 0x03, 0x02, 0x04, 0x80, 0x00, 0x01, 0x00, 0x03, 0x02, 0x01, 0x03, 0x69, 0x00,
0x04, 0x00, 0x06, 0x05, 0x04, 0x06, 0x69, 0x08, 0x01, 0x05, 0x05, 0x00, 0x61, 0x07, 0x01, 0x00,
0x00, 0x50, 0x00, 0x4e, 0x59, 0x59, 0x40, 0x19, 0x1c, 0x1b, 0x01, 0x00, 0x22, 0x20, 0x1b, 0x26,
0x1c, 0x26, 0x16, 0x14, 0x0f, 0x0d, 0x0b, 0x0a, 0x08, 0x06, 0x00, 0x1a, 0x01, 0x1a, 0x09, 0x0a,
0x16, 0x2b, 0x01, 0x22, 0x26, 0x26, 0x35, 0x34, 0x36, 0x33, 0x32, 0x16, 0x17, 0x23, 0x26, 0x26,
0x23, 0x22, 0x06, 0x15, 0x33, 0x36, 0x36, 0x33, 0x32, 0x16, 0x15, 0x14, 0x06, 0x27, 0x32, 0x36,
0x35, 0x34, 0x26, 0x23, 0x22, 0x06, 0x17, 0x16, 0x16, 0x01, 0xe9, 0x60, 0xb6, 0x75, 0xd9, 0xb7,
0x95, 0xbe, 0x0d, 0xd6, 0x0a, 0x49, 0x34, 0x5e, 0x5d, 0x07, 0x1a, 0x92, 0x56, 0x7d, 0x9e, 0xcc,
0xa6, 0x46, 0x5d, 0x5d, 0x47, 0x43, 0x61, 0x03, 0x03, 0x5c, 0x03, 0x74, 0x4a, 0xb3, 0x9d, 0xc7,
0xe9, 0x97, 0x69, 0x23, 0x21, 0x83, 0x6b, 0x3c, 0x48, 0x90, 0x6f, 0x84, 0xa1, 0x9f, 0x47, 0x35,
0x35, 0x48, 0x46, 0x37, 0x36, 0x46, 0x00, 0x02, 0x00, 0x5e, 0x03, 0x73, 0x03, 0x2d, 0x06, 0xb4,
0x00, 0x13, 0x00, 0x1f, 0x00, 0x3e, 0x40, 0x3b, 0x0a, 0x01, 0x04, 0x02, 0x01, 0x4c, 0x00, 0x01,
0x02, 0x01, 0x85, 0x00, 0x02, 0x00, 0x04, 0x03, 0x02, 0x04, 0x6a, 0x06, 0x01, 0x03, 0x00, 0x00,
0x03, 0x59, 0x06, 0x01, 0x03, 0x03, 0x00, 0x61, 0x05, 0x01, 0x00, 0x03, 0x00, 0x51, 0x15, 0x14,
0x01, 0x00, 0x1b, 0x19, 0x14, 0x1f, 0x15, 0x1f, 0x0e, 0x0c, 0x09, 0x08, 0x00, 0x13, 0x01, 0x13,
0x07, 0x0b, 0x16, 0x2b, 0x01, 0x22, 0x26, 0x26, 0x35, 0x34, 0x36, 0x37, 0x13, 0x33, 0x01, 0x36,
0x36, 0x33, 0x32, 0x16, 0x15, 0x14, 0x06, 0x06, 0x27, 0x32, 0x36, 0x35, 0x34, 0x26, 0x23, 0x22,
0x06, 0x15, 0x14, 0x16, 0x01, 0xc8, 0x5d, 0xa6, 0x67, 0x39, 0x35, 0xf5, 0xcb, 0xfe, 0xf0, 0x1d,
0x46, 0x23, 0x81, 0xaa, 0x5e, 0xa2, 0x65, 0x46, 0x5a, 0x5b, 0x45, 0x43, 0x5c, 0x5b, 0x03, 0x73,
0x3b, 0x7d, 0x60, 0x44, 0x7f, 0x40, 0x01, 0x26, 0xfe, 0xc4, 0x0d, 0x10, 0x84, 0x79, 0x5b, 0x83,
0x47, 0xa0, 0x46, 0x35, 0x36, 0x46, 0x46, 0x36, 0x35, 0x46, 0x00, 0x01, 0x00, 0x51, 0x03, 0x7e,
0x03, 0x07, 0x06, 0xb4, 0x00, 0x07, 0x00, 0x3f, 0xb4, 0x06, 0x01, 0x00, 0x01, 0x4b, 0x4b, 0xb0,
0x1d, 0x50, 0x58, 0x40, 0x11, 0x00, 0x00, 0x00, 0x01, 0x5f, 0x00, 0x01, 0x01, 0x4a, 0x4d, 0x03,
0x01, 0x02, 0x02, 0x4c, 0x02, 0x4e, 0x1b, 0x40, 0x0f, 0x00, 0x01, 0x00, 0x00, 0x02, 0x01, 0x00,
0x67, 0x03, 0x01, 0x02, 0x02, 0x4c, 0x02, 0x4e, 0x59, 0x40, 0x0b, 0x00, 0x00, 0x00, 0x07, 0x00,
0x07, 0x11, 0x21, 0x04, 0x0a, 0x18, 0x2b, 0x13, 0x01, 0x35, 0x21, 0x35, 0x21, 0x15, 0x01, 0x95,
0x01, 0x94, 0xfe, 0x28, 0x02, 0xb6, 0xfe, 0x6a, 0x03, 0x7e, 0x02, 0x89, 0x06, 0xa7, 0xaa, 0xfd,
0x74, 0x00, 0x00, 0x03, 0x00, 0x5e, 0x03, 0x74, 0x03, 0x66, 0x06, 0xbe, 0x00, 0x1d, 0x00, 0x29,
0x00, 0x35, 0x00, 0x6f, 0xb6, 0x16, 0x07, 0x02, 0x03, 0x04, 0x01, 0x4c, 0x4b, 0xb0, 0x1d, 0x50,
0x58, 0x40, 0x20, 0x08, 0x01, 0x04, 0x00, 0x03, 0x02, 0x04, 0x03, 0x69, 0x00, 0x05, 0x05, 0x01,
0x61, 0x00, 0x01, 0x01, 0x4a, 0x4d, 0x07, 0x01, 0x02, 0x02, 0x00, 0x61, 0x06, 0x01, 0x00, 0x00,
0x50, 0x00, 0x4e, 0x1b, 0x40, 0x1e, 0x00, 0x01, 0x00, 0x05, 0x04, 0x01, 0x05, 0x69, 0x08, 0x01,
0x04, 0x00, 0x03, 0x02, 0x04, 0x03, 0x69, 0x07, 0x01, 0x02, 0x02, 0x00, 0x61, 0x06, 0x01, 0x00,
0x00, 0x50, 0x00, 0x4e, 0x59, 0x40, 0x1b, 0x2b, 0x2a, 0x1f, 0x1e, 0x01, 0x00, 0x31, 0x2f, 0x2a,
0x35, 0x2b, 0x35, 0x25, 0x23, 0x1e, 0x29, 0x1f, 0x29, 0x10, 0x0e, 0x00, 0x1d, 0x01, 0x1d, 0x09,
0x0a, 0x16, 0x2b, 0x01, 0x22, 0x26, 0x26, 0x35, 0x34, 0x36, 0x37, 0x35, 0x26, 0x26, 0x35, 0x34,
0x36, 0x36, 0x33, 0x32, 0x16, 0x16, 0x15, 0x14, 0x06, 0x07, 0x15, 0x16, 0x16, 0x15, 0x14, 0x06,
0x06, 0x27, 0x32, 0x36, 0x35, 0x34, 0x26, 0x23, 0x22, 0x06, 0x15, 0x14, 0x16, 0x13, 0x32, 0x36,
0x35, 0x34, 0x26, 0x23, 0x22, 0x06, 0x15, 0x14, 0x16, 0x01, 0xe2, 0x6f, 0xaf, 0x66, 0x7a, 0x56,
0x49, 0x62, 0x5d, 0x9e, 0x64, 0x62, 0x9f, 0x5e, 0x64, 0x47, 0x51, 0x7f, 0x66, 0xb0, 0x6e, 0x47,
0x5b, 0x5d, 0x45, 0x46, 0x5c, 0x5b, 0x47, 0x3b, 0x53, 0x52, 0x3c, 0x3c, 0x52, 0x51, 0x03, 0x74,
0x3e, 0x6a, 0x40, 0x48, 0x72, 0x0d, 0x08, 0x0d, 0x68, 0x41, 0x3f, 0x64, 0x3a, 0x3a, 0x65, 0x3e,
0x42, 0x67, 0x0d, 0x08, 0x0c, 0x71, 0x4a, 0x40, 0x6a, 0x3e, 0x92, 0x3c, 0x2e, 0x2c, 0x3a, 0x3a,
0x2c, 0x2d, 0x3d, 0x01, 0x61, 0x37, 0x28, 0x29, 0x35, 0x35, 0x29, 0x27, 0x38, 0x00, 0x00, 0x02,
0x00, 0x5e, 0x03, 0x71, 0x03, 0x5a, 0x06, 0xc3, 0x00, 0x1b, 0x00, 0x27, 0x00, 0x7f, 0x40, 0x0a,
0x1f, 0x01, 0x05, 0x06, 0x0b, 0x01, 0x03, 0x05, 0x02, 0x4c, 0x4b, 0xb0, 0x1d, 0x50, 0x58, 0x40,
0x27, 0x00, 0x01, 0x03, 0x02, 0x03, 0x01, 0x02, 0x80, 0x08, 0x01, 0x05, 0x00, 0x03, 0x01, 0x05,
0x03, 0x69, 0x00, 0x06, 0x06, 0x04, 0x61, 0x00, 0x04, 0x04, 0x4a, 0x4d, 0x00, 0x02, 0x02, 0x00,
0x61, 0x07, 0x01, 0x00, 0x00, 0x50, 0x00, 0x4e, 0x1b, 0x40, 0x25, 0x00, 0x01, 0x03, 0x02, 0x03,
0x01, 0x02, 0x80, 0x00, 0x04, 0x00, 0x06, 0x05, 0x04, 0x06, 0x69, 0x08, 0x01, 0x05, 0x00, 0x03,
0x01, 0x05, 0x03, 0x69, 0x00, 0x02, 0x02, 0x00, 0x61, 0x07, 0x01, 0x00, 0x00, 0x50, 0x00, 0x4e,
0x59, 0x40, 0x19, 0x1d, 0x1c, 0x01, 0x00, 0x23, 0x21, 0x1c, 0x27, 0x1d, 0x27, 0x16, 0x14, 0x10,
0x0e, 0x09, 0x07, 0x05, 0x04, 0x00, 0x1b, 0x01, 0x1b, 0x09, 0x0a, 0x16, 0x2b, 0x01, 0x22, 0x26,
0x26, 0x27, 0x33, 0x16, 0x16, 0x33, 0x32, 0x36, 0x35, 0x23, 0x06, 0x06, 0x23, 0x22, 0x26, 0x35,
0x34, 0x36, 0x17, 0x1e, 0x02, 0x15, 0x14, 0x06, 0x03, 0x32, 0x36, 0x27, 0x26, 0x26, 0x23, 0x22,
0x06, 0x15, 0x14, 0x16, 0x01, 0xca, 0x63, 0x99, 0x5c, 0x08, 0xd6, 0x0a, 0x4b, 0x32, 0x5d, 0x5e,
0x07, 0x1b, 0x92, 0x56, 0x7c, 0x9e, 0xc6, 0xae, 0x63, 0xb3, 0x72, 0xd9, 0xb1, 0x44, 0x62, 0x04,
0x04, 0x5b, 0x43, 0x46, 0x5d, 0x5d, 0x03, 0x71, 0x47, 0x76, 0x46, 0x24, 0x23, 0x86, 0x6b, 0x3c,
0x48, 0x90, 0x6f, 0x7e, 0xac, 0x02, 0x01, 0x4f, 0xb4, 0x99, 0xc7, 0xec, 0x01, 0xb6, 0x46, 0x39,
0x34, 0x45, 0x47, 0x35, 0x36, 0x46, 0x00, 0x02, 0x00, 0x5e, 0x03, 0x7e, 0x03, 0x2d, 0x06, 0xbf,
0x00, 0x13, 0x00, 0x1f, 0x00, 0x3d, 0x40, 0x3a, 0x0a, 0x01, 0x02, 0x04, 0x01, 0x4c, 0x00, 0x01,
0x02, 0x01, 0x86, 0x05, 0x01, 0x00, 0x06, 0x01, 0x03, 0x04, 0x00, 0x03, 0x69, 0x00, 0x04, 0x02,
0x02, 0x04, 0x59, 0x00, 0x04, 0x04, 0x02, 0x61, 0x00, 0x02, 0x04, 0x02, 0x51, 0x15, 0x14, 0x01,
0x00, 0x1b, 0x19, 0x14, 0x1f, 0x15, 0x1f, 0x0e, 0x0c, 0x09, 0x08, 0x00, 0x13, 0x01, 0x13, 0x07,
0x0b, 0x16, 0x2b, 0x01, 0x32, 0x16, 0x16, 0x15, 0x14, 0x06, 0x07, 0x03, 0x23, 0x01, 0x06, 0x06,
0x23, 0x22, 0x26, 0x35, 0x34, 0x36, 0x36, 0x17, 0x22, 0x06, 0x15, 0x14, 0x16, 0x33, 0x32, 0x36,
0x35, 0x34, 0x26, 0x01, 0xc2, 0x5e, 0xa5, 0x68, 0x39, 0x35, 0xf6, 0xca, 0x01, 0x09, 0x1c, 0x42,
0x21, 0x82, 0xa9, 0x5d, 0xa2, 0x65, 0x45, 0x5a, 0x5a, 0x45, 0x44, 0x5b, 0x5b, 0x06, 0xbf, 0x3b,
0x7c, 0x60, 0x45, 0x7f, 0x40, 0xfe, 0xda, 0x01, 0x39, 0x0b, 0x0f, 0x84, 0x79, 0x5b, 0x83, 0x47,
0xa0, 0x46, 0x35, 0x35, 0x46, 0x46, 0x35, 0x35, 0x46, 0x00, 0x00, 0x01, 0x00, 0x8e, 0x02, 0xed,
0x01, 0xfa, 0x06, 0xf1, 0x00, 0x0e, 0x00, 0x18, 0x40, 0x15, 0x00, 0x00, 0x01, 0x01, 0x00, 0x57,
0x00, 0x00, 0x00, 0x01, 0x5f, 0x00, 0x01, 0x00, 0x01, 0x4f, 0x17, 0x14, 0x02, 0x0a, 0x18, 0x2b,
0x13, 0x34, 0x36, 0x36, 0x37, 0x33, 0x06, 0x02, 0x15, 0x14, 0x16, 0x16, 0x17, 0x23, 0x26, 0x8e,
0x2b, 0x4f, 0x34, 0xbe, 0x49, 0x4b, 0x1c, 0x41, 0x37, 0xbe, 0xae, 0x04, 0xd8, 0x59, 0xc4, 0xb7,
0x45, 0x87, 0xfe, 0xe6, 0x78, 0x45, 0x8d, 0xa9, 0x70, 0xef, 0x00, 0x01, 0x00, 0x4a, 0x02, 0xed,
0x01, 0xb7, 0x06, 0xf1, 0x00, 0x0f, 0x00, 0x1e, 0x40, 0x1b, 0x00, 0x00, 0x01, 0x01, 0x00, 0x57,
0x00, 0x00, 0x00, 0x01, 0x5f, 0x02, 0x01, 0x01, 0x00, 0x01, 0x4f, 0x00, 0x00, 0x00, 0x0f, 0x00,
0x0f, 0x17, 0x03, 0x0a, 0x17, 0x2b, 0x13, 0x3e, 0x02, 0x35, 0x34, 0x02, 0x27, 0x33, 0x1e, 0x02,
0x15, 0x14, 0x06, 0x07, 0x4a, 0x38, 0x41, 0x1c, 0x4a, 0x4b, 0xc0, 0x33, 0x4e, 0x2c, 0x57, 0x56,
0x02, 0xed, 0x70, 0xaa, 0x8c, 0x45, 0x78, 0x01, 0x1a, 0x87, 0x44, 0xb7, 0xc5, 0x59, 0x7a, 0xfa,
0x77, 0x00, 0x00, 0x01, 0x00, 0x99, 0x02, 0xed, 0x01, 0xe0, 0x06, 0xf1, 0x00, 0x07, 0x00, 0x28,
0x40, 0x25, 0x00, 0x00, 0x00, 0x01, 0x02, 0x00, 0x01, 0x67, 0x00, 0x02, 0x03, 0x03, 0x02, 0x57,
0x00, 0x02, 0x02, 0x03, 0x5f, 0x04, 0x01, 0x03, 0x02, 0x03, 0x4f, 0x00, 0x00, 0x00, 0x07, 0x00,
0x07, 0x11, 0x11, 0x11, 0x05, 0x0a, 0x19, 0x2b, 0x13, 0x11, 0x21, 0x15, 0x23, 0x11, 0x33, 0x15,
0x99, 0x01, 0x47, 0x7d, 0x7d, 0x02, 0xed, 0x04, 0x04, 0x98, 0xfd, 0x2c, 0x98, 0x00, 0x00, 0x01,
0x00, 0x65, 0x02, 0xed, 0x01, 0xac, 0x06, 0xf1, 0x00, 0x07, 0x00, 0x28, 0x40, 0x25, 0x00, 0x02,
0x00, 0x01, 0x00, 0x02, 0x01, 0x67, 0x00, 0x00, 0x03, 0x03, 0x00, 0x57, 0x00, 0x00, 0x00, 0x03,
0x5f, 0x04, 0x01, 0x03, 0x00, 0x03, 0x4f, 0x00, 0x00, 0x00, 0x07, 0x00, 0x07, 0x11, 0x11, 0x11,
0x05, 0x0a, 0x19, 0x2b, 0x13, 0x35, 0x33, 0x11, 0x23, 0x35, 0x21, 0x11, 0x65, 0x7d, 0x7d, 0x01,
0x47, 0x02, 0xed, 0x98, 0x02, 0xd4, 0x98, 0xfb, 0xfc, 0x00, 0x00, 0x01, 0x00, 0x91, 0x03, 0xd9,
0x03, 0x16, 0x06, 0x26, 0x00, 0x0b, 0x00, 0x2c, 0x40, 0x29, 0x00, 0x02, 0x01, 0x05, 0x02, 0x57,
0x03, 0x01, 0x01, 0x04, 0x01, 0x00, 0x05, 0x01, 0x00, 0x67, 0x00, 0x02, 0x02, 0x05, 0x5f, 0x06,
0x01, 0x05, 0x02, 0x05, 0x4f, 0x00, 0x00, 0x00, 0x0b, 0x00, 0x0b, 0x11, 0x11, 0x11, 0x11, 0x11,
0x07, 0x0a, 0x1b, 0x2b, 0x01, 0x35, 0x23, 0x35, 0x33, 0x35, 0x33, 0x15, 0x33, 0x15, 0x23, 0x15,
0x01, 0x7d, 0xec, 0xec, 0xad, 0xec, 0xec, 0x03, 0xd9, 0xd5, 0xa2, 0xd6, 0xd6, 0xa2, 0xd5, 0x00,
0x00, 0x02, 0x00, 0x98, 0x04, 0x17, 0x03, 0x0f, 0x05, 0xdb, 0x00, 0x03, 0x00, 0x07, 0x00, 0x29,
0x40, 0x26, 0x00, 0x00, 0x04, 0x01, 0x01, 0x00, 0x01, 0x63, 0x05, 0x01, 0x03, 0x03, 0x02, 0x5f,
0x00, 0x02, 0x02, 0x4b, 0x03, 0x4e, 0x04, 0x04, 0x00, 0x00, 0x04, 0x07, 0x04, 0x07, 0x06, 0x05,
0x00, 0x03, 0x00, 0x03, 0x11, 0x06, 0x0a, 0x17, 0x2b, 0x13, 0x35, 0x21, 0x15, 0x01, 0x35, 0x21,
0x15, 0x98, 0x02, 0x77, 0xfd, 0x89, 0x02, 0x77, 0x04, 0x17, 0xab, 0xab, 0x01, 0x1a, 0xaa, 0xaa,
0xff, 0xff, 0x00, 0x46, 0xfe, 0xc4, 0x02, 0xe1, 0x01, 0x4b, 0x03, 0x07, 0x01, 0x22, 0x00, 0x00,
0xfb, 0x50, 0x00, 0x09, 0xb1, 0x00, 0x02, 0xb8, 0xfb, 0x50, 0xb0, 0x35, 0x2b, 0x00, 0xff, 0xff,
0x00, 0x72, 0xfe, 0xc8, 0x03, 0x48, 0x02, 0x04, 0x03, 0x07, 0x01, 0x23, 0x00, 0x00, 0xfb, 0x50,
0x00, 0x09, 0xb1, 0x00, 0x02, 0xb8, 0xfb, 0x50, 0xb0, 0x35, 0x2b, 0x00, 0xff, 0xff, 0x00, 0x54,
0xfe, 0xc3, 0x03, 0x0f, 0x01, 0x4b, 0x03, 0x07, 0x01, 0x24, 0x00, 0x00, 0xfb, 0x50, 0x00, 0x09,
0xb1, 0x00, 0x01, 0xb8, 0xfb, 0x50, 0xb0, 0x35, 0x2b, 0x00, 0xff, 0xff, 0x00, 0x54, 0xfe, 0xc8,
0x03, 0x29, 0x02, 0x04, 0x03, 0x07, 0x01, 0x25, 0x00, 0x00, 0xfb, 0x50, 0x00, 0x09, 0xb1, 0x00,
0x02, 0xb8, 0xfb, 0x50, 0xb0, 0x35, 0x2b, 0x00, 0xff, 0xff, 0x00, 0x54, 0xfe, 0xc3, 0x03, 0x1e,
0x01, 0x4b, 0x03, 0x07, 0x01, 0x26, 0x00, 0x00, 0xfb, 0x50, 0x00, 0x09, 0xb1, 0x00, 0x02, 0xb8,
0xfb, 0x50, 0xb0, 0x35, 0x2b, 0x00, 0xff, 0xff, 0x00, 0x28, 0xfe, 0xce, 0x02, 0x35, 0x02, 0x3b,
0x03, 0x07, 0x01, 0x27, 0x00, 0x00, 0xfb, 0x50, 0x00, 0x09, 0xb1, 0x00, 0x01, 0xb8, 0xfb, 0x50,
0xb0, 0x35, 0x2b, 0x00, 0xff, 0xff, 0x00, 0x54, 0xfd, 0xd8, 0x03, 0x2c, 0x01, 0x4b, 0x03, 0x07,
0x01, 0x28, 0x00, 0x00, 0xfb, 0x50, 0x00, 0x09, 0xb1, 0x00, 0x02, 0xb8, 0xfb, 0x50, 0xb0, 0x35,
0x2b, 0x00, 0xff, 0xff, 0x00, 0x72, 0xfe, 0xce, 0x03, 0x2d, 0x02, 0x04, 0x03, 0x07, 0x01, 0x29,
0x00, 0x00, 0xfb, 0x50, 0x00, 0x09, 0xb1, 0x00, 0x01, 0xb8, 0xfb, 0x50, 0xb0, 0x35, 0x2b, 0x00,
0xff, 0xff, 0x00, 0x6f, 0xfe, 0xce, 0x01, 0x49, 0x02, 0x4c, 0x03, 0x07, 0x01, 0x2a, 0x00, 0x00,
0xfb, 0x50, 0x00, 0x09, 0xb1, 0x00, 0x02, 0xb8, 0xfb, 0x50, 0xb0, 0x35, 0x2b, 0x00, 0xff, 0xff,
0xff, 0xfb, 0xfd, 0xe7, 0x01, 0x49, 0x02, 0x4c, 0x03, 0x07, 0x01, 0x2b, 0x00, 0x00, 0xfb, 0x50,
0x00, 0x09, 0xb1, 0x00, 0x02, 0xb8, 0xfb, 0x50, 0xb0, 0x35, 0x2b, 0x00, 0xff, 0xff, 0x00, 0x72,
0xfe, 0xce, 0x03, 0x31, 0x02, 0x04, 0x03, 0x07, 0x01, 0x2c, 0x00, 0x00, 0xfb, 0x50, 0x00, 0x09,
0xb1, 0x00, 0x01, 0xb8, 0xfb, 0x50, 0xb0, 0x35, 0x2b, 0x00, 0xff, 0xff, 0x00, 0x72, 0xfe, 0xce,
0x01, 0x46, 0x02, 0x04, 0x03, 0x07, 0x01, 0x2d, 0x00, 0x00, 0xfb, 0x50, 0x00, 0x09, 0xb1, 0x00,
0x01, 0xb8, 0xfb, 0x50, 0xb0, 0x35, 0x2b, 0x00, 0xff, 0xff, 0x00, 0x72, 0xfe, 0xce, 0x04, 0xb1,
0x01, 0x4b, 0x03, 0x07, 0x01, 0x2e, 0x00, 0x00, 0xfb, 0x50, 0x00, 0x09, 0xb1, 0x00, 0x01, 0xb8,
0xfb, 0x50, 0xb0, 0x35, 0x2b, 0x00, 0xff, 0xff, 0x00, 0x72, 0xfe, 0xce, 0x03, 0x2d, 0x01, 0x4b,
0x03, 0x07, 0x01, 0x2f, 0x00, 0x00, 0xfb, 0x50, 0x00, 0x09, 0xb1, 0x00, 0x01, 0xb8, 0xfb, 0x50,
0xb0, 0x35, 0x2b, 0x00, 0xff, 0xff, 0x00, 0x54, 0xfe, 0xc3, 0x03, 0x2f, 0x01, 0x4b, 0x03, 0x07,
0x01, 0x30, 0x00, 0x00, 0xfb, 0x50, 0x00, 0x09, 0xb1, 0x00, 0x02, 0xb8, 0xfb, 0x50, 0xb0, 0x35,
0x2b, 0x00, 0xff, 0xff, 0x00, 0x72, 0xfd, 0xe7, 0x03, 0x48, 0x01, 0x4b, 0x03, 0x07, 0x01, 0x31,
0x00, 0x00, 0xfb, 0x50, 0x00, 0x09, 0xb1, 0x00, 0x02, 0xb8, 0xfb, 0x50, 0xb0, 0x35, 0x2b, 0x00,
0xff, 0xff, 0x00, 0x54, 0xfd, 0xe7, 0x03, 0x29, 0x01, 0x4b, 0x03, 0x07, 0x01, 0x32, 0x00, 0x00,
0xfb, 0x50, 0x00, 0x09, 0xb1, 0x00, 0x02, 0xb8, 0xfb, 0x50, 0xb0, 0x35, 0x2b, 0x00, 0xff, 0xff,
0x00, 0x72, 0xfe, 0xce, 0x02, 0x39, 0x01, 0x50, 0x03, 0x07, 0x01, 0x33, 0x00, 0x00, 0xfb, 0x50,
0x00, 0x09, 0xb1, 0x00, 0x01, 0xb8, 0xfb, 0x50, 0xb0, 0x35, 0x2b, 0x00, 0xff, 0xff, 0x00, 0x57,
0xfe, 0xc4, 0x02, 0xf3, 0x01, 0x4c, 0x03, 0x07, 0x01, 0x34, 0x00, 0x00, 0xfb, 0x50, 0x00, 0x09,
0xb1, 0x00, 0x01, 0xb8, 0xfb, 0x50, 0xb0, 0x35, 0x2b, 0x00, 0xff, 0xff, 0x00, 0x28, 0xfe, 0xc0,
0x01, 0xf0, 0x01, 0xd3, 0x03, 0x07, 0x01, 0x35, 0x00, 0x00, 0xfb, 0x50, 0x00, 0x09, 0xb1, 0x00,
0x01, 0xb8, 0xfb, 0x50, 0xb0, 0x35, 0x2b, 0x00, 0xff, 0xff, 0x00, 0x72, 0xfe, 0xc8, 0x03, 0x2d,
0x01, 0x45, 0x03, 0x07, 0x01, 0x36, 0x00, 0x00, 0xfb, 0x50, 0x00, 0x09, 0xb1, 0x00, 0x01, 0xb8,
0xfb, 0x50, 0xb0, 0x35, 0x2b, 0x00, 0xff, 0xff, 0x00, 0x34, 0xfe, 0xce, 0x03, 0x52, 0x01, 0x45,
0x03, 0x07, 0x01, 0x37, 0x00, 0x00, 0xfb, 0x50, 0x00, 0x09, 0xb1, 0x00, 0x01, 0xb8, 0xfb, 0x50,
0xb0, 0x35, 0x2b, 0x00, 0xff, 0xff, 0x00, 0x2d, 0xfe, 0xce, 0x04, 0x9c, 0x01, 0x45, 0x03, 0x07,
0x01, 0x38, 0x00, 0x00, 0xfb, 0x50, 0x00, 0x09, 0xb1, 0x00, 0x01, 0xb8, 0xfb, 0x50, 0xb0, 0x35,
0x2b, 0x00, 0xff, 0xff, 0x00, 0x3a, 0xfe, 0xce, 0x03, 0x2b, 0x01, 0x45, 0x03, 0x07, 0x01, 0x39,
0x00, 0x00, 0xfb, 0x50, 0x00, 0x09, 0xb1, 0x00, 0x01, 0xb8, 0xfb, 0x50, 0xb0, 0x35, 0x2b, 0x00,
0xff, 0xff, 0x00, 0x34, 0xfd, 0xe1, 0x03, 0x57, 0x01, 0x45, 0x03, 0x07, 0x01, 0x3a, 0x00, 0x00,
0xfb, 0x50, 0x00, 0x09, 0xb1, 0x00, 0x01, 0xb8, 0xfb, 0x50, 0xb0, 0x35, 0x2b, 0x00, 0xff, 0xff,
0x00, 0x71, 0xfe, 0xce, 0x02, 0xe5, 0x01, 0x45, 0x03, 0x07, 0x01, 0x3b, 0x00, 0x00, 0xfb, 0x50,
0x00, 0x09, 0xb1, 0x00, 0x01, 0xb8, 0xfb, 0x50, 0xb0, 0x35, 0x2b, 0x00, 0xff, 0xff, 0x00, 0x5e,
0xfe, 0xc4, 0x03, 0x81, 0x02, 0x0e, 0x03, 0x07, 0x01, 0x3c, 0x00, 0x00, 0xfb, 0x50, 0x00, 0x09,
0xb1, 0x00, 0x02, 0xb8, 0xfb, 0x50, 0xb0, 0x35, 0x2b, 0x00, 0xff, 0xff, 0x00, 0x5e, 0xfe, 0xc4,
0x03, 0x81, 0x02, 0x0e, 0x03, 0x07, 0x01, 0x3d, 0x00, 0x00, 0xfb, 0x50, 0x00, 0x09, 0xb1, 0x00,
0x03, 0xb8, 0xfb, 0x50, 0xb0, 0x35, 0x2b, 0x00, 0xff, 0xff, 0x00, 0x6b, 0xfe, 0xce, 0x02, 0x22,
0x02, 0x04, 0x03, 0x07, 0x01, 0x3e, 0x00, 0x00, 0xfb, 0x50, 0x00, 0x09, 0xb1, 0x00, 0x01, 0xb8,
0xfb, 0x50, 0xb0, 0x35, 0x2b, 0x00, 0xff, 0xff, 0x00, 0x62, 0xfe, 0xce, 0x02, 0x10, 0x02, 0x05,
0x03, 0x07, 0x01, 0x3f, 0x00, 0x00, 0xfb, 0x50, 0x00, 0x09, 0xb1, 0x00, 0x01, 0xb8, 0xfb, 0x50,
0xb0, 0x35, 0x2b, 0x00, 0xff, 0xff, 0x00, 0x66, 0xfe, 0xce, 0x03, 0x3b, 0x02, 0x0e, 0x03, 0x07,
0x01, 0x40, 0x00, 0x00, 0xfb, 0x50, 0x00, 0x09, 0xb1, 0x00, 0x01, 0xb8, 0xfb, 0x50, 0xb0, 0x35,
0x2b, 0x00, 0xff, 0xff, 0x00, 0x62, 0xfe, 0xc4, 0x03, 0x57, 0x02, 0x0e, 0x03, 0x07, 0x01, 0x41,
0x00, 0x00, 0xfb, 0x50, 0x00, 0x09, 0xb1, 0x00, 0x01, 0xb8, 0xfb, 0x50, 0xb0, 0x35, 0x2b, 0x00,
0xff, 0xff, 0x00, 0x62, 0xfe, 0xc4, 0x03, 0x5b, 0x02, 0x04, 0x03, 0x07, 0x01, 0x42, 0x00, 0x00,
0xfb, 0x50, 0x00, 0x09, 0xb1, 0x00, 0x01, 0xb8, 0xfb, 0x50, 0xb0, 0x35, 0x2b, 0x00, 0xff, 0xff,
0x00, 0x65, 0xfe, 0xce, 0x03, 0x7a, 0x02, 0x04, 0x03, 0x07, 0x01, 0x43, 0x00, 0x00, 0xfb, 0x50,
0x00, 0x09, 0xb1, 0x00, 0x02, 0xb8, 0xfb, 0x50, 0xb0, 0x35, 0x2b, 0x00, 0xff, 0xff, 0x00, 0x65,
0xfe, 0xce, 0x03, 0x7a, 0x02, 0x04, 0x03, 0x07, 0x01, 0x44, 0x00, 0x00, 0xfb, 0x50, 0x00, 0x09,
0xb1, 0x00, 0x01, 0xb8, 0xfb, 0x50, 0xb0, 0x35, 0x2b, 0x00, 0xff, 0xff, 0x00, 0x7e, 0xfe, 0xc4,
0x03, 0x56, 0x02, 0x04, 0x03, 0x07, 0x01, 0x45, 0x00, 0x00, 0xfb, 0x50, 0x00, 0x09, 0xb1, 0x00,
0x01, 0xb8, 0xfb, 0x50, 0xb0, 0x35, 0x2b, 0x00, 0xff, 0xff, 0x00, 0x5e, 0xfe, 0xc4, 0x03, 0x5a,
0x02, 0x0e, 0x03, 0x07, 0x01, 0x46, 0x00, 0x00, 0xfb, 0x50, 0x00, 0x09, 0xb1, 0x00, 0x02, 0xb8,
0xfb, 0x50, 0xb0, 0x35, 0x2b, 0x00, 0xff, 0xff, 0x00, 0x5e, 0xfe, 0xc3, 0x03, 0x2d, 0x02, 0x04,
0x03, 0x07, 0x01, 0x47, 0x00, 0x00, 0xfb, 0x50, 0x00, 0x09, 0xb1, 0x00, 0x02, 0xb8, 0xfb, 0x50,
0xb0, 0x35, 0x2b, 0x00, 0xff, 0xff, 0x00, 0x51, 0xfe, 0xce, 0x03, 0x07, 0x02, 0x04, 0x03, 0x07,
0x01, 0x48, 0x00, 0x00, 0xfb, 0x50, 0x00, 0x09, 0xb1, 0x00, 0x01, 0xb8, 0xfb, 0x50, 0xb0, 0x35,
0x2b, 0x00, 0xff, 0xff, 0x00, 0x5e, 0xfe, 0xc4, 0x03, 0x66, 0x02, 0x0e, 0x03, 0x07, 0x01, 0x49,
0x00, 0x00, 0xfb, 0x50, 0x00, 0x09, 0xb1, 0x00, 0x03, 0xb8, 0xfb, 0x50, 0xb0, 0x35, 0x2b, 0x00,
0xff, 0xff, 0x00, 0x5e, 0xfe, 0xc1, 0x03, 0x5a, 0x02, 0x13, 0x03, 0x07, 0x01, 0x4a, 0x00, 0x00,
0xfb, 0x50, 0x00, 0x09, 0xb1, 0x00, 0x02, 0xb8, 0xfb, 0x50, 0xb0, 0x35, 0x2b, 0x00, 0xff, 0xff,
0x00, 0x5e, 0xfe, 0xce, 0x03, 0x2d, 0x02, 0x0f, 0x03, 0x07, 0x01, 0x4b, 0x00, 0x00, 0xfb, 0x50,
0x00, 0x09, 0xb1, 0x00, 0x02, 0xb8, 0xfb, 0x50, 0xb0, 0x35, 0x2b, 0x00, 0xff, 0xff, 0x00, 0x8e,
0xfe, 0x3d, 0x01, 0xfa, 0x02, 0x41, 0x03, 0x07, 0x01, 0x4c, 0x00, 0x00, 0xfb, 0x50, 0x00, 0x09,
0xb1, 0x00, 0x01, 0xb8, 0xfb, 0x50, 0xb0, 0x35, 0x2b, 0x00, 0xff, 0xff, 0x00, 0x4a, 0xfe, 0x3d,
0x01, 0xb7, 0x02, 0x41, 0x03, 0x07, 0x01, 0x4d, 0x00, 0x00, 0xfb, 0x50, 0x00, 0x09, 0xb1, 0x00,
0x01, 0xb8, 0xfb, 0x50, 0xb0, 0x35, 0x2b, 0x00, 0xff, 0xff, 0x00, 0x99, 0xfe, 0x3d, 0x01, 0xe0,
0x02, 0x41, 0x03, 0x07, 0x01, 0x4e, 0x00, 0x00, 0xfb, 0x50, 0x00, 0x09, 0xb1, 0x00, 0x01, 0xb8,
0xfb, 0x50, 0xb0, 0x35, 0x2b, 0x00, 0xff, 0xff, 0x00, 0x65, 0xfe, 0x3d, 0x01, 0xac, 0x02, 0x41,
0x03, 0x07, 0x01, 0x4f, 0x00, 0x00, 0xfb, 0x50, 0x00, 0x09, 0xb1, 0x00, 0x01, 0xb8, 0xfb, 0x50,
0xb0, 0x35, 0x2b, 0x00, 0xff, 0xff, 0x00, 0x91, 0xff, 0x29, 0x03, 0x16, 0x01, 0x76, 0x03, 0x07,
0x01, 0x50, 0x00, 0x00, 0xfb, 0x50, 0x00, 0x09, 0xb1, 0x00, 0x01, 0xb8, 0xfb, 0x50, 0xb0, 0x35,
0x2b, 0x00, 0xff, 0xff, 0x00, 0x98, 0xff, 0x67, 0x03, 0x0f, 0x01, 0x2b, 0x03, 0x07, 0x01, 0x51,
0x00, 0x00, 0xfb, 0x50, 0x00, 0x09, 0xb1, 0x00, 0x02, 0xb8, 0xfb, 0x50, 0xb0, 0x35, 0x2b, 0x00,
0x00, 0x01, 0xfe, 0x70, 0x00, 0x00, 0x03, 0x33, 0x05, 0xd2, 0x00, 0x03, 0x00, 0x19, 0x40, 0x16,
0x00, 0x00, 0x00, 0x56, 0x4d, 0x02, 0x01, 0x01, 0x01, 0x57, 0x01, 0x4e, 0x00, 0x00, 0x00, 0x03,
0x00, 0x03, 0x11, 0x03, 0x0b, 0x17, 0x2b, 0x21, 0x01, 0x33, 0x01, 0xfe, 0x70, 0x04, 0x00, 0xc3,
0xfc, 0x00, 0x05, 0xd2, 0xfa, 0x2e, 0x00, 0x02, 0x00, 0x47, 0xff, 0xf7, 0x02, 0xe4, 0x03, 0x40,
0x00, 0x0b, 0x00, 0x14, 0x00, 0x2b, 0x40, 0x28, 0x00, 0x01, 0x00, 0x03, 0x02, 0x01, 0x03, 0x69,
0x05, 0x01, 0x02, 0x02, 0x00, 0x61, 0x04, 0x01, 0x00, 0x00, 0x57, 0x00, 0x4e, 0x0d, 0x0c, 0x01,
0x00, 0x11, 0x0f, 0x0c, 0x14, 0x0d, 0x14, 0x07, 0x05, 0x00, 0x0b, 0x01, 0x0b, 0x06, 0x0b, 0x16,
0x2b, 0x05, 0x22, 0x26, 0x35, 0x34, 0x36, 0x33, 0x32, 0x16, 0x15, 0x14, 0x06, 0x27, 0x32, 0x11,
0x10, 0x23, 0x22, 0x06, 0x15, 0x10, 0x01, 0x96, 0xa1, 0xae, 0xaf, 0xa0, 0x9f, 0xaf, 0xad, 0xa1,
0x88, 0x88, 0x45, 0x44, 0x09, 0xd8, 0xcb, 0xcc, 0xda, 0xdb, 0xcb, 0xcb, 0xd8, 0x9d, 0x01, 0x06,
0x01, 0x0b, 0x89, 0x82, 0xfe, 0xfa, 0x00, 0x03, 0x00, 0x46, 0xff, 0xf7, 0x02, 0xeb, 0x03, 0x40,
0x00, 0x0b, 0x00, 0x12, 0x00, 0x1a, 0x00, 0x33, 0x40, 0x30, 0x14, 0x11, 0x10, 0x03, 0x02, 0x03,
0x01, 0x4c, 0x00, 0x01, 0x00, 0x03, 0x02, 0x01, 0x03, 0x69, 0x05, 0x01, 0x02, 0x02, 0x00, 0x61,
0x04, 0x01, 0x00, 0x00, 0x57, 0x00, 0x4e, 0x0d, 0x0c, 0x01, 0x00, 0x17, 0x15, 0x0c, 0x12, 0x0d,
0x12, 0x07, 0x05, 0x00, 0x0b, 0x01, 0x0b, 0x06, 0x0b, 0x16, 0x2b, 0x05, 0x22, 0x26, 0x35, 0x34,
0x36, 0x33, 0x32, 0x16, 0x15, 0x14, 0x06, 0x27, 0x32, 0x11, 0x34, 0x27, 0x03, 0x16, 0x27, 0x13,
0x26, 0x23, 0x22, 0x06, 0x15, 0x14, 0x01, 0x98, 0xa0, 0xb2, 0xb2, 0xa0, 0xa1, 0xb2, 0xb1, 0xa2,
0x8a, 0x13, 0xcc, 0x21, 0x45, 0xca, 0x20, 0x31, 0x44, 0x45, 0x09, 0xda, 0xc9, 0xca, 0xdc, 0xdd,
0xc9, 0xc8, 0xdb, 0x9a, 0x01, 0x09, 0x62, 0x3f, 0xfe, 0x7d, 0x27, 0x71, 0x01, 0x83, 0x23, 0x8a,
0x84, 0x5b, 0x00, 0x01, 0x00, 0x4f, 0x00, 0x00, 0x01, 0xd0, 0x03, 0x37, 0x00, 0x07, 0x00, 0x21,
0x40, 0x1e, 0x06, 0x05, 0x03, 0x03, 0x00, 0x01, 0x01, 0x4c, 0x02, 0x01, 0x01, 0x01, 0x00, 0x5f,
0x00, 0x00, 0x00, 0x57, 0x00, 0x4e, 0x00, 0x00, 0x00, 0x07, 0x00, 0x07, 0x11, 0x03, 0x0b, 0x17,
0x2b, 0x01, 0x11, 0x23, 0x11, 0x23, 0x07, 0x35, 0x37, 0x01, 0xd0, 0xbe, 0x09, 0xba, 0xa5, 0x03,
0x37, 0xfc, 0xc9, 0x02, 0x99, 0x8f, 0xaf, 0x7e, 0x00, 0x01, 0x00, 0x42, 0x00, 0x00, 0x01, 0xbd,
0x03, 0x37, 0x00, 0x0b, 0x00, 0x29, 0x40, 0x26, 0x01, 0x01, 0x00, 0x01, 0x01, 0x4c, 0x00, 0x01,
0x00, 0x00, 0x03, 0x01, 0x00, 0x69, 0x00, 0x02, 0x02, 0x03, 0x5f, 0x04, 0x01, 0x03, 0x03, 0x57,
0x03, 0x4e, 0x00, 0x00, 0x00, 0x0b, 0x00, 0x0b, 0x12, 0x21, 0x13, 0x05, 0x0b, 0x19, 0x2b, 0x33,
0x11, 0x06, 0x06, 0x23, 0x35, 0x23, 0x32, 0x36, 0x37, 0x33, 0x11, 0xff, 0x16, 0x6a, 0x33, 0x0a,
0x45, 0x7b, 0x1c, 0x9f, 0x02, 0x72, 0x2d, 0x32, 0x9a, 0x59, 0x31, 0xfc, 0xc9, 0x00, 0x00, 0x01,
0x00, 0x50, 0x00, 0x00, 0x02, 0xa4, 0x03, 0x40, 0x00, 0x1a, 0x00, 0x59, 0xb5, 0x01, 0x01, 0x04,
0x03, 0x01, 0x4c, 0x4b, 0xb0, 0x1a, 0x50, 0x58, 0x40, 0x1b, 0x00, 0x01, 0x00, 0x03, 0x00, 0x01,
0x72, 0x00, 0x02, 0x00, 0x00, 0x01, 0x02, 0x00, 0x69, 0x00, 0x03, 0x03, 0x04, 0x5f, 0x05, 0x01,
0x04, 0x04, 0x57, 0x04, 0x4e, 0x1b, 0x40, 0x1c, 0x00, 0x01, 0x00, 0x03, 0x00, 0x01, 0x03, 0x80,
0x00, 0x02, 0x00, 0x00, 0x01, 0x02, 0x00, 0x69, 0x00, 0x03, 0x03, 0x04, 0x5f, 0x05, 0x01, 0x04,
0x04, 0x57, 0x04, 0x4e, 0x59, 0x40, 0x0d, 0x00, 0x00, 0x00, 0x1a, 0x00, 0x1a, 0x27, 0x22, 0x12,
0x27, 0x06, 0x0b, 0x1a, 0x2b, 0x33, 0x35, 0x01, 0x36, 0x36, 0x35, 0x34, 0x26, 0x23, 0x22, 0x06,
0x15, 0x23, 0x34, 0x36, 0x33, 0x32, 0x16, 0x15, 0x14, 0x06, 0x06, 0x07, 0x07, 0x15, 0x21, 0x15,
0x5d, 0x01, 0x1d, 0x35, 0x32, 0x45, 0x2d, 0x2f, 0x3b, 0xb5, 0xa5, 0x7c, 0x88, 0xa0, 0x21, 0x64,
0x66, 0x4b, 0x01, 0x41, 0x83, 0x01, 0x1a, 0x34, 0x4c, 0x2b, 0x30, 0x34, 0x32, 0x2e, 0x71, 0x83,
0x88, 0x64, 0x25, 0x56, 0x80, 0x64, 0x51, 0x0a, 0x9a, 0x00, 0x00, 0x01, 0x00, 0x53, 0xff, 0xf7,
0x02, 0xce, 0x03, 0x40, 0x00, 0x2b, 0x00, 0x4c, 0x40, 0x49, 0x25, 0x01, 0x03, 0x04, 0x01, 0x4c,
0x00, 0x06, 0x05, 0x04, 0x05, 0x06, 0x04, 0x80, 0x00, 0x01, 0x03, 0x02, 0x03, 0x01, 0x02, 0x80,
0x00, 0x07, 0x00, 0x05, 0x06, 0x07, 0x05, 0x69, 0x00, 0x04, 0x00, 0x03, 0x01, 0x04, 0x03, 0x69,
0x00, 0x02, 0x02, 0x00, 0x61, 0x08, 0x01, 0x00, 0x00, 0x57, 0x00, 0x4e, 0x01, 0x00, 0x20, 0x1e,
0x1b, 0x1a, 0x18, 0x16, 0x12, 0x10, 0x0f, 0x0d, 0x09, 0x07, 0x05, 0x04, 0x00, 0x2b, 0x01, 0x2b,
0x09, 0x0b, 0x16, 0x2b, 0x05, 0x22, 0x26, 0x26, 0x27, 0x33, 0x16, 0x16, 0x33, 0x32, 0x36, 0x35,
0x34, 0x26, 0x23, 0x23, 0x35, 0x33, 0x32, 0x36, 0x35, 0x34, 0x26, 0x23, 0x22, 0x06, 0x07, 0x23,
0x3e, 0x02, 0x33, 0x32, 0x16, 0x15, 0x14, 0x06, 0x07, 0x15, 0x16, 0x16, 0x15, 0x14, 0x06, 0x01,
0x8c, 0x52, 0x8c, 0x58, 0x03, 0xc1, 0x04, 0x49, 0x2d, 0x34, 0x44, 0x44, 0x42, 0x56, 0x56, 0x32,
0x42, 0x36, 0x2c, 0x2c, 0x4c, 0x02, 0xb5, 0x03, 0x54, 0x89, 0x51, 0x83, 0x95, 0x52, 0x43, 0x5d,
0x5a, 0xb5, 0x09, 0x32, 0x5e, 0x42, 0x16, 0x1d, 0x34, 0x2a, 0x2d, 0x3c, 0x8c, 0x3a, 0x2d, 0x27,
0x30, 0x26, 0x21, 0x43, 0x65, 0x38, 0x8d, 0x5c, 0x44, 0x5c, 0x0b, 0x0a, 0x0b, 0x62, 0x4e, 0x69,
0x87, 0x00, 0x00, 0x01, 0x00, 0x53, 0xff, 0xf7, 0x02, 0xd6, 0x03, 0x37, 0x00, 0x1d, 0x00, 0x4c,
0x40, 0x49, 0x15, 0x01, 0x04, 0x05, 0x0f, 0x01, 0x06, 0x04, 0x02, 0x4c, 0x00, 0x06, 0x04, 0x03,
0x04, 0x06, 0x03, 0x80, 0x00, 0x03, 0x01, 0x04, 0x03, 0x01, 0x7e, 0x00, 0x01, 0x02, 0x04, 0x01,
0x02, 0x7e, 0x00, 0x05, 0x00, 0x04, 0x06, 0x05, 0x04, 0x67, 0x00, 0x02, 0x02, 0x00, 0x62, 0x07,
0x01, 0x00, 0x00, 0x57, 0x00, 0x4e, 0x01, 0x00, 0x17, 0x16, 0x14, 0x13, 0x12, 0x10, 0x0e, 0x0c,
0x08, 0x06, 0x04, 0x03, 0x00, 0x1d, 0x01, 0x1d, 0x08, 0x0b, 0x16, 0x2b, 0x05, 0x22, 0x26, 0x27,
0x33, 0x16, 0x16, 0x33, 0x32, 0x36, 0x35, 0x34, 0x26, 0x23, 0x23, 0x35, 0x37, 0x35, 0x21, 0x35,
0x21, 0x15, 0x07, 0x36, 0x16, 0x16, 0x15, 0x14, 0x06, 0x06, 0x01, 0x8f, 0x7d, 0xb7, 0x08, 0xc3,
0x08, 0x49, 0x2a, 0x34, 0x47, 0x3f, 0x4e, 0x4e, 0xa3, 0xfe, 0xa5, 0x02, 0x40, 0xe8, 0x4a, 0x76,
0x45, 0x59, 0x94, 0x09, 0x69, 0x69, 0x1c, 0x17, 0x2a, 0x37, 0x25, 0x4f, 0x82, 0xa5, 0x0a, 0x9b,
0x7f, 0xe0, 0x02, 0x41, 0x6f, 0x42, 0x4c, 0x6b, 0x3a, 0x00, 0x00, 0x02, 0x00, 0x51, 0x00, 0x00,
0x02, 0xe3, 0x03, 0x37, 0x00, 0x0a, 0x00, 0x0f, 0x00, 0x37, 0x40, 0x34, 0x0c, 0x01, 0x01, 0x00,
0x01, 0x01, 0x02, 0x01, 0x02, 0x4c, 0x00, 0x00, 0x01, 0x00, 0x85, 0x07, 0x05, 0x02, 0x01, 0x06,
0x04, 0x02, 0x02, 0x03, 0x01, 0x02, 0x68, 0x00, 0x03, 0x03, 0x57, 0x03, 0x4e, 0x0b, 0x0b, 0x00,
0x00, 0x0b, 0x0f, 0x0b, 0x0e, 0x00, 0x0a, 0x00, 0x0a, 0x11, 0x11, 0x11, 0x12, 0x08, 0x0b, 0x1a,
0x2b, 0x37, 0x35, 0x01, 0x33, 0x11, 0x33, 0x15, 0x23, 0x15, 0x23, 0x35, 0x37, 0x11, 0x23, 0x03,
0x15, 0x51, 0x01, 0x44, 0xec, 0x62, 0x62, 0xb4, 0x06, 0x0b, 0xb8, 0x74, 0x95, 0x02, 0x2e, 0xfd,
0xd7, 0x9a, 0x74, 0x74, 0x9a, 0x01, 0x4d, 0xfe, 0xbe, 0x0b, 0x00, 0x01, 0x00, 0x51, 0x00, 0x00,
0x02, 0xe3, 0x03, 0x37, 0x00, 0x0f, 0x00, 0x33, 0x40, 0x30, 0x01, 0x01, 0x04, 0x01, 0x01, 0x4c,
0x00, 0x00, 0x02, 0x00, 0x85, 0x03, 0x01, 0x01, 0x07, 0x06, 0x02, 0x04, 0x05, 0x01, 0x04, 0x68,
0x00, 0x02, 0x02, 0x05, 0x5f, 0x00, 0x05, 0x05, 0x57, 0x05, 0x4e, 0x00, 0x00, 0x00, 0x0f, 0x00,
0x0f, 0x11, 0x11, 0x11, 0x11, 0x21, 0x12, 0x08, 0x0b, 0x1c, 0x2b, 0x37, 0x35, 0x01, 0x33, 0x03,
0x15, 0x33, 0x35, 0x33, 0x15, 0x33, 0x15, 0x23, 0x15, 0x23, 0x35, 0x51, 0x01, 0x00, 0xae, 0xf6,
0xcd, 0xa7, 0x66, 0x66, 0xaf, 0x74, 0x95, 0x02, 0x2e, 0xfd, 0xe2, 0x0b, 0xf4, 0xf4, 0x9a, 0x74,
0x74, 0x00, 0x00, 0x01, 0x00, 0x6d, 0xff, 0xf6, 0x02, 0xca, 0x03, 0x37, 0x00, 0x1f, 0x00, 0x77,
0x40, 0x0b, 0x16, 0x11, 0x02, 0x03, 0x06, 0x10, 0x01, 0x01, 0x03, 0x02, 0x4c, 0x4b, 0xb0, 0x22,
0x50, 0x58, 0x40, 0x23, 0x00, 0x01, 0x03, 0x02, 0x02, 0x01, 0x72, 0x00, 0x04, 0x00, 0x05, 0x06,
0x04, 0x05, 0x67, 0x00, 0x06, 0x00, 0x03, 0x01, 0x06, 0x03, 0x69, 0x00, 0x02, 0x02, 0x00, 0x62,
0x07, 0x01, 0x00, 0x00, 0x57, 0x00, 0x4e, 0x1b, 0x40, 0x24, 0x00, 0x01, 0x03, 0x02, 0x03, 0x01,
0x02, 0x80, 0x00, 0x04, 0x00, 0x05, 0x06, 0x04, 0x05, 0x67, 0x00, 0x06, 0x00, 0x03, 0x01, 0x06,
0x03, 0x69, 0x00, 0x02, 0x02, 0x00, 0x62, 0x07, 0x01, 0x00, 0x00, 0x57, 0x00, 0x4e, 0x59, 0x40,
0x15, 0x01, 0x00, 0x1b, 0x19, 0x15, 0x14, 0x13, 0x12, 0x0e, 0x0c, 0x08, 0x06, 0x04, 0x03, 0x00,
0x1f, 0x01, 0x1f, 0x08, 0x0b, 0x16, 0x2b, 0x05, 0x22, 0x26, 0x35, 0x33, 0x16, 0x16, 0x33, 0x32,
0x36, 0x35, 0x34, 0x26, 0x23, 0x22, 0x06, 0x07, 0x27, 0x13, 0x21, 0x15, 0x21, 0x07, 0x33, 0x36,
0x36, 0x33, 0x32, 0x16, 0x15, 0x14, 0x06, 0x01, 0x92, 0x7e, 0xa7, 0xb8, 0x02, 0x42, 0x29, 0x37,
0x49, 0x4d, 0x3c, 0x14, 0x3c, 0x15, 0xa3, 0x33, 0x01, 0xe9, 0xfe, 0xaa, 0x18, 0x07, 0x0e, 0x56,
0x34, 0x71, 0x8b, 0xae, 0x0a, 0x82, 0x60, 0x24, 0x29, 0x46, 0x3a, 0x3b, 0x4c, 0x0f, 0x09, 0x2f,
0x01, 0x8e, 0x9b, 0xc5, 0x1a, 0x2a, 0x96, 0x75, 0x7a, 0xa0, 0x00, 0x02, 0x00, 0x47, 0xff, 0xf7,
0x02, 0xd2, 0x03, 0x40, 0x00, 0x1b, 0x00, 0x27, 0x00, 0x77, 0xb5, 0x12, 0x01, 0x06, 0x04, 0x01,
0x4c, 0x4b, 0xb0, 0x24, 0x50, 0x58, 0x40, 0x24, 0x00, 0x02, 0x03, 0x04, 0x03, 0x02, 0x72, 0x00,
0x01, 0x00, 0x03, 0x02, 0x01, 0x03, 0x69, 0x00, 0x04, 0x00, 0x06, 0x05, 0x04, 0x06, 0x69, 0x08,
0x01, 0x05, 0x05, 0x00, 0x61, 0x07, 0x01, 0x00, 0x00, 0x57, 0x00, 0x4e, 0x1b, 0x40, 0x25, 0x00,
0x02, 0x03, 0x04, 0x03, 0x02, 0x04, 0x80, 0x00, 0x01, 0x00, 0x03, 0x02, 0x01, 0x03, 0x69, 0x00,
0x04, 0x00, 0x06, 0x05, 0x04, 0x06, 0x69, 0x08, 0x01, 0x05, 0x05, 0x00, 0x61, 0x07, 0x01, 0x00,
0x00, 0x57, 0x00, 0x4e, 0x59, 0x40, 0x19, 0x1d, 0x1c, 0x01, 0x00, 0x23, 0x21, 0x1c, 0x27, 0x1d,
0x27, 0x17, 0x15, 0x10, 0x0e, 0x0d, 0x0c, 0x0a, 0x08, 0x00, 0x1b, 0x01, 0x1b, 0x09, 0x0b, 0x16,
0x2b, 0x05, 0x22, 0x2e, 0x02, 0x35, 0x34, 0x36, 0x36, 0x33, 0x32, 0x16, 0x17, 0x23, 0x26, 0x23,
0x22, 0x06, 0x15, 0x33, 0x36, 0x36, 0x33, 0x32, 0x16, 0x15, 0x14, 0x06, 0x27, 0x32, 0x36, 0x35,
0x34, 0x26, 0x23, 0x22, 0x06, 0x07, 0x06, 0x16, 0x01, 0x98, 0x35, 0x75, 0x66, 0x41, 0x5c, 0x9c,
0x5e, 0x7c, 0xa3, 0x0f, 0xbd, 0x1a, 0x56, 0x47, 0x53, 0x0a, 0x1c, 0x72, 0x45, 0x67, 0x8a, 0xac,
0x90, 0x39, 0x4d, 0x4a, 0x39, 0x36, 0x4c, 0x05, 0x05, 0x4c, 0x09, 0x1f, 0x55, 0xa0, 0x81, 0x91,
0xc2, 0x61, 0x8e, 0x64, 0x49, 0x80, 0x73, 0x39, 0x43, 0x92, 0x73, 0x7e, 0xa6, 0x93, 0x4f, 0x3a,
0x38, 0x4f, 0x4d, 0x35, 0x36, 0x58, 0x00, 0x02, 0x00, 0x47, 0xff, 0xf6, 0x02, 0x95, 0x03, 0x37,
0x00, 0x11, 0x00, 0x1d, 0x00, 0x38, 0x40, 0x35, 0x0a, 0x01, 0x04, 0x02, 0x01, 0x4c, 0x00, 0x01,
0x02, 0x01, 0x85, 0x00, 0x02, 0x00, 0x04, 0x03, 0x02, 0x04, 0x6a, 0x06, 0x01, 0x03, 0x03, 0x00,
0x61, 0x05, 0x01, 0x00, 0x00, 0x57, 0x00, 0x4e, 0x13, 0x12, 0x01, 0x00, 0x19, 0x17, 0x12, 0x1d,
0x13, 0x1d, 0x0d, 0x0b, 0x09, 0x08, 0x00, 0x11, 0x01, 0x11, 0x07, 0x0b, 0x16, 0x2b, 0x05, 0x22,
0x26, 0x26, 0x35, 0x34, 0x36, 0x37, 0x13, 0x33, 0x03, 0x36, 0x33, 0x32, 0x16, 0x15, 0x14, 0x06,
0x27, 0x32, 0x36, 0x35, 0x34, 0x26, 0x23, 0x22, 0x06, 0x15, 0x14, 0x16, 0x01, 0x70, 0x4d, 0x88,
0x54, 0x31, 0x39, 0xb1, 0xb4, 0xd4, 0x2e, 0x2e, 0x6f, 0x88, 0xa8, 0x7c, 0x35, 0x41, 0x41, 0x35,
0x35, 0x42, 0x42, 0x0a, 0x3e, 0x7a, 0x5c, 0x41, 0x88, 0x56, 0x01, 0x0e, 0xfe, 0xbf, 0x0d, 0x7d,
0x78, 0x80, 0x98, 0x92, 0x46, 0x39, 0x3b, 0x45, 0x45, 0x39, 0x3a, 0x47, 0x00, 0x01, 0x00, 0x3e,
0x00, 0x00, 0x02, 0x88, 0x03, 0x37, 0x00, 0x07, 0x00, 0x23, 0x40, 0x20, 0x06, 0x01, 0x02, 0x00,
0x01, 0x4c, 0x00, 0x01, 0x00, 0x00, 0x02, 0x01, 0x00, 0x67, 0x03, 0x01, 0x02, 0x02, 0x57, 0x02,
0x4e, 0x00, 0x00, 0x00, 0x07, 0x00, 0x07, 0x11, 0x21, 0x04, 0x0b, 0x18, 0x2b, 0x33, 0x01, 0x35,
0x21, 0x35, 0x21, 0x15, 0x01, 0x75, 0x01, 0x4d, 0xfe, 0x7c, 0x02, 0x4a, 0xfe, 0xb0, 0x02, 0x95,
0x0a, 0x98, 0x9e, 0xfd, 0x67, 0x00, 0x00, 0x03, 0x00, 0x47, 0xff, 0xf7, 0x02, 0xd2, 0x03, 0x40,
0x00, 0x1b, 0x00, 0x27, 0x00, 0x33, 0x00, 0x43, 0x40, 0x40, 0x14, 0x06, 0x02, 0x03, 0x04, 0x01,
0x4c, 0x00, 0x01, 0x00, 0x05, 0x04, 0x01, 0x05, 0x69, 0x08, 0x01, 0x04, 0x00, 0x03, 0x02, 0x04,
0x03, 0x69, 0x07, 0x01, 0x02, 0x02, 0x00, 0x61, 0x06, 0x01, 0x00, 0x00, 0x57, 0x00, 0x4e, 0x29,
0x28, 0x1d, 0x1c, 0x01, 0x00, 0x2f, 0x2d, 0x28, 0x33, 0x29, 0x33, 0x23, 0x21, 0x1c, 0x27, 0x1d,
0x27, 0x0e, 0x0c, 0x00, 0x1b, 0x01, 0x1b, 0x09, 0x0b, 0x16, 0x2b, 0x05, 0x22, 0x26, 0x35, 0x34,
0x36, 0x37, 0x35, 0x26, 0x26, 0x35, 0x34, 0x36, 0x33, 0x32, 0x16, 0x16, 0x15, 0x14, 0x06, 0x07,
0x15, 0x16, 0x16, 0x15, 0x14, 0x06, 0x06, 0x27, 0x32, 0x36, 0x35, 0x34, 0x26, 0x23, 0x22, 0x06,
0x15, 0x14, 0x16, 0x13, 0x32, 0x36, 0x35, 0x34, 0x26, 0x23, 0x22, 0x06, 0x15, 0x14, 0x16, 0x01,
0x8c, 0x8e, 0xb7, 0x5f, 0x42, 0x39, 0x48, 0xa7, 0x7e, 0x53, 0x85, 0x4e, 0x4a, 0x37, 0x3e, 0x63,
0x55, 0x93, 0x5e, 0x3b, 0x44, 0x49, 0x36, 0x37, 0x49, 0x44, 0x3c, 0x2e, 0x40, 0x3e, 0x30, 0x31,
0x3c, 0x3d, 0x09, 0x85, 0x63, 0x48, 0x73, 0x0d, 0x0a, 0x0e, 0x67, 0x3d, 0x5e, 0x7f, 0x3b, 0x64,
0x3e, 0x3e, 0x66, 0x0e, 0x0a, 0x0d, 0x73, 0x48, 0x42, 0x69, 0x3d, 0x8a, 0x3c, 0x31, 0x32, 0x3f,
0x3e, 0x33, 0x31, 0x3c, 0x01, 0x66, 0x39, 0x2d, 0x2d, 0x37, 0x37, 0x2d, 0x2d, 0x39, 0x00, 0x02,
0x00, 0x47, 0xff, 0xf5, 0x02, 0xd2, 0x03, 0x42, 0x00, 0x1b, 0x00, 0x27, 0x01, 0x03, 0x40, 0x0a,
0x1f, 0x01, 0x05, 0x06, 0x09, 0x01, 0x03, 0x05, 0x02, 0x4c, 0x4b, 0xb0, 0x0a, 0x50, 0x58, 0x40,
0x24, 0x00, 0x01, 0x03, 0x02, 0x02, 0x01, 0x72, 0x00, 0x04, 0x00, 0x06, 0x05, 0x04, 0x06, 0x69,
0x08, 0x01, 0x05, 0x00, 0x03, 0x01, 0x05, 0x03, 0x69, 0x00, 0x02, 0x02, 0x00, 0x62, 0x07, 0x01,
0x00, 0x00, 0x57, 0x00, 0x4e, 0x1b, 0x4b, 0xb0, 0x0c, 0x50, 0x58, 0x40, 0x24, 0x00, 0x01, 0x03,
0x02, 0x02, 0x01, 0x72, 0x00, 0x04, 0x00, 0x06, 0x05, 0x04, 0x06, 0x69, 0x08, 0x01, 0x05, 0x00,
0x03, 0x01, 0x05, 0x03, 0x69, 0x00, 0x02, 0x02, 0x00, 0x62, 0x07, 0x01, 0x00, 0x00, 0x5d, 0x00,
0x4e, 0x1b, 0x4b, 0xb0, 0x0d, 0x50, 0x58, 0x40, 0x24, 0x00, 0x01, 0x03, 0x02, 0x02, 0x01, 0x72,
0x00, 0x04, 0x00, 0x06, 0x05, 0x04, 0x06, 0x69, 0x08, 0x01, 0x05, 0x00, 0x03, 0x01, 0x05, 0x03,
0x69, 0x00, 0x02, 0x02, 0x00, 0x62, 0x07, 0x01, 0x00, 0x00, 0x57, 0x00, 0x4e, 0x1b, 0x4b, 0xb0,
0x22, 0x50, 0x58, 0x40, 0x24, 0x00, 0x01, 0x03, 0x02, 0x02, 0x01, 0x72, 0x00, 0x04, 0x00, 0x06,
0x05, 0x04, 0x06, 0x69, 0x08, 0x01, 0x05, 0x00, 0x03, 0x01, 0x05, 0x03, 0x69, 0x00, 0x02, 0x02,
0x00, 0x62, 0x07, 0x01, 0x00, 0x00, 0x5d, 0x00, 0x4e, 0x1b, 0x40, 0x25, 0x00, 0x01, 0x03, 0x02,
0x03, 0x01, 0x02, 0x80, 0x00, 0x04, 0x00, 0x06, 0x05, 0x04, 0x06, 0x69, 0x08, 0x01, 0x05, 0x00,
0x03, 0x01, 0x05, 0x03, 0x69, 0x00, 0x02, 0x02, 0x00, 0x62, 0x07, 0x01, 0x00, 0x00, 0x5d, 0x00,
0x4e, 0x59, 0x59, 0x59, 0x59, 0x40, 0x19, 0x1d, 0x1c, 0x01, 0x00, 0x23, 0x21, 0x1c, 0x27, 0x1d,
0x27, 0x14, 0x12, 0x0e, 0x0c, 0x07, 0x05, 0x04, 0x03, 0x00, 0x1b, 0x01, 0x1b, 0x09, 0x0b, 0x16,
0x2b, 0x05, 0x22, 0x26, 0x27, 0x33, 0x16, 0x33, 0x32, 0x36, 0x35, 0x23, 0x06, 0x06, 0x23, 0x22,
0x26, 0x35, 0x34, 0x36, 0x33, 0x32, 0x1e, 0x02, 0x15, 0x14, 0x06, 0x06, 0x03, 0x32, 0x36, 0x37,
0x36, 0x26, 0x23, 0x22, 0x06, 0x15, 0x14, 0x16, 0x01, 0x7e, 0x7c, 0xa3, 0x0f, 0xbd, 0x19, 0x57,
0x47, 0x53, 0x09, 0x1d, 0x74, 0x43, 0x68, 0x8b, 0xab, 0x8b, 0x31, 0x76, 0x6a, 0x44, 0x5b, 0x9b,
0x5c, 0x3b, 0x4a, 0x04, 0x03, 0x4c, 0x3c, 0x39, 0x4c, 0x48, 0x0b, 0x8f, 0x67, 0x4c, 0x81, 0x74,
0x3a, 0x45, 0x94, 0x73, 0x7e, 0xa8, 0x1c, 0x54, 0xa1, 0x85, 0x92, 0xc4, 0x61, 0x01, 0xa7, 0x53,
0x34, 0x33, 0x57, 0x50, 0x3a, 0x38, 0x4f, 0x00, 0x00, 0x02, 0x00, 0x47, 0x00, 0x00, 0x02, 0x95,
0x03, 0x41, 0x00, 0x11, 0x00, 0x1d, 0x00, 0x36, 0x40, 0x33, 0x0a, 0x01, 0x02, 0x04, 0x01, 0x4c,
0x05, 0x01, 0x00, 0x06, 0x01, 0x03, 0x04, 0x00, 0x03, 0x69, 0x00, 0x04, 0x00, 0x02, 0x01, 0x04,
0x02, 0x69, 0x00, 0x01, 0x01, 0x57, 0x01, 0x4e, 0x13, 0x12, 0x01, 0x00, 0x19, 0x17, 0x12, 0x1d,
0x13, 0x1d, 0x0d, 0x0b, 0x09, 0x08, 0x00, 0x11, 0x01, 0x11, 0x07, 0x0b, 0x16, 0x2b, 0x01, 0x32,
0x16, 0x16, 0x15, 0x14, 0x06, 0x07, 0x03, 0x23, 0x13, 0x06, 0x23, 0x22, 0x26, 0x35, 0x34, 0x36,
0x17, 0x22, 0x06, 0x15, 0x14, 0x16, 0x33, 0x32, 0x36, 0x35, 0x34, 0x26, 0x01, 0x6c, 0x4d, 0x88,
0x54, 0x32, 0x38, 0xb1, 0xb4, 0xd4, 0x2e, 0x2e, 0x6f, 0x88, 0xa7, 0x7d, 0x35, 0x41, 0x41, 0x35,
0x36, 0x42, 0x42, 0x03, 0x41, 0x3e, 0x7a, 0x5c, 0x42, 0x88, 0x56, 0xfe, 0xf3, 0x01, 0x41, 0x0d,
0x7d, 0x78, 0x80, 0x98, 0x92, 0x46, 0x39, 0x3b, 0x46, 0x46, 0x39, 0x3a, 0x47, 0x00, 0x00, 0x01,
0x00, 0x74, 0x00, 0x7b, 0x02, 0xad, 0x02, 0xb5, 0x00, 0x0b, 0x00, 0x2c, 0x40, 0x29, 0x00, 0x02,
0x01, 0x05, 0x02, 0x57, 0x03, 0x01, 0x01, 0x04, 0x01, 0x00, 0x05, 0x01, 0x00, 0x67, 0x00, 0x02,
0x02, 0x05, 0x5f, 0x06, 0x01, 0x05, 0x02, 0x05, 0x4f, 0x00, 0x00, 0x00, 0x0b, 0x00, 0x0b, 0x11,
0x11, 0x11, 0x11, 0x11, 0x07, 0x0b, 0x1b, 0x2b, 0x25, 0x35, 0x23, 0x35, 0x33, 0x35, 0x33, 0x15,
0x33, 0x15, 0x23, 0x15, 0x01, 0x46, 0xd2, 0xd2, 0x96, 0xd1, 0xd1, 0x7b, 0xd5, 0x8f, 0xd6, 0xd6,
0x8f, 0xd5, 0x00, 0x02, 0x00, 0x7c, 0x00, 0xc2, 0x02, 0xa7, 0x02, 0x67, 0x00, 0x03, 0x00, 0x07,
0x00, 0x2f, 0x40, 0x2c, 0x00, 0x02, 0x05, 0x01, 0x03, 0x00, 0x02, 0x03, 0x67, 0x00, 0x00, 0x01,
0x01, 0x00, 0x57, 0x00, 0x00, 0x00, 0x01, 0x5f, 0x04, 0x01, 0x01, 0x00, 0x01, 0x4f, 0x04, 0x04,
0x00, 0x00, 0x04, 0x07, 0x04, 0x07, 0x06, 0x05, 0x00, 0x03, 0x00, 0x03, 0x11, 0x06, 0x0b, 0x17,
0x2b, 0x37, 0x35, 0x21, 0x15, 0x01, 0x35, 0x21, 0x15, 0x7c, 0x02, 0x2b, 0xfd, 0xd5, 0x02, 0x2b,
0xc2, 0x97, 0x97, 0x01, 0x0f, 0x96, 0x96, 0x00, 0x00, 0x01, 0x00, 0x74, 0xff, 0xb1, 0x01, 0xb6,
0x03, 0xb0, 0x00, 0x0e, 0x00, 0x18, 0x40, 0x15, 0x00, 0x00, 0x01, 0x01, 0x00, 0x57, 0x00, 0x00,
0x00, 0x01, 0x5f, 0x00, 0x01, 0x00, 0x01, 0x4f, 0x16, 0x14, 0x02, 0x0b, 0x18, 0x2b, 0x13, 0x34,
0x36, 0x36, 0x37, 0x33, 0x06, 0x02, 0x15, 0x14, 0x16, 0x17, 0x23, 0x26, 0x26, 0x74, 0x28, 0x45,
0x2d, 0xa8, 0x3f, 0x46, 0x3c, 0x49, 0xa8, 0x4b, 0x4f, 0x01, 0x95, 0x57, 0xc7, 0xba, 0x43, 0x87,
0xfe, 0xe1, 0x75, 0x64, 0xd8, 0xa8, 0x76, 0xf6, 0x00, 0x01, 0x00, 0x32, 0xff, 0xb1, 0x01, 0x74,
0x03, 0xb0, 0x00, 0x0d, 0x00, 0x1e, 0x40, 0x1b, 0x00, 0x00, 0x01, 0x01, 0x00, 0x57, 0x00, 0x00,
0x00, 0x01, 0x5f, 0x02, 0x01, 0x01, 0x00, 0x01, 0x4f, 0x00, 0x00, 0x00, 0x0d, 0x00, 0x0d, 0x16,
0x03, 0x0b, 0x17, 0x2b, 0x17, 0x36, 0x36, 0x35, 0x34, 0x02, 0x27, 0x33, 0x1e, 0x02, 0x15, 0x14,
0x07, 0x32, 0x4c, 0x39, 0x45, 0x40, 0xa9, 0x2c, 0x45, 0x28, 0x99, 0x4f, 0xac, 0xd8, 0x60, 0x75,
0x01, 0x1f, 0x87, 0x42, 0xba, 0xc8, 0x57, 0xf2, 0xf2, 0x00, 0x00, 0x01, 0x00, 0x85, 0xff, 0xf2,
0x01, 0x86, 0x00, 0xf2, 0x00, 0x0b, 0x00, 0x1a, 0x40, 0x17, 0x00, 0x01, 0x01, 0x00, 0x61, 0x02,
0x01, 0x00, 0x00, 0x5d, 0x00, 0x4e, 0x01, 0x00, 0x07, 0x05, 0x00, 0x0b, 0x01, 0x0b, 0x03, 0x0b,
0x16, 0x2b, 0x05, 0x22, 0x26, 0x35, 0x34, 0x36, 0x33, 0x32, 0x16, 0x15, 0x14, 0x06, 0x01, 0x05,
0x36, 0x4a, 0x4a, 0x36, 0x36, 0x4b, 0x4b, 0x0e, 0x4a, 0x36, 0x36, 0x4a, 0x4a, 0x36, 0x36, 0x4a,
0x00, 0x01, 0x00, 0x62, 0xfe, 0xce, 0x01, 0x7f, 0x00, 0xb0, 0x00, 0x03, 0x00, 0x1e, 0x40, 0x1b,
0x00, 0x00, 0x01, 0x01, 0x00, 0x57, 0x00, 0x00, 0x00, 0x01, 0x5f, 0x02, 0x01, 0x01, 0x00, 0x01,
0x4f, 0x00, 0x00, 0x00, 0x03, 0x00, 0x03, 0x11, 0x03, 0x0b, 0x17, 0x2b, 0x13, 0x13, 0x33, 0x03,
0x62, 0x46, 0xd7, 0x8c, 0xfe, 0xce, 0x01, 0xe2, 0xfe, 0x1e, 0x00, 0x01, 0x00, 0x72, 0xfe, 0xff,
0x01, 0x85, 0x00, 0xed, 0x00, 0x10, 0x00, 0x1d, 0x40, 0x1a, 0x04, 0x01, 0x00, 0x01, 0x01, 0x4c,
0x01, 0x01, 0x00, 0x49, 0x00, 0x01, 0x01, 0x00, 0x61, 0x00, 0x00, 0x00, 0x5d, 0x00, 0x4e, 0x24,
0x25, 0x02, 0x0b, 0x18, 0x2b, 0x13, 0x27, 0x36, 0x36, 0x37, 0x06, 0x23, 0x22, 0x26, 0x35, 0x34,
0x36, 0x33, 0x32, 0x16, 0x15, 0x14, 0xa6, 0x24, 0x4b, 0x4a, 0x08, 0x15, 0x21, 0x33, 0x44, 0x4a,
0x3a, 0x3e, 0x51, 0xfe, 0xff, 0x57, 0x20, 0x52, 0x3f, 0x14, 0x45, 0x37, 0x38, 0x46, 0x55, 0x50,
0xf2, 0x00, 0x00, 0x01, 0x00, 0x8e, 0xff, 0x0e, 0x01, 0x7c, 0x00, 0xe5, 0x00, 0x0d, 0x00, 0x22,
0x40, 0x1f, 0x00, 0x00, 0x04, 0x01, 0x03, 0x00, 0x03, 0x65, 0x00, 0x02, 0x02, 0x01, 0x5f, 0x00,
0x01, 0x01, 0x57, 0x01, 0x4e, 0x00, 0x00, 0x00, 0x0d, 0x00, 0x0c, 0x11, 0x13, 0x21, 0x05, 0x0b,
0x19, 0x2b, 0x17, 0x35, 0x33, 0x32, 0x36, 0x35, 0x35, 0x23, 0x35, 0x33, 0x15, 0x14, 0x06, 0x23,
0x8e, 0x1e, 0x2f, 0x2d, 0x7a, 0xee, 0x6c, 0x66, 0xf2, 0x69, 0x3d, 0x35, 0x17, 0xe5, 0xf3, 0x6e,
0x76, 0x00, 0xff, 0xff, 0x00, 0x47, 0x02, 0x92, 0x02, 0xe4, 0x05, 0xdb, 0x03, 0x07, 0x01, 0x83,
0x00, 0x00, 0x02, 0x9b, 0x00, 0x09, 0xb1, 0x00, 0x02, 0xb8, 0x02, 0x9b, 0xb0, 0x35, 0x2b, 0x00,
0xff, 0xff, 0x00, 0x46, 0x02, 0x92, 0x02, 0xeb, 0x05, 0xdb, 0x03, 0x07, 0x01, 0x84, 0x00, 0x00,
0x02, 0x9b, 0x00, 0x09, 0xb1, 0x00, 0x03, 0xb8, 0x02, 0x9b, 0xb0, 0x35, 0x2b, 0x00, 0xff, 0xff,
0x00, 0x4f, 0x02, 0x9b, 0x01, 0xd0, 0x05, 0xd2, 0x03, 0x07, 0x01, 0x85, 0x00, 0x00, 0x02, 0x9b,
0x00, 0x09, 0xb1, 0x00, 0x01, 0xb8, 0x02, 0x9b, 0xb0, 0x35, 0x2b, 0x00, 0xff, 0xff, 0x00, 0x42,
0x02, 0x9b, 0x01, 0xbd, 0x05, 0xd2, 0x03, 0x07, 0x01, 0x86, 0x00, 0x00, 0x02, 0x9b, 0x00, 0x09,
0xb1, 0x00, 0x01, 0xb8, 0x02, 0x9b, 0xb0, 0x35, 0x2b, 0x00, 0xff, 0xff, 0x00, 0x50, 0x02, 0x9b,
0x02, 0xa4, 0x05, 0xdb, 0x03, 0x07, 0x01, 0x87, 0x00, 0x00, 0x02, 0x9b, 0x00, 0x09, 0xb1, 0x00,
0x01, 0xb8, 0x02, 0x9b, 0xb0, 0x35, 0x2b, 0x00, 0xff, 0xff, 0x00, 0x53, 0x02, 0x92, 0x02, 0xce,
0x05, 0xdb, 0x03, 0x07, 0x01, 0x88, 0x00, 0x00, 0x02, 0x9b, 0x00, 0x09, 0xb1, 0x00, 0x01, 0xb8,
0x02, 0x9b, 0xb0, 0x35, 0x2b, 0x00, 0xff, 0xff, 0x00, 0x53, 0x02, 0x92, 0x02, 0xd6, 0x05, 0xd2,
0x03, 0x07, 0x01, 0x89, 0x00, 0x00, 0x02, 0x9b, 0x00, 0x09, 0xb1, 0x00, 0x01, 0xb8, 0x02, 0x9b,
0xb0, 0x35, 0x2b, 0x00, 0xff, 0xff, 0x00, 0x51, 0x02, 0x9b, 0x02, 0xe3, 0x05, 0xd2, 0x03, 0x07,
0x01, 0x8a, 0x00, 0x00, 0x02, 0x9b, 0x00, 0x09, 0xb1, 0x00, 0x02, 0xb8, 0x02, 0x9b, 0xb0, 0x35,
0x2b, 0x00, 0xff, 0xff, 0x00, 0x51, 0x02, 0x9b, 0x02, 0xe3, 0x05, 0xd2, 0x03, 0x07, 0x01, 0x8b,
0x00, 0x00, 0x02, 0x9b, 0x00, 0x09, 0xb1, 0x00, 0x01, 0xb8, 0x02, 0x9b, 0xb0, 0x35, 0x2b, 0x00,
0xff, 0xff, 0x00, 0x6d, 0x02, 0x91, 0x02, 0xca, 0x05, 0xd2, 0x03, 0x07, 0x01, 0x8c, 0x00, 0x00,
0x02, 0x9b, 0x00, 0x09, 0xb1, 0x00, 0x01, 0xb8, 0x02, 0x9b, 0xb0, 0x35, 0x2b, 0x00, 0xff, 0xff,
0x00, 0x47, 0x02, 0x92, 0x02, 0xd2, 0x05, 0xdb, 0x03, 0x07, 0x01, 0x8d, 0x00, 0x00, 0x02, 0x9b,
0x00, 0x09, 0xb1, 0x00, 0x02, 0xb8, 0x02, 0x9b, 0xb0, 0x35, 0x2b, 0x00, 0xff, 0xff, 0x00, 0x47,
0x02, 0x91, 0x02, 0x95, 0x05, 0xd2, 0x03, 0x07, 0x01, 0x8e, 0x00, 0x00, 0x02, 0x9b, 0x00, 0x09,
0xb1, 0x00, 0x02, 0xb8, 0x02, 0x9b, 0xb0, 0x35, 0x2b, 0x00, 0xff, 0xff, 0x00, 0x3e, 0x02, 0x9b,
0x02, 0x88, 0x05, 0xd2, 0x03, 0x07, 0x01, 0x8f, 0x00, 0x00, 0x02, 0x9b, 0x00, 0x09, 0xb1, 0x00,
0x01, 0xb8, 0x02, 0x9b, 0xb0, 0x35, 0x2b, 0x00, 0xff, 0xff, 0x00, 0x47, 0x02, 0x92, 0x02, 0xd2,
0x05, 0xdb, 0x03, 0x07, 0x01, 0x90, 0x00, 0x00, 0x02, 0x9b, 0x00, 0x09, 0xb1, 0x00, 0x03, 0xb8,
0x02, 0x9b, 0xb0, 0x35, 0x2b, 0x00, 0xff, 0xff, 0x00, 0x47, 0x02, 0x90, 0x02, 0xd2, 0x05, 0xdd,
0x03, 0x07, 0x01, 0x91, 0x00, 0x00, 0x02, 0x9b, 0x00, 0x09, 0xb1, 0x00, 0x02, 0xb8, 0x02, 0x9b,
0xb0, 0x35, 0x2b, 0x00, 0xff, 0xff, 0x00, 0x47, 0x02, 0x9b, 0x02, 0x95, 0x05, 0xdc, 0x03, 0x07,
0x01, 0x92, 0x00, 0x00, 0x02, 0x9b, 0x00, 0x09, 0xb1, 0x00, 0x02, 0xb8, 0x02, 0x9b, 0xb0, 0x35,
0x2b, 0x00, 0xff, 0xff, 0x00, 0x74, 0x03, 0x16, 0x02, 0xad, 0x05, 0x50, 0x03, 0x07, 0x01, 0x93,
0x00, 0x00, 0x02, 0x9b, 0x00, 0x09, 0xb1, 0x00, 0x01, 0xb8, 0x02, 0x9b, 0xb0, 0x35, 0x2b, 0x00,
0xff, 0xff, 0x00, 0x7c, 0x03, 0x5d, 0x02, 0xa7, 0x05, 0x02, 0x03, 0x07, 0x01, 0x94, 0x00, 0x00,
0x02, 0x9b, 0x00, 0x09, 0xb1, 0x00, 0x02, 0xb8, 0x02, 0x9b, 0xb0, 0x35, 0x2b, 0x00, 0xff, 0xff,
0x00, 0x74, 0x02, 0x4c, 0x01, 0xb6, 0x06, 0x4b, 0x03, 0x07, 0x01, 0x95, 0x00, 0x00, 0x02, 0x9b,
0x00, 0x09, 0xb1, 0x00, 0x01, 0xb8, 0x02, 0x9b, 0xb0, 0x35, 0x2b, 0x00, 0xff, 0xff, 0x00, 0x32,
0x02, 0x4c, 0x01, 0x74, 0x06, 0x4b, 0x03, 0x07, 0x01, 0x96, 0x00, 0x00, 0x02, 0x9b, 0x00, 0x09,
0xb1, 0x00, 0x01, 0xb8, 0x02, 0x9b, 0xb0, 0x35, 0x2b, 0x00, 0x00, 0x01, 0x00, 0x85, 0x02, 0x6b,
0x01, 0x86, 0x03, 0x6a, 0x00, 0x0b, 0x00, 0x1f, 0x40, 0x1c, 0x00, 0x01, 0x00, 0x00, 0x01, 0x59,
0x00, 0x01, 0x01, 0x00, 0x61, 0x02, 0x01, 0x00, 0x01, 0x00, 0x51, 0x01, 0x00, 0x07, 0x05, 0x00,
0x0b, 0x01, 0x0b, 0x03, 0x0b, 0x16, 0x2b, 0x01, 0x22, 0x26, 0x35, 0x34, 0x36, 0x33, 0x32, 0x16,
0x15, 0x14, 0x06, 0x01, 0x05, 0x36, 0x4a, 0x4a, 0x36, 0x36, 0x4b, 0x4b, 0x02, 0x6b, 0x4a, 0x36,
0x36, 0x49, 0x49, 0x36, 0x36, 0x4a, 0x00, 0x01, 0x00, 0x62, 0x01, 0x71, 0x01, 0x7f, 0x03, 0x53,
0x00, 0x03, 0x00, 0x1e, 0x40, 0x1b, 0x00, 0x00, 0x01, 0x01, 0x00, 0x57, 0x00, 0x00, 0x00, 0x01,
0x5f, 0x02, 0x01, 0x01, 0x00, 0x01, 0x4f, 0x00, 0x00, 0x00, 0x03, 0x00, 0x03, 0x11, 0x03, 0x0b,
0x17, 0x2b, 0x13, 0x13, 0x33, 0x03, 0x62, 0x46, 0xd7, 0x8c, 0x01, 0x71, 0x01, 0xe2, 0xfe, 0x1e,
0xff, 0xff, 0x00, 0x72, 0x01, 0x7b, 0x01, 0x85, 0x03, 0x69, 0x03, 0x07, 0x01, 0x99, 0x00, 0x00,
0x02, 0x7c, 0x00, 0x09, 0xb1, 0x00, 0x01, 0xb8, 0x02, 0x7c, 0xb0, 0x35, 0x2b, 0x00, 0xff, 0xff,
0x00, 0x8e, 0x01, 0x80, 0x01, 0x7c, 0x03, 0x57, 0x03, 0x07, 0x01, 0x9a, 0x00, 0x00, 0x02, 0x72,
0x00, 0x09, 0xb1, 0x00, 0x01, 0xb8, 0x02, 0x72, 0xb0, 0x35, 0x2b, 0x00, 0xff, 0xff, 0x00, 0x4f,
0x00, 0x00, 0x06, 0xa3, 0x05, 0xd2, 0x00, 0x27, 0x01, 0x85, 0x00, 0x00, 0x02, 0x9b, 0x00, 0x27,
0x01, 0x82, 0x02, 0x5d, 0x00, 0x00, 0x01, 0x07, 0x01, 0x87, 0x03, 0xff, 0x00, 0x00, 0x00, 0x09,
0xb1, 0x00, 0x01, 0xb8, 0x02, 0x9b, 0xb0, 0x35, 0x2b, 0x00, 0xff, 0xff, 0x00, 0x4f, 0x00, 0x00,
0x06, 0x5e, 0x05, 0xd2, 0x00, 0x27, 0x01, 0x85, 0x00, 0x00, 0x02, 0x9b, 0x00, 0x27, 0x01, 0x82,
0x02, 0x5d, 0x00, 0x00, 0x01, 0x07, 0x01, 0x8a, 0x03, 0x7b, 0x00, 0x00, 0x00, 0x09, 0xb1, 0x00,
0x01, 0xb8, 0x02, 0x9b, 0xb0, 0x35, 0x2b, 0x00, 0xff, 0xff, 0x00, 0x53, 0x00, 0x00, 0x06, 0xf9,
0x05, 0xdb, 0x00, 0x27, 0x01, 0x88, 0x00, 0x00, 0x02, 0x9b, 0x00, 0x27, 0x01, 0x82, 0x02, 0xf8,
0x00, 0x00, 0x01, 0x07, 0x01, 0x8a, 0x04, 0x16, 0x00, 0x00, 0x00, 0x09, 0xb1, 0x00, 0x01, 0xb8,
0x02, 0x9b, 0xb0, 0x35, 0x2b, 0x00, 0x00, 0x05, 0x00, 0xc8, 0xff, 0xe5, 0x07, 0x40, 0x05, 0xea,
0x00, 0x11, 0x00, 0x23, 0x00, 0x27, 0x00, 0x35, 0x00, 0x43, 0x00, 0xd2, 0x4b, 0xb0, 0x13, 0x50,
0x58, 0x40, 0x2c, 0x0e, 0x01, 0x08, 0x0b, 0x01, 0x02, 0x01, 0x08, 0x02, 0x69, 0x00, 0x01, 0x00,
0x07, 0x06, 0x01, 0x07, 0x6a, 0x00, 0x09, 0x09, 0x03, 0x61, 0x04, 0x01, 0x03, 0x03, 0x5c, 0x4d,
0x0d, 0x01, 0x06, 0x06, 0x00, 0x61, 0x0c, 0x05, 0x0a, 0x03, 0x00, 0x00, 0x60, 0x00, 0x4e, 0x1b,
0x4b, 0xb0, 0x15, 0x50, 0x58, 0x40, 0x30, 0x0e, 0x01, 0x08, 0x0b, 0x01, 0x02, 0x01, 0x08, 0x02,
0x69, 0x00, 0x01, 0x00, 0x07, 0x06, 0x01, 0x07, 0x6a, 0x00, 0x09, 0x09, 0x03, 0x61, 0x04, 0x01,
0x03, 0x03, 0x5c, 0x4d, 0x0c, 0x01, 0x05, 0x05, 0x57, 0x4d, 0x0d, 0x01, 0x06, 0x06, 0x00, 0x61,
0x0a, 0x01, 0x00, 0x00, 0x60, 0x00, 0x4e, 0x1b, 0x40, 0x34, 0x0e, 0x01, 0x08, 0x0b, 0x01, 0x02,
0x01, 0x08, 0x02, 0x69, 0x00, 0x01, 0x00, 0x07, 0x06, 0x01, 0x07, 0x6a, 0x00, 0x04, 0x04, 0x56,
0x4d, 0x00, 0x09, 0x09, 0x03, 0x61, 0x00, 0x03, 0x03, 0x5c, 0x4d, 0x0c, 0x01, 0x05, 0x05, 0x57,
0x4d, 0x0d, 0x01, 0x06, 0x06, 0x00, 0x61, 0x0a, 0x01, 0x00, 0x00, 0x60, 0x00, 0x4e, 0x59, 0x59,
0x40, 0x2b, 0x37, 0x36, 0x29, 0x28, 0x24, 0x24, 0x13, 0x12, 0x01, 0x00, 0x3e, 0x3c, 0x36, 0x43,
0x37, 0x43, 0x30, 0x2e, 0x28, 0x35, 0x29, 0x35, 0x24, 0x27, 0x24, 0x27, 0x26, 0x25, 0x1c, 0x1a,
0x12, 0x23, 0x13, 0x23, 0x0a, 0x08, 0x00, 0x11, 0x01, 0x11, 0x0f, 0x0b, 0x16, 0x2b, 0x05, 0x22,
0x26, 0x26, 0x35, 0x35, 0x34, 0x36, 0x36, 0x33, 0x32, 0x16, 0x16, 0x15, 0x15, 0x14, 0x06, 0x06,
0x01, 0x22, 0x26, 0x26, 0x35, 0x35, 0x34, 0x36, 0x36, 0x33, 0x32, 0x16, 0x16, 0x15, 0x15, 0x14,
0x06, 0x06, 0x03, 0x01, 0x33, 0x01, 0x25, 0x32, 0x36, 0x35, 0x35, 0x34, 0x26, 0x23, 0x22, 0x06,
0x15, 0x15, 0x14, 0x16, 0x01, 0x32, 0x36, 0x35, 0x35, 0x34, 0x26, 0x23, 0x22, 0x06, 0x15, 0x15,
0x14, 0x16, 0x06, 0x07, 0x67, 0x8c, 0x48, 0x4a, 0x8c, 0x65, 0x67, 0x8b, 0x47, 0x48, 0x8c, 0xfb,
0x97, 0x67, 0x8c, 0x48, 0x4a, 0x8c, 0x65, 0x67, 0x8b, 0x47, 0x48, 0x8c, 0xca, 0x04, 0x00, 0xc3,
0xfc, 0x00, 0x03, 0xa6, 0x46, 0x35, 0x33, 0x48, 0x45, 0x38, 0x37, 0xfc, 0x42, 0x46, 0x35, 0x33,
0x48, 0x45, 0x37, 0x36, 0x1b, 0x58, 0x91, 0x57, 0x4e, 0x57, 0x91, 0x58, 0x58, 0x92, 0x56, 0x4e,
0x57, 0x92, 0x57, 0x03, 0x37, 0x58, 0x92, 0x56, 0x4e, 0x57, 0x92, 0x57, 0x58, 0x91, 0x57, 0x4e,
0x57, 0x91, 0x58, 0xfc, 0xe4, 0x05, 0xd2, 0xfa, 0x2e, 0x8b, 0x5f, 0x3b, 0x4e, 0x3a, 0x61, 0x62,
0x39, 0x4e, 0x3b, 0x5f, 0x03, 0x37, 0x5f, 0x3b, 0x4e, 0x3a, 0x61, 0x62, 0x39, 0x4e, 0x3b, 0x5f,
0xff, 0xff, 0x00, 0xa9, 0x04, 0xed, 0x02, 0x30, 0x06, 0x1f, 0x00, 0x06, 0x01, 0xbc, 0x00, 0x00,
0xff, 0xff, 0x00, 0x9d, 0x04, 0xed, 0x02, 0x25, 0x06, 0x1f, 0x00, 0x06, 0x01, 0xbd, 0x00, 0x00,
0xff, 0xff, 0x01, 0x0e, 0x05, 0x02, 0x03, 0xd8, 0x06, 0x13, 0x00, 0x06, 0x02, 0x76, 0x00, 0x00,
0xff, 0xff, 0x00, 0xb1, 0x05, 0x33, 0x02, 0xec, 0x05, 0xe2, 0x00, 0x06, 0x01, 0xbe, 0x00, 0x00,
0xff, 0xff, 0x00, 0xd1, 0xfe, 0x5e, 0x02, 0x42, 0x00, 0x2d, 0x00, 0x06, 0x02, 0x7a, 0x00, 0x00,
0x00, 0x01, 0x00, 0xa9, 0x04, 0xed, 0x02, 0x30, 0x06, 0x1f, 0x00, 0x03, 0x00, 0x26, 0xb1, 0x06,
0x64, 0x44, 0x40, 0x1b, 0x00, 0x00, 0x01, 0x01, 0x00, 0x57, 0x00, 0x00, 0x00, 0x01, 0x5f, 0x02,
0x01, 0x01, 0x00, 0x01, 0x4f, 0x00, 0x00, 0x00, 0x03, 0x00, 0x03, 0x11, 0x03, 0x0b, 0x17, 0x2b,
0xb1, 0x06, 0x00, 0x44, 0x13, 0x13, 0x33, 0x03, 0xa9, 0x8b, 0xfc, 0xca, 0x04, 0xed, 0x01, 0x32,
0xfe, 0xce, 0x00, 0x01, 0x00, 0x9d, 0x04, 0xed, 0x02, 0x25, 0x06, 0x1f, 0x00, 0x03, 0x00, 0x26,
0xb1, 0x06, 0x64, 0x44, 0x40, 0x1b, 0x00, 0x00, 0x01, 0x01, 0x00, 0x57, 0x00, 0x00, 0x00, 0x01,
0x5f, 0x02, 0x01, 0x01, 0x00, 0x01, 0x4f, 0x00, 0x00, 0x00, 0x03, 0x00, 0x03, 0x11, 0x03, 0x0b,
0x17, 0x2b, 0xb1, 0x06, 0x00, 0x44, 0x01, 0x03, 0x33, 0x13, 0x01, 0x67, 0xca, 0xfd, 0x8b, 0x04,
0xed, 0x01, 0x32, 0xfe, 0xce, 0x00, 0x00, 0x01, 0x00, 0xb1, 0x05, 0x33, 0x02, 0xec, 0x05, 0xe2,
0x00, 0x03, 0x00, 0x27, 0xb1, 0x06, 0x64, 0x44, 0x40, 0x1c, 0x02, 0x01, 0x01, 0x00, 0x00, 0x01,
0x57, 0x02, 0x01, 0x01, 0x01, 0x00, 0x5f, 0x00, 0x00, 0x01, 0x00, 0x4f, 0x00, 0x00, 0x00, 0x03,
0x00, 0x03, 0x11, 0x03, 0x0b, 0x17, 0x2b, 0xb1, 0x06, 0x00, 0x44, 0x01, 0x15, 0x21, 0x35, 0x02,
0xec, 0xfd, 0xc5, 0x05, 0xe2, 0xaf, 0xaf, 0x00, 0x00, 0x01, 0x00, 0xba, 0x05, 0x0c, 0x03, 0x4c,
0x06, 0x07, 0x00, 0x14, 0x00, 0x39, 0xb1, 0x06, 0x64, 0x44, 0x40, 0x2e, 0x00, 0x04, 0x01, 0x00,
0x04, 0x59, 0x05, 0x01, 0x03, 0x00, 0x01, 0x00, 0x03, 0x01, 0x69, 0x00, 0x04, 0x04, 0x00, 0x62,
0x02, 0x06, 0x02, 0x00, 0x04, 0x00, 0x52, 0x01, 0x00, 0x12, 0x11, 0x10, 0x0e, 0x0c, 0x0a, 0x08,
0x07, 0x05, 0x03, 0x00, 0x14, 0x01, 0x14, 0x07, 0x0b, 0x16, 0x2b, 0xb1, 0x06, 0x00, 0x44, 0x01,
0x22, 0x26, 0x26, 0x23, 0x22, 0x06, 0x07, 0x23, 0x36, 0x36, 0x33, 0x32, 0x16, 0x16, 0x33, 0x32,
0x37, 0x33, 0x06, 0x06, 0x02, 0x8c, 0x3b, 0x5c, 0x48, 0x1d, 0x1e, 0x1e, 0x02, 0x98, 0x03, 0x66,
0x58, 0x3d, 0x57, 0x46, 0x22, 0x38, 0x08, 0x95, 0x03, 0x69, 0x05, 0x0c, 0x31, 0x30, 0x35, 0x26,
0x72, 0x83, 0x30, 0x30, 0x5c, 0x74, 0x83, 0x00, 0x00, 0x04, 0x00, 0x96, 0x00, 0x00, 0x08, 0x3d,
0x05, 0xe6, 0x00, 0x0b, 0x00, 0x19, 0x00, 0x27, 0x00, 0x2b, 0x00, 0x90, 0x40, 0x0a, 0x09, 0x01,
0x06, 0x07, 0x03, 0x01, 0x02, 0x09, 0x02, 0x4c, 0x4b, 0xb0, 0x19, 0x50, 0x58, 0x40, 0x27, 0x0c,
0x01, 0x06, 0x0b, 0x01, 0x04, 0x08, 0x06, 0x04, 0x69, 0x00, 0x08, 0x0d, 0x01, 0x09, 0x02, 0x08,
0x09, 0x67, 0x00, 0x07, 0x07, 0x00, 0x5f, 0x05, 0x01, 0x02, 0x00, 0x00, 0x56, 0x4d, 0x0a, 0x03,
0x02, 0x02, 0x02, 0x57, 0x02, 0x4e, 0x1b, 0x40, 0x2b, 0x0c, 0x01, 0x06, 0x0b, 0x01, 0x04, 0x08,
0x06, 0x04, 0x69, 0x00, 0x08, 0x0d, 0x01, 0x09, 0x02, 0x08, 0x09, 0x67, 0x01, 0x01, 0x00, 0x00,
0x56, 0x4d, 0x00, 0x07, 0x07, 0x05, 0x61, 0x00, 0x05, 0x05, 0x5c, 0x4d, 0x0a, 0x03, 0x02, 0x02,
0x02, 0x57, 0x02, 0x4e, 0x59, 0x40, 0x24, 0x28, 0x28, 0x1b, 0x1a, 0x0d, 0x0c, 0x00, 0x00, 0x28,
0x2b, 0x28, 0x2b, 0x2a, 0x29, 0x22, 0x20, 0x1a, 0x27, 0x1b, 0x27, 0x14, 0x12, 0x0c, 0x19, 0x0d,
0x19, 0x00, 0x0b, 0x00, 0x0b, 0x11, 0x13, 0x11, 0x0e, 0x0b, 0x19, 0x2b, 0x33, 0x11, 0x33, 0x01,
0x33, 0x11, 0x33, 0x11, 0x23, 0x01, 0x23, 0x11, 0x01, 0x22, 0x26, 0x35, 0x35, 0x26, 0x36, 0x33,
0x32, 0x16, 0x15, 0x15, 0x16, 0x06, 0x27, 0x16, 0x36, 0x35, 0x35, 0x34, 0x26, 0x23, 0x22, 0x06,
0x15, 0x15, 0x14, 0x16, 0x03, 0x35, 0x21, 0x15, 0x96, 0xe3, 0x02, 0x70, 0x0c, 0xe7, 0xe0, 0xfd,
0x90, 0x0e, 0x05, 0x5f, 0xa3, 0xbf, 0x01, 0xc0, 0xa2, 0xa4, 0xbc, 0x01, 0xbd, 0xa3, 0x4b, 0x4f,
0x4f, 0x4c, 0x4d, 0x4e, 0x4f, 0xf2, 0x02, 0x81, 0x05, 0xd2, 0xfb, 0xd5, 0x04, 0x2b, 0xfa, 0x2e,
0x04, 0x25, 0xfb, 0xdb, 0x02, 0xd6, 0xc7, 0x9a, 0x4d, 0x9a, 0xc8, 0xc8, 0x9a, 0x4d, 0x9b, 0xc6,
0xa7, 0x01, 0x66, 0x55, 0x4d, 0x54, 0x63, 0x63, 0x54, 0x4d, 0x55, 0x66, 0xfe, 0x3c, 0xa2, 0xa2,
0x00, 0x01, 0x00, 0xca, 0xff, 0xcf, 0x06, 0xa2, 0x05, 0x49, 0x00, 0x14, 0x00, 0x29, 0x40, 0x26,
0x10, 0x07, 0x01, 0x03, 0x01, 0x00, 0x01, 0x4c, 0x03, 0x02, 0x02, 0x00, 0x4a, 0x14, 0x01, 0x01,
0x49, 0x00, 0x00, 0x01, 0x01, 0x00, 0x57, 0x00, 0x00, 0x00, 0x01, 0x5f, 0x00, 0x01, 0x00, 0x01,
0x4f, 0x21, 0x29, 0x02, 0x0b, 0x18, 0x2b, 0x05, 0x01, 0x01, 0x17, 0x07, 0x06, 0x06, 0x07, 0x36,
0x36, 0x33, 0x21, 0x15, 0x21, 0x22, 0x26, 0x27, 0x16, 0x16, 0x17, 0x17, 0x03, 0x87, 0xfd, 0x43,
0x02, 0xbd, 0x95, 0xe2, 0x3d, 0xa6, 0x48, 0x38, 0x7f, 0x36, 0x03, 0xa6, 0xfc, 0x5a, 0x37, 0x7f,
0x37, 0x48, 0xa9, 0x3a, 0xe1, 0x31, 0x02, 0xbd, 0x02, 0xbd, 0x94, 0xe2, 0x3c, 0x86, 0x36, 0x0a,
0x12, 0xd7, 0x12, 0x0b, 0x37, 0x88, 0x3a, 0xe1, 0x00, 0x01, 0x00, 0xca, 0xff, 0xcf, 0x09, 0xba,
0x05, 0x48, 0x00, 0x14, 0x00, 0x29, 0x40, 0x26, 0x10, 0x07, 0x01, 0x03, 0x01, 0x00, 0x01, 0x4c,
0x03, 0x02, 0x02, 0x00, 0x4a, 0x14, 0x01, 0x01, 0x49, 0x00, 0x00, 0x01, 0x01, 0x00, 0x57, 0x00,
0x00, 0x00, 0x01, 0x5f, 0x00, 0x01, 0x00, 0x01, 0x4f, 0x21, 0x29, 0x02, 0x0b, 0x18, 0x2b, 0x05,
0x01, 0x01, 0x17, 0x07, 0x06, 0x06, 0x07, 0x36, 0x36, 0x33, 0x21, 0x15, 0x21, 0x22, 0x26, 0x27,
0x16, 0x16, 0x17, 0x17, 0x03, 0x87, 0xfd, 0x43, 0x02, 0xbd, 0x94, 0xe1, 0x3d, 0xa6, 0x48, 0x38,
0x7f, 0x36, 0x06, 0xbe, 0xf9, 0x42, 0x37, 0x7f, 0x37, 0x48, 0xa9, 0x3a, 0xe1, 0x31, 0x02, 0xbd,
0x02, 0xbc, 0x93, 0xe2, 0x3c, 0x86, 0x36, 0x0a, 0x12, 0xd7, 0x12, 0x0b, 0x37, 0x88, 0x3a, 0xe1,
0x00, 0x01, 0x00, 0xca, 0xff, 0xcb, 0x14, 0x74, 0x05, 0x4c, 0x00, 0x08, 0x00, 0x27, 0x40, 0x24,
0x01, 0x01, 0x01, 0x00, 0x01, 0x4c, 0x03, 0x02, 0x02, 0x00, 0x4a, 0x08, 0x01, 0x01, 0x49, 0x00,
0x00, 0x01, 0x01, 0x00, 0x57, 0x00, 0x00, 0x00, 0x01, 0x5f, 0x00, 0x01, 0x00, 0x01, 0x4f, 0x11,
0x14, 0x02, 0x0b, 0x18, 0x2b, 0x05, 0x01, 0x01, 0x17, 0x01, 0x21, 0x15, 0x21, 0x01, 0x03, 0x8b,
0xfd, 0x3f, 0x02, 0xc1, 0x94, 0xfe, 0x3f, 0x12, 0x16, 0xed, 0xea, 0x01, 0xc1, 0x35, 0x02, 0xc1,
0x02, 0xc0, 0x94, 0xfe, 0x3f, 0xd7, 0xfe, 0x40, 0x00, 0x01, 0x00, 0xca, 0xff, 0xcb, 0x09, 0xba,
0x05, 0x4c, 0x00, 0x0d, 0x00, 0x32, 0x40, 0x2f, 0x08, 0x01, 0x02, 0x02, 0x01, 0x01, 0x4c, 0x03,
0x02, 0x02, 0x00, 0x4a, 0x0d, 0x01, 0x03, 0x49, 0x00, 0x00, 0x00, 0x01, 0x02, 0x00, 0x01, 0x67,
0x00, 0x02, 0x03, 0x03, 0x02, 0x57, 0x00, 0x02, 0x02, 0x03, 0x5f, 0x00, 0x03, 0x02, 0x03, 0x4f,
0x11, 0x12, 0x11, 0x14, 0x04, 0x0b, 0x1a, 0x2b, 0x05, 0x01, 0x01, 0x17, 0x01, 0x21, 0x15, 0x21,
0x07, 0x17, 0x21, 0x15, 0x21, 0x01, 0x03, 0x8b, 0xfd, 0x3f, 0x02, 0xc1, 0x94, 0xfe, 0xf7, 0x06,
0xa4, 0xf8, 0x8a, 0x52, 0x54, 0x07, 0x74, 0xf9, 0x5d, 0x01, 0x08, 0x35, 0x02, 0xc1, 0x02, 0xc0,
0x94, 0xfe, 0xf8, 0xd2, 0x52, 0x54, 0xd2, 0xfe, 0xf8, 0x00, 0x00, 0x01, 0x01, 0x00, 0xff, 0xcf,
0x06, 0xd8, 0x05, 0x49, 0x00, 0x14, 0x00, 0x29, 0x40, 0x26, 0x14, 0x0e, 0x05, 0x03, 0x00, 0x01,
0x01, 0x4c, 0x13, 0x12, 0x02, 0x01, 0x4a, 0x01, 0x01, 0x00, 0x49, 0x00, 0x01, 0x00, 0x00, 0x01,
0x57, 0x00, 0x01, 0x01, 0x00, 0x5f, 0x00, 0x00, 0x01, 0x00, 0x4f, 0x21, 0x27, 0x02, 0x0b, 0x18,
0x2b, 0x05, 0x27, 0x37, 0x36, 0x36, 0x37, 0x06, 0x06, 0x23, 0x21, 0x35, 0x21, 0x32, 0x16, 0x17,
0x26, 0x26, 0x27, 0x27, 0x37, 0x01, 0x04, 0x1b, 0x94, 0xe1, 0x3a, 0xa9, 0x48, 0x37, 0x7f, 0x37,
0xfc, 0x5a, 0x03, 0xa6, 0x36, 0x7f, 0x38, 0x48, 0xa6, 0x3d, 0xe2, 0x95, 0x02, 0xbd, 0x31, 0x94,
0xe1, 0x3a, 0x88, 0x37, 0x0b, 0x12, 0xd7, 0x12, 0x0a, 0x36, 0x86, 0x3c, 0xe2, 0x94, 0xfd, 0x43,
0x00, 0x01, 0x01, 0x00, 0xff, 0xcf, 0x09, 0xf0, 0x05, 0x48, 0x00, 0x14, 0x00, 0x29, 0x40, 0x26,
0x14, 0x0e, 0x05, 0x03, 0x00, 0x01, 0x01, 0x4c, 0x13, 0x12, 0x02, 0x01, 0x4a, 0x01, 0x01, 0x00,
0x49, 0x00, 0x01, 0x00, 0x00, 0x01, 0x57, 0x00, 0x01, 0x01, 0x00, 0x5f, 0x00, 0x00, 0x01, 0x00,
0x4f, 0x21, 0x27, 0x02, 0x0b, 0x18, 0x2b, 0x05, 0x27, 0x37, 0x36, 0x36, 0x37, 0x06, 0x06, 0x23,
0x21, 0x35, 0x21, 0x32, 0x16, 0x17, 0x26, 0x26, 0x27, 0x27, 0x37, 0x01, 0x07, 0x33, 0x94, 0xe1,
0x3a, 0xa9, 0x48, 0x37, 0x7f, 0x37, 0xf9, 0x42, 0x06, 0xbe, 0x36, 0x7f, 0x38, 0x48, 0xa6, 0x3d,
0xe1, 0x94, 0x02, 0xbd, 0x31, 0x94, 0xe1, 0x3a, 0x88, 0x37, 0x0b, 0x12, 0xd7, 0x12, 0x0a, 0x36,
0x86, 0x3c, 0xe2, 0x93, 0xfd, 0x44, 0x00, 0x01, 0x01, 0x00, 0xff, 0xcb, 0x14, 0xaa, 0x05, 0x4c,
0x00, 0x08, 0x00, 0x27, 0x40, 0x24, 0x08, 0x01, 0x00, 0x01, 0x01, 0x4c, 0x07, 0x06, 0x02, 0x01,
0x4a, 0x01, 0x01, 0x00, 0x49, 0x00, 0x01, 0x00, 0x00, 0x01, 0x57, 0x00, 0x01, 0x01, 0x00, 0x5f,
0x00, 0x00, 0x01, 0x00, 0x4f, 0x11, 0x12, 0x02, 0x0b, 0x18, 0x2b, 0x05, 0x27, 0x01, 0x21, 0x35,
0x21, 0x01, 0x37, 0x01, 0x11, 0xea, 0x95, 0x01, 0xc2, 0xed, 0xe9, 0x12, 0x17, 0xfe, 0x3e, 0x95,
0x02, 0xc0, 0x35, 0x95, 0x01, 0xc0, 0xd7, 0x01, 0xc1, 0x94, 0xfd, 0x40, 0x00, 0x01, 0x01, 0x00,
0xff, 0xcb, 0x06, 0xd8, 0x05, 0x4c, 0x00, 0x0d, 0x00, 0x32, 0x40, 0x2f, 0x0d, 0x06, 0x02, 0x01,
0x02, 0x01, 0x4c, 0x0c, 0x0b, 0x02, 0x03, 0x4a, 0x01, 0x01, 0x00, 0x49, 0x00, 0x03, 0x00, 0x02,
0x01, 0x03, 0x02, 0x67, 0x00, 0x01, 0x00, 0x00, 0x01, 0x57, 0x00, 0x01, 0x01, 0x00, 0x5f, 0x00,
0x00, 0x01, 0x00, 0x4f, 0x11, 0x12, 0x11, 0x12, 0x04, 0x0b, 0x1a, 0x2b, 0x05, 0x27, 0x01, 0x21,
0x35, 0x21, 0x37, 0x27, 0x21, 0x35, 0x21, 0x01, 0x37, 0x01, 0x04, 0x19, 0x94, 0x01, 0x07, 0xfc,
0x74, 0x04, 0x5d, 0x54, 0x52, 0xfb, 0xa1, 0x03, 0x8d, 0xfe, 0xf8, 0x94, 0x02, 0xbf, 0x35, 0x93,
0x01, 0x08, 0xd2, 0x54, 0x52, 0xd2, 0x01, 0x08, 0x94, 0xfd, 0x40, 0x00, 0x00, 0x01, 0x01, 0x00,
0xff, 0xcb, 0x09, 0xf0, 0x05, 0x4c, 0x00, 0x0d, 0x00, 0x32, 0x40, 0x2f, 0x0d, 0x06, 0x02, 0x01,
0x02, 0x01, 0x4c, 0x0c, 0x0b, 0x02, 0x03, 0x4a, 0x01, 0x01, 0x00, 0x49, 0x00, 0x03, 0x00, 0x02,
0x01, 0x03, 0x02, 0x67, 0x00, 0x01, 0x00, 0x00, 0x01, 0x57, 0x00, 0x01, 0x01, 0x00, 0x5f, 0x00,
0x00, 0x01, 0x00, 0x4f, 0x11, 0x12, 0x11, 0x12, 0x04, 0x0b, 0x1a, 0x2b, 0x05, 0x27, 0x01, 0x21,
0x35, 0x21, 0x37, 0x27, 0x21, 0x35, 0x21, 0x01, 0x37, 0x01, 0x07, 0x30, 0x95, 0x01, 0x08, 0xf9,
0x5d, 0x07, 0x74, 0x54, 0x52, 0xf8, 0x8a, 0x06, 0xa4, 0xfe, 0xf7, 0x95, 0x02, 0xc0, 0x35, 0x93,
0x01, 0x08, 0xd2, 0x54, 0x52, 0xd2, 0x01, 0x08, 0x94, 0xfd, 0x40, 0x00, 0x00, 0x01, 0x00, 0xca,
0xff, 0xf0, 0x09, 0xf0, 0x05, 0x28, 0x00, 0x25, 0x00, 0x31, 0x40, 0x2e, 0x21, 0x1a, 0x14, 0x0e,
0x07, 0x01, 0x06, 0x01, 0x00, 0x01, 0x4c, 0x13, 0x12, 0x03, 0x02, 0x04, 0x00, 0x4a, 0x25, 0x16,
0x15, 0x03, 0x01, 0x49, 0x00, 0x00, 0x01, 0x01, 0x00, 0x57, 0x00, 0x00, 0x00, 0x01, 0x5f, 0x00,
0x01, 0x00, 0x01, 0x4f, 0x1f, 0x1c, 0x39, 0x02, 0x0b, 0x17, 0x2b, 0x05, 0x01, 0x01, 0x17, 0x07,
0x06, 0x06, 0x07, 0x36, 0x36, 0x33, 0x21, 0x32, 0x16, 0x17, 0x26, 0x26, 0x27, 0x27, 0x37, 0x01,
0x01, 0x27, 0x37, 0x36, 0x36, 0x37, 0x06, 0x06, 0x23, 0x21, 0x22, 0x26, 0x27, 0x16, 0x16, 0x17,
0x17, 0x03, 0x67, 0xfd, 0x63, 0x02, 0x9d, 0x94, 0xc1, 0x3d, 0xa6, 0x48, 0x38, 0x7f, 0x36, 0x04,
0xc2, 0x36, 0x7f, 0x38, 0x48, 0xa6, 0x3d, 0xc1, 0x94, 0x02, 0x9d, 0xfd, 0x63, 0x94, 0xc1, 0x3a,
0xa9, 0x48, 0x37, 0x7f, 0x37, 0xfb, 0x3e, 0x37, 0x7f, 0x37, 0x48, 0xa9, 0x3a, 0xc1, 0x10, 0x02,
0x9c, 0x02, 0x9c, 0x94, 0xc1, 0x3c, 0x86, 0x36, 0x0a, 0x12, 0x12, 0x0a, 0x36, 0x86, 0x3c, 0xc1,
0x94, 0xfd, 0x64, 0xfd, 0x64, 0x94, 0xc0, 0x3a, 0x88, 0x37, 0x0b, 0x12, 0x12, 0x0b, 0x37, 0x88,
0x3a, 0xc0, 0x00, 0x01, 0x00, 0xca, 0xff, 0xf0, 0x0d, 0x36, 0x05, 0x28, 0x00, 0x25, 0x00, 0x31,
0x40, 0x2e, 0x21, 0x1a, 0x14, 0x0e, 0x07, 0x01, 0x06, 0x01, 0x00, 0x01, 0x4c, 0x13, 0x12, 0x03,
0x02, 0x04, 0x00, 0x4a, 0x25, 0x16, 0x15, 0x03, 0x01, 0x49, 0x00, 0x00, 0x01, 0x01, 0x00, 0x57,
0x00, 0x00, 0x00, 0x01, 0x5f, 0x00, 0x01, 0x00, 0x01, 0x4f, 0x1f, 0x1c, 0x39, 0x02, 0x0b, 0x17,
0x2b, 0x05, 0x01, 0x01, 0x17, 0x07, 0x06, 0x06, 0x07, 0x36, 0x36, 0x33, 0x21, 0x32, 0x16, 0x17,
0x26, 0x26, 0x27, 0x27, 0x37, 0x01, 0x01, 0x27, 0x37, 0x36, 0x36, 0x37, 0x06, 0x06, 0x23, 0x21,
0x22, 0x26, 0x27, 0x16, 0x16, 0x17, 0x17, 0x03, 0x67, 0xfd, 0x63, 0x02, 0x9d, 0x94, 0xc1, 0x3d,
0xa6, 0x48, 0x38, 0x7f, 0x36, 0x08, 0x08, 0x36, 0x7f, 0x38, 0x48, 0xa6, 0x3d, 0xc1, 0x94, 0x02,
0x9d, 0xfd, 0x63, 0x94, 0xc1, 0x3a, 0xa9, 0x48, 0x37, 0x7f, 0x37, 0xf7, 0xf8, 0x37, 0x7f, 0x37,
0x48, 0xa9, 0x3a, 0xc1, 0x10, 0x02, 0x9c, 0x02, 0x9c, 0x94, 0xc1, 0x3c, 0x86, 0x36, 0x0a, 0x12,
0x12, 0x0a, 0x36, 0x86, 0x3c, 0xc1, 0x94, 0xfd, 0x64, 0xfd, 0x64, 0x94, 0xc0, 0x3a, 0x88, 0x37,
0x0b, 0x12, 0x12, 0x0b, 0x37, 0x88, 0x3a, 0xc0, 0x00, 0x02, 0x00, 0xca, 0xff, 0xcb, 0x09, 0xf0,
0x05, 0x4c, 0x00, 0x0d, 0x00, 0x13, 0x00, 0x38, 0x40, 0x35, 0x13, 0x10, 0x0d, 0x06, 0x04, 0x02,
0x03, 0x01, 0x4c, 0x0c, 0x0b, 0x08, 0x07, 0x04, 0x01, 0x4a, 0x05, 0x04, 0x01, 0x03, 0x00, 0x49,
0x00, 0x01, 0x00, 0x03, 0x02, 0x01, 0x03, 0x67, 0x00, 0x02, 0x00, 0x00, 0x02, 0x57, 0x00, 0x02,
0x02, 0x00, 0x5f, 0x00, 0x00, 0x02, 0x00, 0x4f, 0x12, 0x14, 0x16, 0x12, 0x04, 0x0b, 0x1a, 0x2b,
0x05, 0x27, 0x01, 0x21, 0x01, 0x07, 0x01, 0x01, 0x17, 0x01, 0x21, 0x01, 0x37, 0x01, 0x05, 0x21,
0x37, 0x27, 0x21, 0x07, 0x07, 0x30, 0x95, 0x01, 0x08, 0xfb, 0x74, 0x01, 0x08, 0x94, 0xfd, 0x3f,
0x02, 0xc1, 0x94, 0xfe, 0xf7, 0x04, 0x8e, 0xfe, 0xf7, 0x95, 0x02, 0xc0, 0xf8, 0x56, 0x06, 0x2e,
0x54, 0x52, 0xf9, 0xce, 0x52, 0x35, 0x93, 0x01, 0x08, 0xfe, 0xf8, 0x93, 0x02, 0xc1, 0x02, 0xc0,
0x94, 0xfe, 0xf8, 0x01, 0x08, 0x94, 0xfd, 0x40, 0x54, 0x54, 0x52, 0x52, 0x00, 0x02, 0x00, 0xca,
0xff, 0xcb, 0x0d, 0x36, 0x05, 0x4c, 0x00, 0x0d, 0x00, 0x13, 0x00, 0x38, 0x40, 0x35, 0x13, 0x10,
0x0d, 0x06, 0x04, 0x02, 0x03, 0x01, 0x4c, 0x0c, 0x0b, 0x08, 0x07, 0x04, 0x01, 0x4a, 0x05, 0x04,
0x01, 0x03, 0x00, 0x49, 0x00, 0x01, 0x00, 0x03, 0x02, 0x01, 0x03, 0x67, 0x00, 0x02, 0x00, 0x00,
0x02, 0x57, 0x00, 0x02, 0x02, 0x00, 0x5f, 0x00, 0x00, 0x02, 0x00, 0x4f, 0x12, 0x14, 0x16, 0x12,
0x04, 0x0b, 0x1a, 0x2b, 0x05, 0x27, 0x01, 0x21, 0x01, 0x07, 0x01, 0x01, 0x17, 0x01, 0x21, 0x01,
0x37, 0x01, 0x05, 0x21, 0x37, 0x27, 0x21, 0x07, 0x0a, 0x75, 0x94, 0x01, 0x08, 0xf8, 0x2e, 0x01,
0x08, 0x94, 0xfd, 0x3f, 0x02, 0xc1, 0x94, 0xfe, 0xf7, 0x07, 0xd4, 0xfe, 0xf7, 0x94, 0x02, 0xc1,
0xf5, 0x10, 0x09, 0x74, 0x54, 0x52, 0xf6, 0x88, 0x52, 0x35, 0x93, 0x01, 0x08, 0xfe, 0xf8, 0x93,
0x02, 0xc1, 0x02, 0xc0, 0x94, 0xfe, 0xf8, 0x01, 0x08, 0x94, 0xfd, 0x40, 0x54, 0x54, 0x52, 0x52,
0xff, 0xff, 0x00, 0xca, 0x00, 0x2c, 0x06, 0xa2, 0x05, 0xa6, 0x03, 0x06, 0x01, 0xc4, 0x00, 0x5d,
0x00, 0x08, 0xb1, 0x00, 0x01, 0xb0, 0x5d, 0xb0, 0x35, 0x2b, 0xff, 0xff, 0x00, 0xca, 0x00, 0x2c,
0x09, 0xba, 0x05, 0xa5, 0x03, 0x06, 0x01, 0xc5, 0x00, 0x5d, 0x00, 0x08, 0xb1, 0x00, 0x01, 0xb0,
0x5d, 0xb0, 0x35, 0x2b, 0xff, 0xff, 0x00, 0xca, 0x00, 0x28, 0x14, 0x74, 0x05, 0xa9, 0x03, 0x06,
0x01, 0xc6, 0x00, 0x5d, 0x00, 0x08, 0xb1, 0x00, 0x01, 0xb0, 0x5d, 0xb0, 0x35, 0x2b, 0xff, 0xff,
0x00, 0xca, 0x00, 0x28, 0x09, 0xba, 0x05, 0xa9, 0x03, 0x06, 0x01, 0xc7, 0x00, 0x5d, 0x00, 0x08,
0xb1, 0x00, 0x01, 0xb0, 0x5d, 0xb0, 0x35, 0x2b, 0xff, 0xff, 0x01, 0x00, 0x00, 0x2c, 0x06, 0xd8,
0x05, 0xa6, 0x03, 0x06, 0x01, 0xc8, 0x00, 0x5d, 0x00, 0x08, 0xb1, 0x00, 0x01, 0xb0, 0x5d, 0xb0,
0x35, 0x2b, 0xff, 0xff, 0x01, 0x00, 0x00, 0x2c, 0x09, 0xf0, 0x05, 0xa5, 0x03, 0x06, 0x01, 0xc9,
0x00, 0x5d, 0x00, 0x08, 0xb1, 0x00, 0x01, 0xb0, 0x5d, 0xb0, 0x35, 0x2b, 0xff, 0xff, 0x01, 0x00,
0x00, 0x28, 0x14, 0xaa, 0x05, 0xa9, 0x03, 0x06, 0x01, 0xca, 0x00, 0x5d, 0x00, 0x08, 0xb1, 0x00,
0x01, 0xb0, 0x5d, 0xb0, 0x35, 0x2b, 0xff, 0xff, 0x01, 0x00, 0x00, 0x28, 0x06, 0xd8, 0x05, 0xa9,
0x03, 0x06, 0x01, 0xcb, 0x00, 0x5d, 0x00, 0x08, 0xb1, 0x00, 0x01, 0xb0, 0x5d, 0xb0, 0x35, 0x2b,
0xff, 0xff, 0x01, 0x00, 0x00, 0x28, 0x09, 0xf0, 0x05, 0xa9, 0x03, 0x06, 0x01, 0xcc, 0x00, 0x5d,
0x00, 0x08, 0xb1, 0x00, 0x01, 0xb0, 0x5d, 0xb0, 0x35, 0x2b, 0xff, 0xff, 0x00, 0xca, 0x00, 0x4d,
0x09, 0xf0, 0x05, 0x85, 0x03, 0x06, 0x01, 0xcd, 0x00, 0x5d, 0x00, 0x08, 0xb1, 0x00, 0x01, 0xb0,
0x5d, 0xb0, 0x35, 0x2b, 0xff, 0xff, 0x00, 0xca, 0x00, 0x4d, 0x0d, 0x36, 0x05, 0x85, 0x03, 0x06,
0x01, 0xce, 0x00, 0x5d, 0x00, 0x08, 0xb1, 0x00, 0x01, 0xb0, 0x5d, 0xb0, 0x35, 0x2b, 0xff, 0xff,
0x00, 0xca, 0x00, 0x28, 0x09, 0xf0, 0x05, 0xa9, 0x03, 0x06, 0x01, 0xcf, 0x00, 0x5d, 0x00, 0x08,
0xb1, 0x00, 0x02, 0xb0, 0x5d, 0xb0, 0x35, 0x2b, 0xff, 0xff, 0x00, 0xca, 0x00, 0x28, 0x0d, 0x36,
0x05, 0xa9, 0x03, 0x06, 0x01, 0xd0, 0x00, 0x5d, 0x00, 0x08, 0xb1, 0x00, 0x02, 0xb0, 0x5d, 0xb0,
0x35, 0x2b, 0x00, 0x02, 0x00, 0x18, 0xfd, 0x72, 0x0b, 0x06, 0x08, 0x60, 0x00, 0x17, 0x00, 0x2f,
0x00, 0x31, 0x40, 0x2e, 0x00, 0x01, 0x00, 0x03, 0x02, 0x01, 0x03, 0x69, 0x05, 0x01, 0x02, 0x00,
0x00, 0x02, 0x59, 0x05, 0x01, 0x02, 0x02, 0x00, 0x61, 0x04, 0x01, 0x00, 0x02, 0x00, 0x51, 0x19,
0x18, 0x01, 0x00, 0x25, 0x23, 0x18, 0x2f, 0x19, 0x2f, 0x0d, 0x0b, 0x00, 0x17, 0x01, 0x17, 0x06,
0x0b, 0x16, 0x2b, 0x01, 0x22, 0x24, 0x00, 0x00, 0x02, 0x35, 0x34, 0x12, 0x00, 0x00, 0x24, 0x33,
0x32, 0x04, 0x00, 0x00, 0x12, 0x15, 0x14, 0x02, 0x00, 0x00, 0x04, 0x27, 0x32, 0x24, 0x24, 0x12,
0x12, 0x35, 0x34, 0x02, 0x02, 0x24, 0x24, 0x23, 0x22, 0x04, 0x04, 0x02, 0x02, 0x15, 0x14, 0x12,
0x12, 0x04, 0x04, 0x05, 0x90, 0xe8, 0xfe, 0x5c, 0xfe, 0xa2, 0xfe, 0xff, 0x8d, 0x8d, 0x01, 0x01,
0x01, 0x5e, 0x01, 0xa4, 0xe8, 0xe8, 0x01, 0xa3, 0x01, 0x5d, 0x01, 0x01, 0x8d, 0x8d, 0xfe, 0xff,
0xfe, 0xa3, 0xfe, 0x5d, 0xe8, 0xc8, 0x01, 0x69, 0x01, 0x2d, 0xdd, 0x7a, 0x7a, 0xdd, 0xfe, 0xd3,
0xfe, 0x97, 0xc8, 0xc8, 0xfe, 0x96, 0xfe, 0xd3, 0xde, 0x79, 0x79, 0xde, 0x01, 0x2d, 0x01, 0x6a,
0xfd, 0x72, 0x8d, 0x01, 0x01, 0x01, 0x5d, 0x01, 0xa3, 0xe8, 0xe8, 0x01, 0xa4, 0x01, 0x5e, 0x01,
0x01, 0x8d, 0x8d, 0xfe, 0xff, 0xfe, 0xa2, 0xfe, 0x5c, 0xe8, 0xe8, 0xfe, 0x5d, 0xfe, 0xa3, 0xfe,
0xff, 0x8d, 0xc1, 0x7a, 0xdd, 0x01, 0x2d, 0x01, 0x69, 0xc8, 0xc8, 0x01, 0x6a, 0x01, 0x2e, 0xdd,
0x7a, 0x7a, 0xdd, 0xfe, 0xd2, 0xfe, 0x96, 0xc8, 0xc8, 0xfe, 0x97, 0xfe, 0xd3, 0xdd, 0x7a, 0x00,
0x00, 0x02, 0x00, 0x40, 0xfd, 0xa2, 0x0a, 0xcc, 0x08, 0x2e, 0x00, 0x0d, 0x00, 0x19, 0x00, 0x31,
0x40, 0x2e, 0x00, 0x01, 0x00, 0x03, 0x02, 0x01, 0x03, 0x67, 0x05, 0x01, 0x02, 0x00, 0x00, 0x02,
0x57, 0x05, 0x01, 0x02, 0x02, 0x00, 0x5f, 0x04, 0x01, 0x00, 0x02, 0x00, 0x4f, 0x10, 0x0e, 0x01,
0x00, 0x16, 0x13, 0x0e, 0x19, 0x10, 0x19, 0x07, 0x04, 0x00, 0x0d, 0x01, 0x0c, 0x06, 0x0b, 0x16,
0x2b, 0x01, 0x26, 0x35, 0x11, 0x34, 0x33, 0x21, 0x32, 0x16, 0x15, 0x11, 0x14, 0x06, 0x23, 0x25,
0x21, 0x32, 0x35, 0x11, 0x36, 0x23, 0x21, 0x22, 0x15, 0x11, 0x16, 0x01, 0x3a, 0xfa, 0xfa, 0x08,
0x98, 0x7a, 0x80, 0x80, 0x7a, 0xf7, 0x57, 0x08, 0xba, 0x26, 0x01, 0x27, 0xf7, 0x46, 0x28, 0x01,
0xfd, 0xa2, 0x01, 0xfb, 0x08, 0x96, 0xfa, 0x80, 0x7a, 0xf7, 0x6a, 0x7b, 0x81, 0xc3, 0x27, 0x08,
0xba, 0x27, 0x27, 0xf7, 0x46, 0x27, 0xff, 0xff, 0x00, 0x18, 0xfd, 0x72, 0x0b, 0x06, 0x08, 0x60,
0x02, 0x26, 0x01, 0xde, 0x00, 0x00, 0x00, 0x07, 0x00, 0x01, 0x02, 0xae, 0x00, 0x00, 0xff, 0xff,
0x00, 0x18, 0xfd, 0x72, 0x0b, 0x06, 0x08, 0x60, 0x02, 0x26, 0x01, 0xde, 0x00, 0x00, 0x00, 0x07,
0x00, 0x09, 0x03, 0x04, 0x00, 0x00, 0xff, 0xff, 0x00, 0x18, 0xfd, 0x72, 0x0b, 0x06, 0x08, 0x60,
0x02, 0x26, 0x01, 0xde, 0x00, 0x00, 0x00, 0x07, 0x00, 0x0a, 0x02, 0x78, 0x00, 0x00, 0xff, 0xff,
0x00, 0x18, 0xfd, 0x72, 0x0b, 0x06, 0x08, 0x60, 0x02, 0x26, 0x01, 0xde, 0x00, 0x00, 0x00, 0x07,
0x00, 0x0c, 0x02, 0xea, 0x00, 0x00, 0xff, 0xff, 0x00, 0x18, 0xfd, 0x72, 0x0b, 0x06, 0x08, 0x60,
0x02, 0x26, 0x01, 0xde, 0x00, 0x00, 0x00, 0x07, 0x00, 0x0d, 0x03, 0x13, 0x00, 0x00, 0xff, 0xff,
0x00, 0x18, 0xfd, 0x72, 0x0b, 0x06, 0x08, 0x60, 0x02, 0x26, 0x01, 0xde, 0x00, 0x00, 0x00, 0x07,
0x00, 0x12, 0x03, 0x36, 0x00, 0x00, 0xff, 0xff, 0x00, 0x18, 0xfd, 0x72, 0x0b, 0x06, 0x08, 0x60,
0x02, 0x26, 0x01, 0xde, 0x00, 0x00, 0x00, 0x07, 0x00, 0x13, 0x02, 0x8a, 0x00, 0x00, 0xff, 0xff,
0x00, 0x18, 0xfd, 0x72, 0x0b, 0x06, 0x08, 0x60, 0x02, 0x26, 0x01, 0xde, 0x00, 0x00, 0x00, 0x07,
0x00, 0x15, 0x02, 0x93, 0x00, 0x00, 0xff, 0xff, 0x00, 0x18, 0xfd, 0x72, 0x0b, 0x06, 0x08, 0x60,
0x02, 0x26, 0x01, 0xde, 0x00, 0x00, 0x00, 0x07, 0x00, 0x16, 0x04, 0x74, 0x00, 0x00, 0xff, 0xff,
0x00, 0x18, 0xfd, 0x72, 0x0b, 0x06, 0x08, 0x60, 0x02, 0x26, 0x01, 0xde, 0x00, 0x00, 0x00, 0x07,
0x00, 0x20, 0x03, 0x29, 0x00, 0x00, 0xff, 0xff, 0x00, 0x18, 0xfd, 0x72, 0x0b, 0x06, 0x08, 0x60,
0x02, 0x26, 0x01, 0xde, 0x00, 0x00, 0x00, 0x07, 0x00, 0x21, 0x02, 0xdb, 0x00, 0x00, 0xff, 0xff,
0x00, 0x18, 0xfd, 0x72, 0x0b, 0x06, 0x08, 0x60, 0x02, 0x26, 0x01, 0xde, 0x00, 0x00, 0x00, 0x07,
0x00, 0x22, 0x03, 0x4b, 0x00, 0x00, 0xff, 0xff, 0x00, 0x18, 0xfd, 0x72, 0x0b, 0x06, 0x08, 0x60,
0x02, 0x26, 0x01, 0xde, 0x00, 0x00, 0x00, 0x07, 0x00, 0x23, 0x01, 0xdf, 0x00, 0x00, 0xff, 0xff,
0x00, 0x18, 0xfd, 0x72, 0x0b, 0x06, 0x08, 0x60, 0x02, 0x26, 0x01, 0xde, 0x00, 0x00, 0x00, 0x07,
0x00, 0x24, 0x02, 0x85, 0x00, 0x00, 0xff, 0xff, 0x00, 0x18, 0xfd, 0x72, 0x0b, 0x06, 0x08, 0x60,
0x02, 0x26, 0x01, 0xde, 0x00, 0x00, 0x00, 0x07, 0x00, 0x26, 0x02, 0x7c, 0x00, 0x00, 0xff, 0xff,
0x00, 0x18, 0xfd, 0x72, 0x0b, 0x06, 0x08, 0x60, 0x02, 0x26, 0x01, 0xde, 0x00, 0x00, 0x00, 0x07,
0x00, 0x2d, 0x02, 0xfc, 0x00, 0x00, 0xff, 0xff, 0x00, 0x18, 0xfd, 0x72, 0x0b, 0x06, 0x08, 0x60,
0x02, 0x26, 0x01, 0xde, 0x00, 0x00, 0x00, 0x07, 0x00, 0x2e, 0x02, 0x76, 0x00, 0x00, 0xff, 0xff,
0x00, 0x18, 0xfd, 0x72, 0x0b, 0x06, 0x08, 0x60, 0x02, 0x26, 0x01, 0xde, 0x00, 0x00, 0x00, 0x07,
0x00, 0x2f, 0x02, 0xf5, 0x00, 0x00, 0xff, 0xff, 0x00, 0x18, 0xfd, 0x72, 0x0b, 0x06, 0x08, 0x60,
0x02, 0x26, 0x01, 0xde, 0x00, 0x00, 0x00, 0x07, 0x00, 0x30, 0x02, 0xf5, 0x00, 0x00, 0xff, 0xff,
0x00, 0x18, 0xfd, 0x72, 0x0b, 0x06, 0x08, 0x60, 0x02, 0x26, 0x01, 0xde, 0x00, 0x00, 0x00, 0x07,
0x00, 0x31, 0x02, 0xeb, 0x00, 0x00, 0xff, 0xff, 0x00, 0x18, 0xfd, 0x72, 0x0b, 0x06, 0x08, 0x60,
0x02, 0x26, 0x01, 0xde, 0x00, 0x00, 0x00, 0x07, 0x00, 0x32, 0x02, 0x9d, 0x00, 0x00, 0xff, 0xff,
0x00, 0x18, 0xfd, 0x72, 0x0b, 0x06, 0x08, 0x60, 0x02, 0x26, 0x01, 0xde, 0x00, 0x00, 0x00, 0x07,
0x00, 0x37, 0x02, 0xa5, 0x00, 0x00, 0xff, 0xff, 0x00, 0x18, 0xfd, 0x72, 0x0b, 0x06, 0x08, 0x60,
0x02, 0x26, 0x01, 0xde, 0x00, 0x00, 0x00, 0x07, 0x00, 0x38, 0x01, 0x7a, 0x00, 0x00, 0xff, 0xff,
0x00, 0x18, 0xfd, 0x72, 0x0b, 0x06, 0x08, 0x60, 0x02, 0x26, 0x01, 0xde, 0x00, 0x00, 0x00, 0x07,
0x00, 0x39, 0x02, 0xae, 0x00, 0x00, 0xff, 0xff, 0x00, 0x18, 0xfd, 0x72, 0x0b, 0x06, 0x08, 0x60,
0x02, 0x26, 0x01, 0xde, 0x00, 0x00, 0x00, 0x07, 0x00, 0x3a, 0x02, 0xb4, 0x00, 0x00, 0xff, 0xff,
0x00, 0x18, 0xfd, 0x72, 0x0b, 0x06, 0x08, 0x60, 0x02, 0x26, 0x01, 0xde, 0x00, 0x00, 0x00, 0x07,
0x00, 0x3c, 0x02, 0xf3, 0x00, 0x00, 0xff, 0xff, 0x00, 0x18, 0xfd, 0x72, 0x0b, 0x06, 0x08, 0x60,
0x02, 0x26, 0x01, 0xde, 0x00, 0x00, 0x00, 0x07, 0x00, 0x93, 0x02, 0xeb, 0x00, 0x00, 0xff, 0xff,
0x00, 0x18, 0xfd, 0x72, 0x0b, 0x06, 0x08, 0x60, 0x02, 0x26, 0x01, 0xde, 0x00, 0x00, 0x00, 0x07,
0x00, 0x94, 0x03, 0xa8, 0x00, 0x00, 0xff, 0xff, 0x00, 0x18, 0xfd, 0x72, 0x0b, 0x06, 0x08, 0x60,
0x02, 0x26, 0x01, 0xde, 0x00, 0x00, 0x00, 0x07, 0x00, 0x95, 0x03, 0x13, 0x00, 0x00, 0xff, 0xff,
0x00, 0x18, 0xfd, 0x72, 0x0b, 0x06, 0x08, 0x60, 0x02, 0x26, 0x01, 0xde, 0x00, 0x00, 0x00, 0x07,
0x00, 0x96, 0x02, 0xf4, 0x00, 0x00, 0xff, 0xff, 0x00, 0x18, 0xfd, 0x72, 0x0b, 0x06, 0x08, 0x60,
0x02, 0x26, 0x01, 0xde, 0x00, 0x00, 0x00, 0x07, 0x00, 0x97, 0x02, 0xba, 0x00, 0x00, 0xff, 0xff,
0x00, 0x18, 0xfd, 0x72, 0x0b, 0x06, 0x08, 0x60, 0x02, 0x26, 0x01, 0xde, 0x00, 0x00, 0x00, 0x07,
0x00, 0x98, 0x02, 0xf9, 0x00, 0x00, 0xff, 0xff, 0x00, 0x18, 0xfd, 0x72, 0x0b, 0x06, 0x08, 0x60,
0x02, 0x26, 0x01, 0xde, 0x00, 0x00, 0x00, 0x07, 0x00, 0x99, 0x03, 0x00, 0x00, 0x00, 0xff, 0xff,
0x00, 0x18, 0xfd, 0x72, 0x0b, 0x06, 0x08, 0x60, 0x02, 0x26, 0x01, 0xde, 0x00, 0x00, 0x00, 0x07,
0x00, 0x9a, 0x03, 0x43, 0x00, 0x00, 0xff, 0xff, 0x00, 0x18, 0xfd, 0x72, 0x0b, 0x06, 0x08, 0x60,
0x02, 0x26, 0x01, 0xde, 0x00, 0x00, 0x00, 0x07, 0x00, 0x9b, 0x03, 0x00, 0x00, 0x00, 0xff, 0xff,
0x00, 0x18, 0xfd, 0x72, 0x0b, 0x06, 0x08, 0x60, 0x02, 0x26, 0x01, 0xde, 0x00, 0x00, 0x00, 0x07,
0x00, 0x9c, 0x03, 0x00, 0x00, 0x00, 0xff, 0xff, 0x00, 0x18, 0xfd, 0x72, 0x0b, 0x06, 0x08, 0x60,
0x02, 0x26, 0x01, 0xde, 0x00, 0x00, 0x00, 0x07, 0x00, 0x9d, 0x02, 0xe7, 0x00, 0x00, 0xff, 0xff,
0x00, 0x18, 0xfd, 0x72, 0x0b, 0x06, 0x08, 0x60, 0x02, 0x26, 0x01, 0xde, 0x00, 0x00, 0x00, 0x07,
0x00, 0x9e, 0x03, 0xa8, 0x00, 0x00, 0xff, 0xff, 0x00, 0x18, 0xfd, 0x72, 0x0b, 0x06, 0x08, 0x60,
0x02, 0x26, 0x01, 0xde, 0x00, 0x00, 0x00, 0x07, 0x00, 0x9f, 0x02, 0xef, 0x00, 0x00, 0xff, 0xff,
0x00, 0x18, 0xfd, 0x72, 0x0b, 0x06, 0x08, 0x60, 0x02, 0x26, 0x01, 0xde, 0x00, 0x00, 0x00, 0x07,
0x00, 0xa0, 0x02, 0xbc, 0x00, 0x00, 0xff, 0xff, 0x00, 0x18, 0xfd, 0x72, 0x0b, 0x06, 0x08, 0x60,
0x02, 0x26, 0x01, 0xde, 0x00, 0x00, 0x00, 0x07, 0x00, 0xa1, 0x03, 0x25, 0x00, 0x00, 0xff, 0xff,
0x00, 0x18, 0xfd, 0x72, 0x0b, 0x06, 0x08, 0x60, 0x02, 0x26, 0x01, 0xde, 0x00, 0x00, 0x00, 0x07,
0x00, 0xa2, 0x03, 0x25, 0x00, 0x00, 0xff, 0xff, 0x00, 0x18, 0xfd, 0x72, 0x0b, 0x06, 0x08, 0x60,
0x02, 0x26, 0x01, 0xde, 0x00, 0x00, 0x00, 0x07, 0x00, 0xdb, 0x04, 0x46, 0x00, 0x00, 0xff, 0xff,
0x00, 0x18, 0xfd, 0x72, 0x0b, 0x06, 0x08, 0x60, 0x02, 0x26, 0x01, 0xde, 0x00, 0x00, 0x00, 0x07,
0x00, 0xdd, 0x03, 0x6c, 0x00, 0x00, 0xff, 0xff, 0x00, 0x18, 0xfd, 0x72, 0x0b, 0x06, 0x08, 0x60,
0x02, 0x26, 0x01, 0xde, 0x00, 0x00, 0x00, 0x07, 0x00, 0xef, 0x02, 0xfd, 0x00, 0x00, 0xff, 0xff,
0x00, 0x18, 0xfd, 0x72, 0x0b, 0x06, 0x08, 0x60, 0x02, 0x26, 0x01, 0xde, 0x00, 0x00, 0x01, 0x07,
0x00, 0xf5, 0x03, 0xb3, 0x00, 0x7b, 0x00, 0x08, 0xb1, 0x02, 0x01, 0xb0, 0x7b, 0xb0, 0x35, 0x2b,
0xff, 0xff, 0x00, 0x18, 0xfd, 0x72, 0x0b, 0x06, 0x08, 0x60, 0x02, 0x26, 0x01, 0xde, 0x00, 0x00,
0x01, 0x07, 0x01, 0x04, 0x02, 0xc1, 0x00, 0x9a, 0x00, 0x08, 0xb1, 0x02, 0x01, 0xb0, 0x9a, 0xb0,
0x35, 0x2b, 0xff, 0xff, 0x00, 0x18, 0xfd, 0x72, 0x0b, 0x06, 0x08, 0x60, 0x02, 0x26, 0x01, 0xde,
0x00, 0x00, 0x01, 0x07, 0x01, 0x05, 0x03, 0x07, 0x00, 0x9a, 0x00, 0x08, 0xb1, 0x02, 0x01, 0xb0,
0x9a, 0xb0, 0x35, 0x2b, 0xff, 0xff, 0x00, 0x18, 0xfd, 0x72, 0x0b, 0x06, 0x08, 0x60, 0x02, 0x26,
0x01, 0xde, 0x00, 0x00, 0x01, 0x07, 0x01, 0x06, 0x02, 0xdd, 0x00, 0x9b, 0x00, 0x08, 0xb1, 0x02,
0x02, 0xb0, 0x9b, 0xb0, 0x35, 0x2b, 0x00, 0x03, 0x00, 0x18, 0xfd, 0x72, 0x0b, 0x06, 0x08, 0x60,
0x00, 0x17, 0x00, 0x2f, 0x00, 0x3b, 0x00, 0x54, 0x40, 0x51, 0x00, 0x01, 0x00, 0x03, 0x06, 0x01,
0x03, 0x69, 0x07, 0x01, 0x05, 0x08, 0x01, 0x04, 0x09, 0x05, 0x04, 0x67, 0x00, 0x06, 0x0c, 0x01,
0x09, 0x02, 0x06, 0x09, 0x67, 0x0b, 0x01, 0x02, 0x00, 0x00, 0x02, 0x59, 0x0b, 0x01, 0x02, 0x02,
0x00, 0x61, 0x0a, 0x01, 0x00, 0x02, 0x00, 0x51, 0x30, 0x30, 0x19, 0x18, 0x01, 0x00, 0x30, 0x3b,
0x30, 0x3b, 0x3a, 0x39, 0x38, 0x37, 0x36, 0x35, 0x34, 0x33, 0x32, 0x31, 0x25, 0x23, 0x18, 0x2f,
0x19, 0x2f, 0x0d, 0x0b, 0x00, 0x17, 0x01, 0x17, 0x0d, 0x0b, 0x16, 0x2b, 0x01, 0x22, 0x24, 0x00,
0x00, 0x02, 0x35, 0x34, 0x12, 0x00, 0x00, 0x24, 0x33, 0x32, 0x04, 0x00, 0x00, 0x12, 0x15, 0x14,
0x02, 0x00, 0x00, 0x04, 0x27, 0x32, 0x24, 0x24, 0x12, 0x12, 0x35, 0x34, 0x02, 0x02, 0x24, 0x24,
0x23, 0x22, 0x04, 0x04, 0x02, 0x02, 0x15, 0x14, 0x12, 0x12, 0x04, 0x04, 0x13, 0x11, 0x21, 0x35,
0x21, 0x11, 0x33, 0x11, 0x21, 0x15, 0x21, 0x11, 0x05, 0x90, 0xe8, 0xfe, 0x5c, 0xfe, 0xa2, 0xfe,
0xff, 0x8d, 0x8d, 0x01, 0x01, 0x01, 0x5e, 0x01, 0xa4, 0xe8, 0xe8, 0x01, 0xa3, 0x01, 0x5d, 0x01,
0x01, 0x8d, 0x8d, 0xfe, 0xff, 0xfe, 0xa3, 0xfe, 0x5d, 0xe8, 0xc8, 0x01, 0x69, 0x01, 0x2d, 0xdd,
0x7a, 0x7a, 0xdd, 0xfe, 0xd3, 0xfe, 0x97, 0xc8, 0xc8, 0xfe, 0x96, 0xfe, 0xd3, 0xde, 0x79, 0x79,
0xde, 0x01, 0x2d, 0x01, 0x6a, 0x58, 0xfd, 0xcb, 0x02, 0x35, 0xdd, 0x02, 0x35, 0xfd, 0xcb, 0xfd,
0x72, 0x8d, 0x01, 0x01, 0x01, 0x5d, 0x01, 0xa3, 0xe8, 0xe8, 0x01, 0xa4, 0x01, 0x5e, 0x01, 0x01,
0x8d, 0x8d, 0xfe, 0xff, 0xfe, 0xa2, 0xfe, 0x5c, 0xe8, 0xe8, 0xfe, 0x5d, 0xfe, 0xa3, 0xfe, 0xff,
0x8d, 0xc1, 0x7a, 0xdd, 0x01, 0x2d, 0x01, 0x69, 0xc8, 0xc8, 0x01, 0x6a, 0x01, 0x2e, 0xdd, 0x7a,
0x7a, 0xdd, 0xfe, 0xd2, 0xfe, 0x96, 0xc8, 0xc8, 0xfe, 0x97, 0xfe, 0xd3, 0xdd, 0x7a, 0x02, 0x12,
0x02, 0x3c, 0xd0, 0x02, 0x3c, 0xfd, 0xc4, 0xd0, 0xfd, 0xc4, 0x00, 0x03, 0x00, 0x18, 0xfd, 0x72,
0x0b, 0x06, 0x08, 0x60, 0x00, 0x17, 0x00, 0x2f, 0x00, 0x33, 0x00, 0x39, 0x40, 0x36, 0x33, 0x32,
0x31, 0x03, 0x02, 0x03, 0x01, 0x4c, 0x00, 0x01, 0x00, 0x03, 0x02, 0x01, 0x03, 0x69, 0x05, 0x01,
0x02, 0x00, 0x00, 0x02, 0x59, 0x05, 0x01, 0x02, 0x02, 0x00, 0x61, 0x04, 0x01, 0x00, 0x02, 0x00,
0x51, 0x19, 0x18, 0x01, 0x00, 0x25, 0x23, 0x18, 0x2f, 0x19, 0x2f, 0x0d, 0x0b, 0x00, 0x17, 0x01,
0x17, 0x06, 0x0b, 0x16, 0x2b, 0x01, 0x22, 0x24, 0x00, 0x00, 0x02, 0x35, 0x34, 0x12, 0x00, 0x00,
0x24, 0x33, 0x32, 0x04, 0x00, 0x00, 0x12, 0x15, 0x14, 0x02, 0x00, 0x00, 0x04, 0x27, 0x32, 0x24,
0x24, 0x12, 0x12, 0x35, 0x34, 0x02, 0x02, 0x24, 0x24, 0x23, 0x22, 0x04, 0x04, 0x02, 0x02, 0x15,
0x14, 0x12, 0x12, 0x04, 0x04, 0x03, 0x27, 0x01, 0x17, 0x05, 0x90, 0xe8, 0xfe, 0x5c, 0xfe, 0xa2,
0xfe, 0xff, 0x8d, 0x8d, 0x01, 0x01, 0x01, 0x5e, 0x01, 0xa4, 0xe8, 0xe8, 0x01, 0xa3, 0x01, 0x5d,
0x01, 0x01, 0x8d, 0x8d, 0xfe, 0xff, 0xfe, 0xa3, 0xfe, 0x5d, 0xe8, 0xc8, 0x01, 0x69, 0x01, 0x2d,
0xdd, 0x7a, 0x7a, 0xdd, 0xfe, 0xd3, 0xfe, 0x97, 0xc8, 0xc8, 0xfe, 0x96, 0xfe, 0xd3, 0xde, 0x79,
0x79, 0xde, 0x01, 0x2d, 0x01, 0x6a, 0xae, 0xb1, 0x03, 0x9c, 0xb1, 0xfd, 0x72, 0x8d, 0x01, 0x01,
0x01, 0x5d, 0x01, 0xa3, 0xe8, 0xe8, 0x01, 0xa4, 0x01, 0x5e, 0x01, 0x01, 0x8d, 0x8d, 0xfe, 0xff,
0xfe, 0xa2, 0xfe, 0x5c, 0xe8, 0xe8, 0xfe, 0x5d, 0xfe, 0xa3, 0xfe, 0xff, 0x8d, 0xc1, 0x7a, 0xdd,
0x01, 0x2d, 0x01, 0x69, 0xc8, 0xc8, 0x01, 0x6a, 0x01, 0x2e, 0xdd, 0x7a, 0x7a, 0xdd, 0xfe, 0xd2,
0xfe, 0x96, 0xc8, 0xc8, 0xfe, 0x97, 0xfe, 0xd3, 0xdd, 0x7a, 0x02, 0x46, 0x94, 0x04, 0x4d, 0x94,
0xff, 0xff, 0x00, 0x18, 0xfd, 0x72, 0x0b, 0x06, 0x08, 0x60, 0x02, 0x26, 0x01, 0xde, 0x00, 0x00,
0x01, 0x07, 0x01, 0x08, 0x02, 0xdc, 0x00, 0x9b, 0x00, 0x08, 0xb1, 0x02, 0x01, 0xb0, 0x9b, 0xb0,
0x35, 0x2b, 0xff, 0xff, 0x00, 0x18, 0xfd, 0x72, 0x0b, 0x06, 0x08, 0x60, 0x02, 0x26, 0x01, 0xde,
0x00, 0x00, 0x01, 0x07, 0x01, 0x09, 0x02, 0xdd, 0x00, 0x9b, 0x00, 0x08, 0xb1, 0x02, 0x03, 0xb0,
0x9b, 0xb0, 0x35, 0x2b, 0xff, 0xff, 0x00, 0x18, 0xfd, 0x72, 0x0b, 0x06, 0x08, 0x60, 0x02, 0x26,
0x01, 0xde, 0x00, 0x00, 0x01, 0x07, 0x01, 0xc4, 0x01, 0xd9, 0x00, 0x5d, 0x00, 0x08, 0xb1, 0x02,
0x01, 0xb0, 0x5d, 0xb0, 0x35, 0x2b, 0xff, 0xff, 0x00, 0x18, 0xfd, 0x72, 0x0b, 0x06, 0x08, 0x60,
0x02, 0x26, 0x01, 0xde, 0x00, 0x00, 0x01, 0x07, 0x01, 0xc8, 0x01, 0xa3, 0x00, 0x5d, 0x00, 0x08,
0xb1, 0x02, 0x01, 0xb0, 0x5d, 0xb0, 0x35, 0x2b, 0xff, 0xff, 0x00, 0x40, 0xfd, 0xa2, 0x0a, 0xcc,
0x08, 0x2e, 0x02, 0x26, 0x01, 0xdf, 0x00, 0x00, 0x00, 0x07, 0x00, 0x01, 0x02, 0xa6, 0x00, 0x00,
0xff, 0xff, 0x00, 0x40, 0xfd, 0xa2, 0x0a, 0xcc, 0x08, 0x2e, 0x02, 0x26, 0x01, 0xdf, 0x00, 0x00,
0x00, 0x07, 0x00, 0x09, 0x02, 0xe6, 0x00, 0x00, 0xff, 0xff, 0x00, 0x40, 0xfd, 0xa2, 0x0a, 0xcc,
0x08, 0x2e, 0x02, 0x26, 0x01, 0xdf, 0x00, 0x00, 0x00, 0x07, 0x00, 0x0a, 0x02, 0x70, 0x00, 0x00,
0xff, 0xff, 0x00, 0x40, 0xfd, 0xa2, 0x0a, 0xcc, 0x08, 0x2e, 0x02, 0x26, 0x01, 0xdf, 0x00, 0x00,
0x00, 0x07, 0x00, 0x0c, 0x02, 0xa1, 0x00, 0x00, 0xff, 0xff, 0x00, 0x40, 0xfd, 0xa2, 0x0a, 0xcc,
0x08, 0x2e, 0x02, 0x26, 0x01, 0xdf, 0x00, 0x00, 0x00, 0x07, 0x00, 0x0d, 0x03, 0x0a, 0x00, 0x00,
0xff, 0xff, 0x00, 0x40, 0xfd, 0xa2, 0x0a, 0xcc, 0x08, 0x2e, 0x02, 0x26, 0x01, 0xdf, 0x00, 0x00,
0x00, 0x07, 0x00, 0x12, 0x03, 0x2e, 0x00, 0x00, 0xff, 0xff, 0x00, 0x40, 0xfd, 0xa2, 0x0a, 0xcc,
0x08, 0x2e, 0x02, 0x26, 0x01, 0xdf, 0x00, 0x00, 0x00, 0x07, 0x00, 0x13, 0x02, 0x8a, 0x00, 0x00,
0xff, 0xff, 0x00, 0x40, 0xfd, 0xa2, 0x0a, 0xcc, 0x08, 0x2e, 0x02, 0x26, 0x01, 0xdf, 0x00, 0x00,
0x00, 0x07, 0x00, 0x14, 0x02, 0x76, 0x00, 0x00, 0xff, 0xff, 0x00, 0x40, 0xfd, 0xa2, 0x0a, 0xcc,
0x08, 0x2e, 0x02, 0x26, 0x01, 0xdf, 0x00, 0x00, 0x00, 0x07, 0x00, 0x15, 0x02, 0x8a, 0x00, 0x00,
0xff, 0xff, 0x00, 0x40, 0xfd, 0xa2, 0x0a, 0xcc, 0x08, 0x2e, 0x02, 0x26, 0x01, 0xdf, 0x00, 0x00,
0x00, 0x07, 0x00, 0x16, 0x04, 0x6b, 0x00, 0x00, 0xff, 0xff, 0x00, 0x40, 0xfd, 0xa2, 0x0a, 0xcc,
0x08, 0x2e, 0x02, 0x26, 0x01, 0xdf, 0x00, 0x00, 0x00, 0x07, 0x00, 0x20, 0x03, 0x4c, 0x00, 0x00,
0xff, 0xff, 0x00, 0x40, 0xfd, 0xa2, 0x0a, 0xcc, 0x08, 0x2e, 0x02, 0x26, 0x01, 0xdf, 0x00, 0x00,
0x00, 0x07, 0x00, 0x21, 0x02, 0xa4, 0x00, 0x00, 0xff, 0xff, 0x00, 0x40, 0xfd, 0xa2, 0x0a, 0xcc,
0x08, 0x2e, 0x02, 0x26, 0x01, 0xdf, 0x00, 0x00, 0x00, 0x07, 0x00, 0x22, 0x03, 0x33, 0x00, 0x00,
0xff, 0xff, 0x00, 0x40, 0xfd, 0xa2, 0x0a, 0xcc, 0x08, 0x2e, 0x02, 0x26, 0x01, 0xdf, 0x00, 0x00,
0x00, 0x07, 0x00, 0x23, 0x01, 0xd6, 0x00, 0x00, 0xff, 0xff, 0x00, 0x40, 0xfd, 0xa2, 0x0a, 0xcc,
0x08, 0x2e, 0x02, 0x26, 0x01, 0xdf, 0x00, 0x00, 0x00, 0x07, 0x00, 0x24, 0x02, 0x7c, 0x00, 0x00,
0xff, 0xff, 0x00, 0x40, 0xfd, 0xa2, 0x0a, 0xcc, 0x08, 0x2e, 0x02, 0x26, 0x01, 0xdf, 0x00, 0x00,
0x00, 0x07, 0x00, 0x26, 0x02, 0x73, 0x00, 0x00, 0xff, 0xff, 0x00, 0x40, 0xfd, 0xa2, 0x0a, 0xcc,
0x08, 0x2e, 0x02, 0x26, 0x01, 0xdf, 0x00, 0x00, 0x00, 0x07, 0x00, 0x2d, 0x02, 0xf4, 0x00, 0x00,
0xff, 0xff, 0x00, 0x40, 0xfd, 0xa2, 0x0a, 0xcc, 0x08, 0x2e, 0x02, 0x26, 0x01, 0xdf, 0x00, 0x00,
0x00, 0x07, 0x00, 0x2e, 0x02, 0x6e, 0x00, 0x00, 0xff, 0xff, 0x00, 0x40, 0xfd, 0xa2, 0x0a, 0xcc,
0x08, 0x2e, 0x02, 0x26, 0x01, 0xdf, 0x00, 0x00, 0x00, 0x07, 0x00, 0x2f, 0x02, 0xed, 0x00, 0x00,
0xff, 0xff, 0x00, 0x40, 0xfd, 0xa2, 0x0a, 0xcc, 0x08, 0x2e, 0x02, 0x26, 0x01, 0xdf, 0x00, 0x00,
0x00, 0x07, 0x00, 0x30, 0x02, 0xec, 0x00, 0x00, 0xff, 0xff, 0x00, 0x40, 0xfd, 0xa2, 0x0a, 0xcc,
0x08, 0x2e, 0x02, 0x26, 0x01, 0xdf, 0x00, 0x00, 0x00, 0x07, 0x00, 0x31, 0x02, 0xe2, 0x00, 0x00,
0xff, 0xff, 0x00, 0x40, 0xfd, 0xa2, 0x0a, 0xcc, 0x08, 0x2e, 0x02, 0x26, 0x01, 0xdf, 0x00, 0x00,
0x00, 0x07, 0x00, 0x32, 0x02, 0x94, 0x00, 0x00, 0xff, 0xff, 0x00, 0x40, 0xfd, 0xa2, 0x0a, 0xcc,
0x08, 0x2e, 0x02, 0x26, 0x01, 0xdf, 0x00, 0x00, 0x00, 0x07, 0x00, 0x37, 0x02, 0x9c, 0x00, 0x00,
0xff, 0xff, 0x00, 0x40, 0xfd, 0xa2, 0x0a, 0xcc, 0x08, 0x2e, 0x02, 0x26, 0x01, 0xdf, 0x00, 0x00,
0x00, 0x07, 0x00, 0x38, 0x01, 0x71, 0x00, 0x00, 0xff, 0xff, 0x00, 0x40, 0xfd, 0xa2, 0x0a, 0xcc,
0x08, 0x2e, 0x02, 0x26, 0x01, 0xdf, 0x00, 0x00, 0x00, 0x07, 0x00, 0x39, 0x02, 0xa5, 0x00, 0x00,
0xff, 0xff, 0x00, 0x40, 0xfd, 0xa2, 0x0a, 0xcc, 0x08, 0x2e, 0x02, 0x26, 0x01, 0xdf, 0x00, 0x00,
0x00, 0x07, 0x00, 0x3a, 0x02, 0xab, 0x00, 0x00, 0xff, 0xff, 0x00, 0x40, 0xfd, 0xa2, 0x0a, 0xcc,
0x08, 0x2e, 0x02, 0x26, 0x01, 0xdf, 0x00, 0x00, 0x00, 0x07, 0x00, 0x3c, 0x02, 0xea, 0x00, 0x00,
0xff, 0xff, 0x00, 0x40, 0xfd, 0xa2, 0x0a, 0xcc, 0x08, 0x2e, 0x02, 0x26, 0x01, 0xdf, 0x00, 0x00,
0x00, 0x07, 0x00, 0x93, 0x02, 0xe2, 0x00, 0x00, 0xff, 0xff, 0x00, 0x40, 0xfd, 0xa2, 0x0a, 0xcc,
0x08, 0x2e, 0x02, 0x26, 0x01, 0xdf, 0x00, 0x00, 0x00, 0x07, 0x00, 0x94, 0x03, 0xa0, 0x00, 0x00,
0xff, 0xff, 0x00, 0x40, 0xfd, 0xa2, 0x0a, 0xcc, 0x08, 0x2e, 0x02, 0x26, 0x01, 0xdf, 0x00, 0x00,
0x00, 0x07, 0x00, 0x95, 0x03, 0x0b, 0x00, 0x00, 0xff, 0xff, 0x00, 0x40, 0xfd, 0xa2, 0x0a, 0xcc,
0x08, 0x2e, 0x02, 0x26, 0x01, 0xdf, 0x00, 0x00, 0x00, 0x07, 0x00, 0x96, 0x02, 0xec, 0x00, 0x00,
0xff, 0xff, 0x00, 0x40, 0xfd, 0xa2, 0x0a, 0xcc, 0x08, 0x2e, 0x02, 0x26, 0x01, 0xdf, 0x00, 0x00,
0x00, 0x07, 0x00, 0x97, 0x02, 0xbf, 0x00, 0x00, 0xff, 0xff, 0x00, 0x40, 0xfd, 0xa2, 0x0a, 0xcc,
0x08, 0x2e, 0x02, 0x26, 0x01, 0xdf, 0x00, 0x00, 0x00, 0x07, 0x00, 0x98, 0x02, 0xf0, 0x00, 0x00,
0xff, 0xff, 0x00, 0x40, 0xfd, 0xa2, 0x0a, 0xcc, 0x08, 0x2e, 0x02, 0x26, 0x01, 0xdf, 0x00, 0x00,
0x00, 0x07, 0x00, 0x99, 0x02, 0xf7, 0x00, 0x00, 0xff, 0xff, 0x00, 0x40, 0xfd, 0xa2, 0x0a, 0xcc,
0x08, 0x2e, 0x02, 0x26, 0x01, 0xdf, 0x00, 0x00, 0x00, 0x07, 0x00, 0x9a, 0x03, 0x3a, 0x00, 0x00,
0xff, 0xff, 0x00, 0x40, 0xfd, 0xa2, 0x0a, 0xcc, 0x08, 0x2e, 0x02, 0x26, 0x01, 0xdf, 0x00, 0x00,
0x00, 0x07, 0x00, 0x9b, 0x02, 0xf7, 0x00, 0x00, 0xff, 0xff, 0x00, 0x40, 0xfd, 0xa2, 0x0a, 0xcc,
0x08, 0x2e, 0x02, 0x26, 0x01, 0xdf, 0x00, 0x00, 0x00, 0x07, 0x00, 0x9c, 0x02, 0xf7, 0x00, 0x00,
0xff, 0xff, 0x00, 0x40, 0xfd, 0xa2, 0x0a, 0xcc, 0x08, 0x2e, 0x02, 0x26, 0x01, 0xdf, 0x00, 0x00,
0x00, 0x07, 0x00, 0x9d, 0x02, 0xdf, 0x00, 0x00, 0xff, 0xff, 0x00, 0x40, 0xfd, 0xa2, 0x0a, 0xcc,
0x08, 0x2e, 0x02, 0x26, 0x01, 0xdf, 0x00, 0x00, 0x00, 0x07, 0x00, 0x9e, 0x03, 0xa1, 0x00, 0x00,
0xff, 0xff, 0x00, 0x40, 0xfd, 0xa2, 0x0a, 0xcc, 0x08, 0x2e, 0x02, 0x26, 0x01, 0xdf, 0x00, 0x00,
0x00, 0x07, 0x00, 0x9f, 0x02, 0xe6, 0x00, 0x00, 0xff, 0xff, 0x00, 0x40, 0xfd, 0xa2, 0x0a, 0xcc,
0x08, 0x2e, 0x02, 0x26, 0x01, 0xdf, 0x00, 0x00, 0x00, 0x07, 0x00, 0xa0, 0x02, 0xd4, 0x00, 0x00,
0xff, 0xff, 0x00, 0x40, 0xfd, 0xa2, 0x0a, 0xcc, 0x08, 0x2e, 0x02, 0x26, 0x01, 0xdf, 0x00, 0x00,
0x00, 0x07, 0x00, 0xa1, 0x03, 0x1c, 0x00, 0x00, 0xff, 0xff, 0x00, 0x40, 0xfd, 0xa2, 0x0a, 0xcc,
0x08, 0x2e, 0x02, 0x26, 0x01, 0xdf, 0x00, 0x00, 0x00, 0x07, 0x00, 0xa2, 0x03, 0x1c, 0x00, 0x00,
0xff, 0xff, 0x00, 0x40, 0xfd, 0xa2, 0x0a, 0xcc, 0x08, 0x2e, 0x02, 0x26, 0x01, 0xdf, 0x00, 0x00,
0x00, 0x07, 0x00, 0xdb, 0x04, 0x3d, 0x00, 0x00, 0xff, 0xff, 0x00, 0x40, 0xfd, 0xa2, 0x0a, 0xcc,
0x08, 0x2e, 0x02, 0x26, 0x01, 0xdf, 0x00, 0x00, 0x00, 0x07, 0x00, 0xdd, 0x03, 0x63, 0x00, 0x00,
0xff, 0xff, 0x00, 0x40, 0xfd, 0xa2, 0x0a, 0xcc, 0x08, 0x2e, 0x02, 0x26, 0x01, 0xdf, 0x00, 0x00,
0x00, 0x07, 0x00, 0xef, 0x02, 0xf4, 0x00, 0x00, 0xff, 0xff, 0x00, 0x40, 0xfd, 0xa2, 0x0a, 0xcc,
0x08, 0x2e, 0x02, 0x26, 0x01, 0xdf, 0x00, 0x00, 0x01, 0x07, 0x00, 0xf5, 0x03, 0xaa, 0x00, 0x7b,
0x00, 0x08, 0xb1, 0x02, 0x01, 0xb0, 0x7b, 0xb0, 0x35, 0x2b, 0xff, 0xff, 0x00, 0x40, 0xfd, 0xa2,
0x0a, 0xcc, 0x08, 0x2e, 0x02, 0x26, 0x01, 0xdf, 0x00, 0x00, 0x01, 0x07, 0x01, 0x04, 0x02, 0xd6,
0x00, 0x9a, 0x00, 0x08, 0xb1, 0x02, 0x01, 0xb0, 0x9a, 0xb0, 0x35, 0x2b, 0xff, 0xff, 0x00, 0x40,
0xfd, 0xa2, 0x0a, 0xcc, 0x08, 0x2e, 0x02, 0x26, 0x01, 0xdf, 0x00, 0x00, 0x01, 0x07, 0x01, 0x05,
0x02, 0xd6, 0x00, 0x9a, 0x00, 0x08, 0xb1, 0x02, 0x01, 0xb0, 0x9a, 0xb0, 0x35, 0x2b, 0xff, 0xff,
0x00, 0x40, 0xfd, 0xa2, 0x0a, 0xcc, 0x08, 0x2e, 0x02, 0x26, 0x01, 0xdf, 0x00, 0x00, 0x01, 0x07,
0x01, 0x06, 0x02, 0xd4, 0x00, 0x9b, 0x00, 0x08, 0xb1, 0x02, 0x02, 0xb0, 0x9b, 0xb0, 0x35, 0x2b,
0x00, 0x03, 0x00, 0x40, 0xfd, 0xa2, 0x0a, 0xcc, 0x08, 0x2e, 0x00, 0x0d, 0x00, 0x19, 0x00, 0x25,
0x00, 0x54, 0x40, 0x51, 0x00, 0x01, 0x00, 0x03, 0x06, 0x01, 0x03, 0x67, 0x07, 0x01, 0x05, 0x08,
0x01, 0x04, 0x09, 0x05, 0x04, 0x67, 0x00, 0x06, 0x0c, 0x01, 0x09, 0x02, 0x06, 0x09, 0x67, 0x0b,
0x01, 0x02, 0x00, 0x00, 0x02, 0x57, 0x0b, 0x01, 0x02, 0x02, 0x00, 0x5f, 0x0a, 0x01, 0x00, 0x02,
0x00, 0x4f, 0x1a, 0x1a, 0x10, 0x0e, 0x01, 0x00, 0x1a, 0x25, 0x1a, 0x25, 0x24, 0x23, 0x22, 0x21,
0x20, 0x1f, 0x1e, 0x1d, 0x1c, 0x1b, 0x16, 0x13, 0x0e, 0x19, 0x10, 0x19, 0x07, 0x04, 0x00, 0x0d,
0x01, 0x0c, 0x0d, 0x0b, 0x16, 0x2b, 0x01, 0x26, 0x35, 0x11, 0x34, 0x33, 0x21, 0x32, 0x16, 0x15,
0x11, 0x14, 0x06, 0x23, 0x25, 0x21, 0x32, 0x35, 0x11, 0x36, 0x23, 0x21, 0x22, 0x15, 0x11, 0x16,
0x01, 0x11, 0x21, 0x35, 0x21, 0x11, 0x33, 0x11, 0x21, 0x15, 0x21, 0x11, 0x01, 0x3a, 0xfa, 0xfa,
0x08, 0x98, 0x7a, 0x80, 0x80, 0x7a, 0xf7, 0x57, 0x08, 0xba, 0x26, 0x01, 0x27, 0xf7, 0x46, 0x28,
0x01, 0x04, 0x15, 0xfd, 0xcb, 0x02, 0x35, 0xde, 0x02, 0x35, 0xfd, 0xcb, 0xfd, 0xa2, 0x01, 0xfb,
0x08, 0x96, 0xfa, 0x80, 0x7a, 0xf7, 0x6a, 0x7b, 0x81, 0xc3, 0x27, 0x08, 0xba, 0x27, 0x27, 0xf7,
0x46, 0x27, 0x01, 0xe0, 0x02, 0x3c, 0xd0, 0x02, 0x3c, 0xfd, 0xc4, 0xd0, 0xfd, 0xc4, 0x00, 0x03,
0x00, 0x40, 0xfd, 0xa2, 0x0a, 0xcc, 0x08, 0x2e, 0x00, 0x0d, 0x00, 0x19, 0x00, 0x1d, 0x00, 0x39,
0x40, 0x36, 0x1d, 0x1c, 0x1b, 0x03, 0x02, 0x03, 0x01, 0x4c, 0x00, 0x01, 0x00, 0x03, 0x02, 0x01,
0x03, 0x67, 0x05, 0x01, 0x02, 0x00, 0x00, 0x02, 0x57, 0x05, 0x01, 0x02, 0x02, 0x00, 0x5f, 0x04,
0x01, 0x00, 0x02, 0x00, 0x4f, 0x10, 0x0e, 0x01, 0x00, 0x16, 0x13, 0x0e, 0x19, 0x10, 0x19, 0x07,
0x04, 0x00, 0x0d, 0x01, 0x0c, 0x06, 0x0b, 0x16, 0x2b, 0x01, 0x26, 0x35, 0x11, 0x34, 0x33, 0x21,
0x32, 0x16, 0x15, 0x11, 0x14, 0x06, 0x23, 0x25, 0x21, 0x32, 0x35, 0x11, 0x36, 0x23, 0x21, 0x22,
0x15, 0x11, 0x16, 0x01, 0x27, 0x01, 0x17, 0x01, 0x3a, 0xfa, 0xfa, 0x08, 0x98, 0x7a, 0x80, 0x80,
0x7a, 0xf7, 0x57, 0x08, 0xba, 0x26, 0x01, 0x27, 0xf7, 0x46, 0x28, 0x01, 0x03, 0x10, 0xb1, 0x03,
0x9c, 0xb1, 0xfd, 0xa2, 0x01, 0xfb, 0x08, 0x96, 0xfa, 0x80, 0x7a, 0xf7, 0x6a, 0x7b, 0x81, 0xc3,
0x27, 0x08, 0xba, 0x27, 0x27, 0xf7, 0x46, 0x27, 0x02, 0x14, 0x94, 0x04, 0x4d, 0x94, 0xff, 0xff,
0x00, 0x40, 0xfd, 0xa2, 0x0a, 0xcc, 0x08, 0x2e, 0x02, 0x26, 0x01, 0xdf, 0x00, 0x00, 0x01, 0x07,
0x01, 0x08, 0x02, 0xd3, 0x00, 0x9b, 0x00, 0x08, 0xb1, 0x02, 0x01, 0xb0, 0x9b, 0xb0, 0x35, 0x2b,
0xff, 0xff, 0x00, 0x40, 0xfd, 0xa2, 0x0a, 0xcc, 0x08, 0x2e, 0x02, 0x26, 0x01, 0xdf, 0x00, 0x00,
0x01, 0x07, 0x01, 0x09, 0x02, 0xd4, 0x00, 0x9b, 0x00, 0x08, 0xb1, 0x02, 0x03, 0xb0, 0x9b, 0xb0,
0x35, 0x2b, 0xff, 0xff, 0x00, 0x40, 0xfd, 0xa2, 0x0a, 0xcc, 0x08, 0x2e, 0x02, 0x26, 0x01, 0xdf,
0x00, 0x00, 0x01, 0x07, 0x01, 0xc4, 0x01, 0xd0, 0x00, 0x5d, 0x00, 0x08, 0xb1, 0x02, 0x01, 0xb0,
0x5d, 0xb0, 0x35, 0x2b, 0xff, 0xff, 0x00, 0x40, 0xfd, 0xa2, 0x0a, 0xcc, 0x08, 0x2e, 0x02, 0x26,
0x01, 0xdf, 0x00, 0x00, 0x01, 0x07, 0x01, 0xc8, 0x01, 0x9a, 0x00, 0x5d, 0x00, 0x08, 0xb1, 0x02,
0x01, 0xb0, 0x5d, 0xb0, 0x35, 0x2b, 0xff, 0xff, 0x00, 0x8f, 0xfe, 0xbf, 0x01, 0xe7, 0x01, 0x29,
0x01, 0x07, 0x02, 0x51, 0xff, 0xfd, 0xfb, 0x44, 0x00, 0x09, 0xb1, 0x00, 0x01, 0xb8, 0xfb, 0x44,
0xb0, 0x35, 0x2b, 0x00, 0xff, 0xff, 0x00, 0x8f, 0xfe, 0xbf, 0x01, 0xfd, 0x04, 0x2a, 0x00, 0x27,
0x02, 0x51, 0xff, 0xfd, 0xfb, 0x44, 0x01, 0x07, 0x00, 0xfb, 0x00, 0x16, 0x02, 0xfc, 0x00, 0x12,
0xb1, 0x00, 0x01, 0xb8, 0xfb, 0x44, 0xb0, 0x35, 0x2b, 0xb1, 0x01, 0x01, 0xb8, 0x02, 0xfc, 0xb0,
0x35, 0x2b, 0x00, 0x01, 0x00, 0x92, 0x03, 0x7b, 0x01, 0xea, 0x05, 0xe5, 0x00, 0x11, 0x00, 0x1d,
0x40, 0x1a, 0x04, 0x01, 0x00, 0x01, 0x01, 0x4c, 0x01, 0x01, 0x00, 0x49, 0x00, 0x00, 0x00, 0x01,
0x61, 0x00, 0x01, 0x01, 0x5c, 0x00, 0x4e, 0x24, 0x25, 0x02, 0x0b, 0x18, 0x2b, 0x13, 0x27, 0x36,
0x36, 0x37, 0x06, 0x23, 0x22, 0x26, 0x35, 0x34, 0x36, 0x33, 0x32, 0x16, 0x15, 0x14, 0x06, 0xd3,
0x2c, 0x5d, 0x5c, 0x0a, 0x1a, 0x29, 0x40, 0x55, 0x5d, 0x48, 0x4e, 0x65, 0x8f, 0x03, 0x7b, 0x6c,
0x28, 0x67, 0x4f, 0x1a, 0x57, 0x44, 0x46, 0x59, 0x6a, 0x65, 0x99, 0xcd, 0xff, 0xff, 0x00, 0x32,
0x00, 0x00, 0x05, 0xa1, 0x07, 0x69, 0x02, 0x26, 0x00, 0x01, 0x00, 0x00, 0x01, 0x07, 0x02, 0x71,
0x00, 0x75, 0x01, 0x74, 0x00, 0x09, 0xb1, 0x02, 0x02, 0xb8, 0x01, 0x74, 0xb0, 0x35, 0x2b, 0x00,
0xff, 0xff, 0x00, 0x96, 0x00, 0x00, 0x04, 0x62, 0x07, 0x69, 0x02, 0x26, 0x00, 0x0d, 0x00, 0x00,
0x01, 0x07, 0x02, 0x71, 0x00, 0x0a, 0x01, 0x74, 0x00, 0x09, 0xb1, 0x01, 0x02, 0xb8, 0x01, 0x74,
0xb0, 0x35, 0x2b, 0x00, 0xff, 0xff, 0xff, 0xc9, 0x00, 0x00, 0x02, 0x6e, 0x07, 0x69, 0x02, 0x26,
0x00, 0x16, 0x00, 0x00, 0x01, 0x07, 0x02, 0x71, 0xfe, 0xa9, 0x01, 0x74, 0x00, 0x09, 0xb1, 0x01,
0x02, 0xb8, 0x01, 0x74, 0xb0, 0x35, 0x2b, 0x00, 0xff, 0xff, 0x00, 0x67, 0xff, 0xec, 0x05, 0xbf,
0x07, 0x69, 0x02, 0x26, 0x00, 0x26, 0x00, 0x00, 0x01, 0x07, 0x02, 0x71, 0x00, 0xa1, 0x01, 0x74,
0x00, 0x09, 0xb1, 0x02, 0x02, 0xb8, 0x01, 0x74, 0xb0, 0x35, 0x2b, 0x00, 0xff, 0xff, 0x00, 0x96,
0xff, 0xea, 0x05, 0x4e, 0x07, 0x69, 0x02, 0x26, 0x00, 0x32, 0x00, 0x00, 0x01, 0x07, 0x02, 0x71,
0x00, 0x7f, 0x01, 0x74, 0x00, 0x09, 0xb1, 0x01, 0x02, 0xb8, 0x01, 0x74, 0xb0, 0x35, 0x2b, 0x00,
0xff, 0xff, 0x00, 0x50, 0x00, 0x00, 0x03, 0x68, 0x07, 0x69, 0x02, 0x26, 0x00, 0x1b, 0x00, 0x00,
0x01, 0x07, 0x02, 0x71, 0xff, 0x6a, 0x01, 0x74, 0x00, 0x09, 0xb1, 0x01, 0x02, 0xb8, 0x01, 0x74,
0xb0, 0x35, 0x2b, 0x00, 0xff, 0xff, 0x00, 0x4c, 0xff, 0xe9, 0x04, 0x0e, 0x05, 0xf5, 0x02, 0x26,
0x00, 0x3d, 0x00, 0x00, 0x00, 0x06, 0x02, 0x71, 0xd0, 0x00, 0xff, 0xff, 0x00, 0x59, 0xff, 0xe9,
0x04, 0x66, 0x05, 0xf5, 0x02, 0x26, 0x00, 0x51, 0x00, 0x00, 0x00, 0x06, 0x02, 0x71, 0xef, 0x00,
0xff, 0xff, 0x00, 0x85, 0x00, 0x00, 0x01, 0x93, 0x05, 0xf5, 0x02, 0x26, 0x00, 0x5d, 0x00, 0x00,
0x00, 0x06, 0x02, 0x72, 0xf5, 0x00, 0xff, 0xff, 0xff, 0xb9, 0x00, 0x00, 0x02, 0x5e, 0x05, 0xf5,
0x02, 0x26, 0x00, 0x5d, 0x00, 0x00, 0x00, 0x07, 0x02, 0x71, 0xfe, 0x99, 0x00, 0x00, 0xff, 0xff,
0xff, 0xd6, 0xfe, 0x5e, 0x01, 0x92, 0x05, 0xf5, 0x02, 0x26, 0x00, 0x62, 0x00, 0x00, 0x00, 0x06,
0x02, 0x72, 0xf4, 0x00, 0xff, 0xff, 0x00, 0x8a, 0x00, 0x00, 0x03, 0x43, 0x05, 0xd2, 0x00, 0x26,
0x00, 0x65, 0x00, 0x00, 0x01, 0x07, 0x02, 0x64, 0x01, 0x68, 0x02, 0x5a, 0x00, 0x09, 0xb1, 0x01,
0x01, 0xb8, 0x02, 0x5a, 0xb0, 0x35, 0x2b, 0x00, 0xff, 0xff, 0x00, 0x59, 0xff, 0xe9, 0x04, 0x86,
0x05, 0xf5, 0x02, 0x26, 0x00, 0x6c, 0x00, 0x00, 0x00, 0x06, 0x02, 0x71, 0xfc, 0x00, 0xff, 0xff,
0x00, 0x8a, 0xff, 0xf2, 0x04, 0x5c, 0x05, 0xf5, 0x02, 0x26, 0x00, 0x7b, 0x00, 0x00, 0x00, 0x06,
0x02, 0x71, 0x00, 0x00, 0xff, 0xff, 0x00, 0x27, 0xfe, 0x56, 0x04, 0x8e, 0x05, 0xf5, 0x02, 0x26,
0x00, 0x89, 0x00, 0x00, 0x00, 0x06, 0x02, 0x71, 0xea, 0x00, 0xff, 0xff, 0x00, 0x59, 0xff, 0xec,
0x04, 0x75, 0x05, 0xf5, 0x02, 0x26, 0x00, 0x45, 0x00, 0x00, 0x00, 0x06, 0x02, 0x71, 0x08, 0x00,
0xff, 0xff, 0x00, 0x8a, 0xff, 0xf9, 0x03, 0x43, 0x05, 0xd2, 0x00, 0x26, 0x00, 0x67, 0x00, 0x00,
0x01, 0x07, 0x02, 0x64, 0x01, 0x68, 0x02, 0x5a, 0x00, 0x09, 0xb1, 0x01, 0x01, 0xb8, 0x02, 0x5a,
0xb0, 0x35, 0x2b, 0x00, 0xff, 0xff, 0x00, 0x8a, 0xff, 0xee, 0x04, 0x5b, 0x05, 0xf5, 0x02, 0x26,
0x00, 0x81, 0x00, 0x00, 0x00, 0x06, 0x02, 0x71, 0x00, 0x00, 0x00, 0x01, 0x00, 0xb2, 0x00, 0x00,
0x01, 0xdb, 0x01, 0x1f, 0x00, 0x03, 0x00, 0x19, 0x40, 0x16, 0x00, 0x00, 0x00, 0x01, 0x5f, 0x02,
0x01, 0x01, 0x01, 0x57, 0x01, 0x4e, 0x00, 0x00, 0x00, 0x03, 0x00, 0x03, 0x11, 0x03, 0x0b, 0x17,
0x2b, 0x33, 0x11, 0x21, 0x11, 0xb2, 0x01, 0x29, 0x01, 0x1f, 0xfe, 0xe1, 0x00, 0x01, 0x00, 0xb2,
0xfe, 0xd2, 0x01, 0xdb, 0x01, 0x1f, 0x00, 0x0d, 0x00, 0x22, 0x40, 0x1f, 0x00, 0x00, 0x04, 0x01,
0x03, 0x00, 0x03, 0x65, 0x00, 0x02, 0x02, 0x01, 0x5f, 0x00, 0x01, 0x01, 0x57, 0x01, 0x4e, 0x00,
0x00, 0x00, 0x0d, 0x00, 0x0c, 0x11, 0x13, 0x21, 0x05, 0x0b, 0x19, 0x2b, 0x13, 0x35, 0x33, 0x32,
0x36, 0x35, 0x35, 0x23, 0x11, 0x21, 0x11, 0x14, 0x06, 0x23, 0xb2, 0x25, 0x3a, 0x39, 0x98, 0x01,
0x29, 0x88, 0x7f, 0xfe, 0xd2, 0x83, 0x4c, 0x42, 0x1d, 0x01, 0x1f, 0xfe, 0xd0, 0x8a, 0x93, 0x00,
0xff, 0xff, 0x00, 0xb2, 0x00, 0x00, 0x01, 0xdb, 0x04, 0x23, 0x02, 0x26, 0x02, 0x64, 0x00, 0x00,
0x01, 0x07, 0x02, 0x64, 0x00, 0x00, 0x03, 0x04, 0x00, 0x09, 0xb1, 0x01, 0x01, 0xb8, 0x03, 0x04,
0xb0, 0x35, 0x2b, 0x00, 0xff, 0xff, 0x00, 0xb2, 0xfe, 0xd2, 0x01, 0xdb, 0x04, 0x23, 0x02, 0x26,
0x02, 0x65, 0x00, 0x00, 0x01, 0x07, 0x02, 0x64, 0x00, 0x00, 0x03, 0x04, 0x00, 0x09, 0xb1, 0x01,
0x01, 0xb8, 0x03, 0x04, 0xb0, 0x35, 0x2b, 0x00, 0x00, 0x02, 0x00, 0xa9, 0x00, 0x00, 0x01, 0xd1,
0x05, 0xd2, 0x00, 0x03, 0x00, 0x07, 0x00, 0x2c, 0x40, 0x29, 0x04, 0x01, 0x01, 0x01, 0x00, 0x5f,
0x00, 0x00, 0x00, 0x56, 0x4d, 0x00, 0x02, 0x02, 0x03, 0x5f, 0x05, 0x01, 0x03, 0x03, 0x57, 0x03,
0x4e, 0x04, 0x04, 0x00, 0x00, 0x04, 0x07, 0x04, 0x07, 0x06, 0x05, 0x00, 0x03, 0x00, 0x03, 0x11,
0x06, 0x0b, 0x17, 0x2b, 0x13, 0x03, 0x21, 0x03, 0x01, 0x11, 0x21, 0x11, 0xc2, 0x13, 0x01, 0x1c,
0x14, 0xfe, 0xf2, 0x01, 0x28, 0x01, 0xda, 0x03, 0xf8, 0xfc, 0x08, 0xfe, 0x26, 0x01, 0x13, 0xfe,
0xed, 0x00, 0x00, 0x02, 0x00, 0x50, 0x00, 0x00, 0x03, 0xf6, 0x05, 0xe6, 0x00, 0x1f, 0x00, 0x23,
0x00, 0x35, 0x40, 0x32, 0x1e, 0x00, 0x02, 0x03, 0x01, 0x01, 0x4c, 0x00, 0x01, 0x00, 0x03, 0x00,
0x01, 0x03, 0x80, 0x00, 0x00, 0x00, 0x02, 0x61, 0x00, 0x02, 0x02, 0x5c, 0x4d, 0x00, 0x03, 0x03,
0x04, 0x5f, 0x05, 0x01, 0x04, 0x04, 0x57, 0x04, 0x4e, 0x20, 0x20, 0x20, 0x23, 0x20, 0x23, 0x1d,
0x23, 0x12, 0x2a, 0x06, 0x0b, 0x1a, 0x2b, 0x01, 0x35, 0x34, 0x36, 0x36, 0x37, 0x36, 0x36, 0x35,
0x34, 0x26, 0x23, 0x22, 0x06, 0x07, 0x23, 0x3e, 0x02, 0x33, 0x32, 0x16, 0x16, 0x15, 0x14, 0x06,
0x07, 0x0e, 0x02, 0x15, 0x15, 0x01, 0x11, 0x21, 0x11, 0x01, 0x84, 0x2f, 0x5b, 0x40, 0x43, 0x5b,
0x76, 0x55, 0x4e, 0x7e, 0x06, 0xff, 0x03, 0x7f, 0xd2, 0x7e, 0x8b, 0xd3, 0x76, 0x73, 0x65, 0x3c,
0x4c, 0x23, 0xfe, 0xf1, 0x01, 0x29, 0x01, 0xc7, 0x13, 0x83, 0x93, 0x56, 0x28, 0x2a, 0x6d, 0x4e,
0x56, 0x67, 0x64, 0x66, 0x8a, 0xb9, 0x5d, 0x62, 0xb3, 0x7a, 0x7d, 0xab, 0x3c, 0x25, 0x45, 0x61,
0x4e, 0x13, 0xfe, 0x39, 0x01, 0x13, 0xfe, 0xed, 0xff, 0xff, 0x00, 0xb2, 0x02, 0x31, 0x01, 0xdb,
0x03, 0x50, 0x03, 0x07, 0x02, 0x64, 0x00, 0x00, 0x02, 0x31, 0x00, 0x09, 0xb1, 0x00, 0x01, 0xb8,
0x02, 0x31, 0xb0, 0x35, 0x2b, 0x00, 0xff, 0xff, 0x00, 0xb2, 0x00, 0xd7, 0x01, 0xdb, 0x04, 0xfa,
0x02, 0x27, 0x02, 0x64, 0x00, 0x00, 0x00, 0xd7, 0x01, 0x07, 0x02, 0x64, 0x00, 0x00, 0x03, 0xdb,
0x00, 0x11, 0xb1, 0x00, 0x01, 0xb0, 0xd7, 0xb0, 0x35, 0x2b, 0xb1, 0x01, 0x01, 0xb8, 0x03, 0xdb,
0xb0, 0x35, 0x2b, 0x00, 0xff, 0xff, 0x00, 0x7f, 0x00, 0x00, 0x01, 0xa8, 0x01, 0x1f, 0x00, 0x06,
0x02, 0x64, 0xcd, 0x00, 0xff, 0xff, 0x00, 0x7f, 0xfe, 0xd2, 0x01, 0xa8, 0x01, 0x1f, 0x00, 0x06,
0x02, 0x65, 0xcd, 0x00, 0xff, 0xff, 0x00, 0x7f, 0x00, 0x00, 0x01, 0xa8, 0x04, 0x23, 0x00, 0x26,
0x02, 0x64, 0xcd, 0x00, 0x01, 0x07, 0x02, 0x64, 0xff, 0xcd, 0x03, 0x04, 0x00, 0x09, 0xb1, 0x01,
0x01, 0xb8, 0x03, 0x04, 0xb0, 0x35, 0x2b, 0x00, 0xff, 0xff, 0x00, 0x7f, 0xfe, 0xd2, 0x01, 0xa8,
0x04, 0x23, 0x00, 0x26, 0x02, 0x65, 0xcd, 0x00, 0x01, 0x07, 0x02, 0x64, 0xff, 0xcd, 0x03, 0x04,
0x00, 0x09, 0xb1, 0x01, 0x01, 0xb8, 0x03, 0x04, 0xb0, 0x35, 0x2b, 0x00, 0xff, 0xff, 0x00, 0x7f,
0x00, 0xd7, 0x01, 0xa8, 0x04, 0xfa, 0x00, 0x27, 0x02, 0x64, 0xff, 0xcd, 0x00, 0xd7, 0x01, 0x07,
0x02, 0x64, 0xff, 0xcd, 0x03, 0xdb, 0x00, 0x11, 0xb1, 0x00, 0x01, 0xb0, 0xd7, 0xb0, 0x35, 0x2b,
0xb1, 0x01, 0x01, 0xb8, 0x03, 0xdb, 0xb0, 0x35, 0x2b, 0x00, 0x00, 0x02, 0x01, 0x20, 0x05, 0x00,
0x03, 0xc5, 0x05, 0xf5, 0x00, 0x03, 0x00, 0x07, 0x00, 0x44, 0x4b, 0xb0, 0x1c, 0x50, 0x58, 0x40,
0x0f, 0x05, 0x03, 0x04, 0x03, 0x01, 0x01, 0x00, 0x5f, 0x02, 0x01, 0x00, 0x00, 0x56, 0x01, 0x4e,
0x1b, 0x40, 0x15, 0x02, 0x01, 0x00, 0x01, 0x01, 0x00, 0x57, 0x02, 0x01, 0x00, 0x00, 0x01, 0x5f,
0x05, 0x03, 0x04, 0x03, 0x01, 0x00, 0x01, 0x4f, 0x59, 0x40, 0x12, 0x04, 0x04, 0x00, 0x00, 0x04,
0x07, 0x04, 0x07, 0x06, 0x05, 0x00, 0x03, 0x00, 0x03, 0x11, 0x06, 0x0b, 0x17, 0x2b, 0x01, 0x35,
0x33, 0x15, 0x33, 0x35, 0x33, 0x15, 0x01, 0x20, 0xf2, 0xc2, 0xf1, 0x05, 0x00, 0xf5, 0xf5, 0xf5,
0xf5, 0x00, 0x00, 0x01, 0x00, 0x90, 0x05, 0x00, 0x01, 0x9e, 0x05, 0xf5, 0x00, 0x03, 0x00, 0x35,
0x4b, 0xb0, 0x1c, 0x50, 0x58, 0x40, 0x0c, 0x02, 0x01, 0x01, 0x01, 0x00, 0x5f, 0x00, 0x00, 0x00,
0x56, 0x01, 0x4e, 0x1b, 0x40, 0x11, 0x00, 0x00, 0x01, 0x01, 0x00, 0x57, 0x00, 0x00, 0x00, 0x01,
0x5f, 0x02, 0x01, 0x01, 0x00, 0x01, 0x4f, 0x59, 0x40, 0x0a, 0x00, 0x00, 0x00, 0x03, 0x00, 0x03,
0x11, 0x03, 0x0b, 0x17, 0x2b, 0x13, 0x35, 0x21, 0x15, 0x90, 0x01, 0x0e, 0x05, 0x00, 0xf5, 0xf5,
0xff, 0xff, 0x01, 0x20, 0x05, 0x00, 0x03, 0xc5, 0x05, 0xf5, 0x00, 0x06, 0x02, 0x71, 0x00, 0x00,
0xff, 0xff, 0x00, 0x14, 0x00, 0x00, 0x05, 0x9b, 0x05, 0xd2, 0x00, 0x26, 0x00, 0x0c, 0x3c, 0x00,
0x00, 0x06, 0x02, 0x7f, 0xe2, 0x00, 0xff, 0xff, 0x00, 0x99, 0x00, 0x00, 0x04, 0x36, 0x05, 0xd2,
0x00, 0x26, 0x00, 0x22, 0x03, 0x00, 0x01, 0x07, 0x02, 0x77, 0x01, 0xca, 0xfd, 0xe8, 0x00, 0x09,
0xb1, 0x01, 0x01, 0xb8, 0xfd, 0xe8, 0xb0, 0x35, 0x2b, 0x00, 0x00, 0x02, 0x01, 0x0e, 0x05, 0x02,
0x03, 0xd8, 0x06, 0x13, 0x00, 0x0b, 0x00, 0x17, 0x00, 0x33, 0xb1, 0x06, 0x64, 0x44, 0x40, 0x28,
0x03, 0x01, 0x01, 0x00, 0x00, 0x01, 0x59, 0x03, 0x01, 0x01, 0x01, 0x00, 0x61, 0x05, 0x02, 0x04,
0x03, 0x00, 0x01, 0x00, 0x51, 0x0d, 0x0c, 0x01, 0x00, 0x13, 0x11, 0x0c, 0x17, 0x0d, 0x17, 0x07,
0x05, 0x00, 0x0b, 0x01, 0x0b, 0x06, 0x0b, 0x16, 0x2b, 0xb1, 0x06, 0x00, 0x44, 0x01, 0x22, 0x26,
0x35, 0x34, 0x36, 0x33, 0x32, 0x16, 0x15, 0x14, 0x06, 0x21, 0x22, 0x26, 0x35, 0x34, 0x36, 0x33,
0x32, 0x16, 0x15, 0x14, 0x06, 0x01, 0x99, 0x3a, 0x51, 0x51, 0x3a, 0x39, 0x52, 0x52, 0x01, 0x7b,
0x3a, 0x52, 0x52, 0x3a, 0x39, 0x52, 0x52, 0x05, 0x02, 0x50, 0x39, 0x38, 0x50, 0x50, 0x38, 0x39,
0x50, 0x50, 0x39, 0x38, 0x50, 0x50, 0x38, 0x39, 0x50, 0x00, 0x00, 0x01, 0x00, 0x7f, 0x04, 0xfc,
0x01, 0xae, 0x06, 0x19, 0x00, 0x0b, 0x00, 0x27, 0xb1, 0x06, 0x64, 0x44, 0x40, 0x1c, 0x00, 0x01,
0x00, 0x00, 0x01, 0x59, 0x00, 0x01, 0x01, 0x00, 0x61, 0x02, 0x01, 0x00, 0x01, 0x00, 0x51, 0x01,
0x00, 0x07, 0x05, 0x00, 0x0b, 0x01, 0x0b, 0x03, 0x0b, 0x16, 0x2b, 0xb1, 0x06, 0x00, 0x44, 0x01,
0x22, 0x26, 0x35, 0x34, 0x36, 0x33, 0x32, 0x16, 0x15, 0x14, 0x06, 0x01, 0x16, 0x3e, 0x59, 0x59,
0x3e, 0x3f, 0x59, 0x59, 0x04, 0xfc, 0x53, 0x3c, 0x3b, 0x53, 0x53, 0x3b, 0x3c, 0x53, 0x00, 0x01,
0x00, 0x4f, 0x04, 0xf9, 0x03, 0x3f, 0x06, 0x1f, 0x00, 0x08, 0x00, 0x21, 0xb1, 0x06, 0x64, 0x44,
0x40, 0x16, 0x08, 0x01, 0x00, 0x01, 0x01, 0x4c, 0x00, 0x01, 0x00, 0x01, 0x85, 0x02, 0x01, 0x00,
0x00, 0x76, 0x21, 0x12, 0x10, 0x03, 0x0b, 0x19, 0x2b, 0xb1, 0x06, 0x00, 0x44, 0x01, 0x23, 0x35,
0x01, 0x33, 0x01, 0x15, 0x23, 0x27, 0x01, 0x38, 0xe9, 0x01, 0x0f, 0xd2, 0x01, 0x0f, 0xea, 0x8e,
0x04, 0xf9, 0x08, 0x01, 0x1e, 0xfe, 0xe2, 0x08, 0xab, 0x00, 0x00, 0x02, 0x00, 0x50, 0x04, 0xa9,
0x02, 0x6e, 0x06, 0xa7, 0x00, 0x0f, 0x00, 0x1b, 0x00, 0x39, 0xb1, 0x06, 0x64, 0x44, 0x40, 0x2e,
0x00, 0x01, 0x00, 0x03, 0x02, 0x01, 0x03, 0x69, 0x05, 0x01, 0x02, 0x00, 0x00, 0x02, 0x59, 0x05,
0x01, 0x02, 0x02, 0x00, 0x61, 0x04, 0x01, 0x00, 0x02, 0x00, 0x51, 0x11, 0x10, 0x01, 0x00, 0x17,
0x15, 0x10, 0x1b, 0x11, 0x1b, 0x09, 0x07, 0x00, 0x0f, 0x01, 0x0f, 0x06, 0x0b, 0x16, 0x2b, 0xb1,
0x06, 0x00, 0x44, 0x01, 0x22, 0x26, 0x26, 0x35, 0x34, 0x36, 0x36, 0x33, 0x32, 0x16, 0x16, 0x15,
0x14, 0x06, 0x06, 0x27, 0x32, 0x36, 0x35, 0x34, 0x26, 0x23, 0x22, 0x06, 0x15, 0x14, 0x16, 0x01,
0x5f, 0x4b, 0x7b, 0x49, 0x49, 0x7b, 0x4b, 0x4a, 0x7b, 0x4a, 0x4a, 0x7b, 0x4a, 0x33, 0x47, 0x47,
0x33, 0x33, 0x47, 0x47, 0x04, 0xa9, 0x44, 0x74, 0x47, 0x47, 0x73, 0x45, 0x45, 0x73, 0x47, 0x47,
0x74, 0x44, 0x85, 0x47, 0x33, 0x33, 0x47, 0x47, 0x33, 0x33, 0x47, 0x00, 0x00, 0x01, 0x00, 0xd1,
0xfe, 0x5e, 0x02, 0x42, 0x00, 0x2d, 0x00, 0x12, 0x00, 0x64, 0xb1, 0x06, 0x64, 0x44, 0x4b, 0xb0,
0x0c, 0x50, 0x58, 0x40, 0x20, 0x00, 0x03, 0x02, 0x01, 0x00, 0x03, 0x72, 0x00, 0x02, 0x00, 0x01,
0x00, 0x02, 0x01, 0x69, 0x00, 0x00, 0x04, 0x04, 0x00, 0x59, 0x00, 0x00, 0x00, 0x04, 0x62, 0x05,
0x01, 0x04, 0x00, 0x04, 0x52, 0x1b, 0x40, 0x21, 0x00, 0x03, 0x02, 0x01, 0x02, 0x03, 0x01, 0x80,
0x00, 0x02, 0x00, 0x01, 0x00, 0x02, 0x01, 0x69, 0x00, 0x00, 0x04, 0x04, 0x00, 0x59, 0x00, 0x00,
0x00, 0x04, 0x62, 0x05, 0x01, 0x04, 0x00, 0x04, 0x52, 0x59, 0x40, 0x0d, 0x00, 0x00, 0x00, 0x12,
0x00, 0x11, 0x12, 0x11, 0x24, 0x21, 0x06, 0x0b, 0x1a, 0x2b, 0xb1, 0x06, 0x00, 0x44, 0x13, 0x35,
0x33, 0x32, 0x36, 0x35, 0x34, 0x26, 0x23, 0x23, 0x37, 0x33, 0x15, 0x07, 0x36, 0x15, 0x14, 0x06,
0x23, 0xd1, 0x7c, 0x32, 0x2a, 0x2a, 0x32, 0x58, 0x22, 0x6d, 0x04, 0xc2, 0x70, 0x7c, 0xfe, 0x5e,
0x72, 0x1d, 0x22, 0x23, 0x1c, 0xdf, 0x2d, 0x57, 0x03, 0xa2, 0x5b, 0x51, 0x00, 0x02, 0x00, 0x50,
0x06, 0x08, 0x02, 0x6e, 0x07, 0xf5, 0x00, 0x0b, 0x00, 0x17, 0x00, 0x31, 0x40, 0x2e, 0x00, 0x01,
0x00, 0x03, 0x02, 0x01, 0x03, 0x69, 0x05, 0x01, 0x02, 0x00, 0x00, 0x02, 0x59, 0x05, 0x01, 0x02,
0x02, 0x00, 0x61, 0x04, 0x01, 0x00, 0x02, 0x00, 0x51, 0x0d, 0x0c, 0x01, 0x00, 0x13, 0x11, 0x0c,
0x17, 0x0d, 0x17, 0x07, 0x05, 0x00, 0x0b, 0x01, 0x0b, 0x06, 0x0b, 0x16, 0x2b, 0x01, 0x22, 0x26,
0x35, 0x34, 0x36, 0x33, 0x32, 0x16, 0x15, 0x14, 0x06, 0x27, 0x32, 0x36, 0x35, 0x34, 0x26, 0x23,
0x22, 0x06, 0x15, 0x14, 0x16, 0x01, 0x5f, 0x76, 0x99, 0x99, 0x76, 0x75, 0x9a, 0x9a, 0x75, 0x33,
0x45, 0x44, 0x34, 0x35, 0x44, 0x45, 0x06, 0x08, 0x8f, 0x68, 0x67, 0x8f, 0x8f, 0x67, 0x68, 0x8f,
0x81, 0x43, 0x33, 0x32, 0x43, 0x43, 0x32, 0x33, 0x43, 0x00, 0x00, 0x01, 0x00, 0x12, 0xff, 0xc6,
0x04, 0xc0, 0x06, 0x0b, 0x00, 0x03, 0x00, 0x06, 0xb3, 0x02, 0x00, 0x01, 0x32, 0x2b, 0x17, 0x27,
0x01, 0x17, 0xa0, 0x8e, 0x04, 0x20, 0x8e, 0x3a, 0x62, 0x05, 0xe3, 0x62, 0x00, 0x01, 0x00, 0x52,
0xff, 0xd2, 0x04, 0x8b, 0x04, 0x8c, 0x00, 0x03, 0x00, 0x06, 0xb3, 0x02, 0x00, 0x01, 0x32, 0x2b,
0x17, 0x27, 0x01, 0x17, 0xbc, 0x6a, 0x03, 0xd0, 0x69, 0x2e, 0x5c, 0x04, 0x5e, 0x5c, 0x00, 0x02,
0x00, 0xa6, 0x00, 0x00, 0x01, 0xec, 0x05, 0xed, 0x00, 0x03, 0x00, 0x0f, 0x00, 0x2c, 0x40, 0x29,
0x05, 0x01, 0x02, 0x02, 0x03, 0x61, 0x00, 0x03, 0x03, 0x5c, 0x4d, 0x00, 0x00, 0x00, 0x01, 0x5f,
0x04, 0x01, 0x01, 0x01, 0x57, 0x01, 0x4e, 0x05, 0x04, 0x00, 0x00, 0x0b, 0x09, 0x04, 0x0f, 0x05,
0x0f, 0x00, 0x03, 0x00, 0x03, 0x11, 0x06, 0x0b, 0x17, 0x2b, 0x33, 0x13, 0x33, 0x13, 0x03, 0x22,
0x26, 0x35, 0x34, 0x36, 0x33, 0x32, 0x16, 0x15, 0x14, 0x06, 0xbc, 0x13, 0xf5, 0x13, 0x8e, 0x47,
0x5c, 0x5c, 0x47, 0x47, 0x5c, 0x5c, 0x04, 0x02, 0xfb, 0xfe, 0x04, 0xb1, 0x59, 0x45, 0x45, 0x59,
0x59, 0x45, 0x45, 0x59, 0x00, 0x01, 0x00, 0x32, 0x02, 0x8b, 0x03, 0x52, 0x03, 0x47, 0x00, 0x03,
0x00, 0x1e, 0x40, 0x1b, 0x00, 0x00, 0x01, 0x01, 0x00, 0x57, 0x00, 0x00, 0x00, 0x01, 0x5f, 0x02,
0x01, 0x01, 0x00, 0x01, 0x4f, 0x00, 0x00, 0x00, 0x03, 0x00, 0x03, 0x11, 0x03, 0x0b, 0x17, 0x2b,
0x13, 0x35, 0x21, 0x15, 0x32, 0x03, 0x20, 0x02, 0x8b, 0xbc, 0xbc, 0x00, 0x00, 0x01, 0x00, 0x00,
0x02, 0x80, 0x00, 0x84, 0x00, 0x0a, 0x00, 0x68, 0x00, 0x07, 0x00, 0x02, 0x00, 0x52, 0x00, 0x93,
0x00, 0x8d, 0x00, 0x00, 0x01, 0x0e, 0x0e, 0x0c, 0x00, 0x07, 0x00, 0x01, 0x00, 0x00, 0x00, 0x00,
0x00, 0x3b, 0x00, 0x4d, 0x00, 0x5f, 0x00, 0x71, 0x00, 0x83, 0x00, 0x95, 0x00, 0xa1, 0x01, 0x06,
0x01, 0x5b, 0x01, 0xac, 0x01, 0xbe, 0x01, 0xf5, 0x02, 0x24, 0x02, 0x36, 0x02, 0x48, 0x02, 0x5a,
0x02, 0x6c, 0x02, 0x95, 0x02, 0xec, 0x03, 0x65, 0x03, 0x91, 0x03, 0xac, 0x03, 0xbe, 0x03, 0xd0,
0x03, 0xe2, 0x03, 0xf4, 0x04, 0x1f, 0x04, 0x31, 0x04, 0x43, 0x04, 0x55, 0x04, 0x67, 0x04, 0x9c,
0x04, 0xd2, 0x04, 0xf1, 0x05, 0x43, 0x05, 0x7f, 0x05, 0x91, 0x05, 0xda, 0x05, 0xec, 0x05, 0xfe,
0x06, 0x0a, 0x06, 0x1c, 0x06, 0x2e, 0x06, 0x40, 0x06, 0x79, 0x06, 0xf2, 0x07, 0x35, 0x07, 0x97,
0x07, 0xba, 0x07, 0xef, 0x08, 0x01, 0x08, 0x13, 0x08, 0x25, 0x08, 0x37, 0x08, 0x65, 0x08, 0xb3,
0x08, 0xf7, 0x09, 0x2a, 0x09, 0x3c, 0x09, 0x7a, 0x09, 0xfe, 0x0a, 0x0a, 0x0a, 0x15, 0x0a, 0x20,
0x0a, 0x2b, 0x0a, 0x37, 0x0a, 0x42, 0x0a, 0xfa, 0x0b, 0x8b, 0x0b, 0x97, 0x0b, 0xa3, 0x0b, 0xae,
0x0b, 0xba, 0x0b, 0xc6, 0x0b, 0xd1, 0x0c, 0x48, 0x0c, 0xa1, 0x0c, 0xe9, 0x0c, 0xf5, 0x0d, 0x6c,
0x0d, 0xbd, 0x0d, 0xc8, 0x0d, 0xd4, 0x0d, 0xe0, 0x0d, 0xec, 0x0e, 0x44, 0x0e, 0x95, 0x0e, 0xe8,
0x0f, 0x34, 0x0f, 0xcb, 0x10, 0x00, 0x10, 0x0b, 0x10, 0x24, 0x10, 0x30, 0x10, 0x3c, 0x10, 0x47,
0x10, 0x53, 0x10, 0x76, 0x10, 0x81, 0x10, 0xb4, 0x10, 0xcf, 0x10, 0xe1, 0x11, 0x12, 0x11, 0x24,
0x11, 0x81, 0x11, 0xc4, 0x11, 0xcf, 0x12, 0x19, 0x12, 0x24, 0x12, 0x2f, 0x12, 0x3a, 0x12, 0x46,
0x12, 0x52, 0x12, 0x5e, 0x12, 0xca, 0x13, 0x3d, 0x13, 0x8f, 0x13, 0xe2, 0x14, 0x38, 0x14, 0xa9,
0x14, 0xec, 0x15, 0x29, 0x15, 0x72, 0x15, 0x7d, 0x15, 0xd9, 0x15, 0xe5, 0x15, 0xf1, 0x15, 0xfd,
0x16, 0x2f, 0x16, 0x3b, 0x16, 0x47, 0x16, 0x52, 0x16, 0x5e, 0x16, 0x8c, 0x16, 0xda, 0x17, 0x1c,
0x17, 0x59, 0x17, 0x64, 0x17, 0x70, 0x17, 0x9f, 0x17, 0xdb, 0x18, 0x42, 0x18, 0xbb, 0x19, 0x0a,
0x19, 0x53, 0x19, 0xcb, 0x1a, 0x13, 0x1a, 0x38, 0x1a, 0x7f, 0x1a, 0xe8, 0x1b, 0x23, 0x1b, 0x7e,
0x1b, 0xeb, 0x1c, 0x11, 0x1c, 0x84, 0x1c, 0xf3, 0x1d, 0x46, 0x1d, 0x71, 0x1d, 0xc7, 0x1d, 0xff,
0x1e, 0x50, 0x1e, 0xa2, 0x1e, 0xea, 0x1f, 0x16, 0x1f, 0x1e, 0x1f, 0x26, 0x1f, 0x2e, 0x1f, 0x36,
0x1f, 0x3e, 0x1f, 0x46, 0x1f, 0x4e, 0x1f, 0x56, 0x1f, 0xa9, 0x1f, 0xdd, 0x1f, 0xe5, 0x1f, 0xed,
0x1f, 0xf5, 0x1f, 0xfd, 0x20, 0x0c, 0x20, 0x14, 0x20, 0x26, 0x20, 0x3d, 0x20, 0x54, 0x20, 0x5c,
0x20, 0x64, 0x20, 0xc7, 0x21, 0x2c, 0x21, 0x34, 0x21, 0x3c, 0x21, 0x49, 0x21, 0x56, 0x21, 0x63,
0x21, 0x70, 0x21, 0x7d, 0x21, 0x8a, 0x21, 0x93, 0x21, 0xa1, 0x21, 0xa9, 0x21, 0xb1, 0x21, 0xb9,
0x21, 0xc1, 0x21, 0xc9, 0x21, 0xd1, 0x21, 0xd9, 0x21, 0xe1, 0x21, 0xe9, 0x21, 0xf7, 0x22, 0x05,
0x22, 0x13, 0x22, 0x21, 0x22, 0x2f, 0x22, 0x3d, 0x22, 0x4b, 0x22, 0x59, 0x22, 0x61, 0x22, 0x61,
0x22, 0x61, 0x23, 0x05, 0x23, 0x3a, 0x23, 0x6d, 0x23, 0xc9, 0x24, 0x38, 0x24, 0x9a, 0x25, 0x13,
0x25, 0x41, 0x25, 0x72, 0x25, 0x98, 0x25, 0xbe, 0x26, 0x21, 0x26, 0x86, 0x27, 0xb9, 0x27, 0xc6,
0x27, 0xd3, 0x27, 0xe0, 0x27, 0xed, 0x27, 0xfa, 0x28, 0x07, 0x28, 0x15, 0x28, 0x73, 0x28, 0xe9,
0x29, 0x04, 0x29, 0x1d, 0x29, 0x42, 0x29, 0x5d, 0x29, 0x7a, 0x29, 0x87, 0x29, 0xa9, 0x29, 0xc4,
0x29, 0xd0, 0x29, 0xdf, 0x2a, 0x02, 0x2a, 0x14, 0x2a, 0x2b, 0x2a, 0x42, 0x2a, 0x51, 0x2a, 0x84,
0x2a, 0xb7, 0x2a, 0xc3, 0x2a, 0xcf, 0x2a, 0xe8, 0x2b, 0x03, 0x2b, 0x2e, 0x2b, 0x6d, 0x2b, 0x92,
0x2b, 0xf2, 0x2c, 0x44, 0x2c, 0xba, 0x2c, 0xc8, 0x2c, 0xd6, 0x2c, 0xe4, 0x2c, 0xf2, 0x2d, 0x00,
0x2d, 0x0e, 0x2d, 0x1c, 0x2d, 0x2a, 0x2d, 0x5e, 0x2d, 0x7e, 0x2d, 0xa7, 0x2d, 0xe4, 0x2e, 0x25,
0x2e, 0xaf, 0x2f, 0x4c, 0x2f, 0x95, 0x30, 0x15, 0x30, 0x58, 0x30, 0x9d, 0x30, 0xf5, 0x31, 0x24,
0x31, 0xb1, 0x32, 0x4e, 0x32, 0xb9, 0x32, 0xf8, 0x33, 0x63, 0x33, 0xab, 0x34, 0x00, 0x34, 0x6a,
0x34, 0xb0, 0x34, 0xf3, 0x35, 0x42, 0x35, 0x85, 0x35, 0xab, 0x35, 0xf7, 0x36, 0x2b, 0x36, 0x68,
0x36, 0xb9, 0x37, 0x08, 0x37, 0x4e, 0x37, 0xa1, 0x37, 0xf2, 0x38, 0x2b, 0x38, 0x59, 0x38, 0xa2,
0x38, 0xe1, 0x39, 0x20, 0x39, 0x50, 0x39, 0x97, 0x39, 0xdf, 0x3a, 0x0e, 0x3a, 0x4c, 0x3a, 0xb7,
0x3b, 0x3a, 0x3b, 0xa5, 0x3b, 0xf0, 0x3c, 0x58, 0x3c, 0xc8, 0x3d, 0x55, 0x3d, 0xa7, 0x3d, 0xdb,
0x3e, 0x61, 0x3e, 0xdd, 0x3f, 0x2f, 0x3f, 0x57, 0x3f, 0x83, 0x3f, 0xa9, 0x3f, 0xcf, 0x3f, 0xfa,
0x40, 0x22, 0x40, 0x31, 0x40, 0x40, 0x40, 0x4f, 0x40, 0x5e, 0x40, 0x6d, 0x40, 0x7c, 0x40, 0x8b,
0x40, 0x9a, 0x40, 0xa9, 0x40, 0xb8, 0x40, 0xc7, 0x40, 0xd6, 0x40, 0xe5, 0x40, 0xf4, 0x41, 0x03,
0x41, 0x12, 0x41, 0x21, 0x41, 0x30, 0x41, 0x3f, 0x41, 0x4e, 0x41, 0x5d, 0x41, 0x6c, 0x41, 0x7b,
0x41, 0x8a, 0x41, 0x99, 0x41, 0xa8, 0x41, 0xb7, 0x41, 0xc6, 0x41, 0xd5, 0x41, 0xe4, 0x41, 0xf3,
0x42, 0x02, 0x42, 0x11, 0x42, 0x20, 0x42, 0x2f, 0x42, 0x3e, 0x42, 0x4d, 0x42, 0x5c, 0x42, 0x6b,
0x42, 0x7a, 0x42, 0x89, 0x42, 0x98, 0x42, 0xa7, 0x42, 0xb6, 0x42, 0xc5, 0x42, 0xd4, 0x42, 0xe3,
0x42, 0xf2, 0x43, 0x0d, 0x43, 0x45, 0x43, 0x8b, 0x43, 0xae, 0x43, 0xd9, 0x44, 0x2f, 0x44, 0x93,
0x44, 0xe7, 0x45, 0x1f, 0x45, 0x53, 0x45, 0xbf, 0x46, 0x35, 0x46, 0x80, 0x46, 0xa5, 0x47, 0x11,
0x47, 0xce, 0x48, 0x19, 0x48, 0x43, 0x48, 0x6e, 0x48, 0x96, 0x48, 0xbf, 0x48, 0xe2, 0x48, 0xff,
0x49, 0x2b, 0x49, 0x53, 0x49, 0x62, 0x49, 0x71, 0x49, 0x80, 0x49, 0x8f, 0x49, 0x9e, 0x49, 0xad,
0x49, 0xbc, 0x49, 0xcb, 0x49, 0xda, 0x49, 0xe9, 0x49, 0xf8, 0x4a, 0x07, 0x4a, 0x16, 0x4a, 0x25,
0x4a, 0x34, 0x4a, 0x43, 0x4a, 0x52, 0x4a, 0x61, 0x4a, 0x70, 0x4a, 0x7f, 0x4a, 0xa5, 0x4a, 0xc2,
0x4a, 0xd1, 0x4a, 0xe0, 0x4a, 0xf7, 0x4b, 0x0e, 0x4b, 0x25, 0x4b, 0xf2, 0x4b, 0xfa, 0x4c, 0x02,
0x4c, 0x0a, 0x4c, 0x12, 0x4c, 0x1a, 0x4c, 0x3b, 0x4c, 0x5d, 0x4c, 0x7e, 0x4c, 0xbe, 0x4c, 0xbe,
0x4c, 0xbe, 0x4c, 0xbe, 0x4d, 0x4a, 0x4d, 0x86, 0x4d, 0xc2, 0x4d, 0xee, 0x4e, 0x27, 0x4e, 0x62,
0x4e, 0x9d, 0x4e, 0xc8, 0x4f, 0x00, 0x4f, 0x38, 0x4f, 0x93, 0x4f, 0xee, 0x50, 0x38, 0x50, 0x82,
0x50, 0x8f, 0x50, 0x9c, 0x50, 0xa9, 0x50, 0xb6, 0x50, 0xc3, 0x50, 0xd0, 0x50, 0xdd, 0x50, 0xea,
0x50, 0xf7, 0x51, 0x04, 0x51, 0x11, 0x51, 0x1e, 0x51, 0x2b, 0x51, 0xa2, 0x51, 0xe5, 0x51, 0xf1,
0x51, 0xfd, 0x52, 0x09, 0x52, 0x15, 0x52, 0x21, 0x52, 0x2d, 0x52, 0x39, 0x52, 0x45, 0x52, 0x51,
0x52, 0x5d, 0x52, 0x69, 0x52, 0x75, 0x52, 0x81, 0x52, 0x8d, 0x52, 0x99, 0x52, 0xa5, 0x52, 0xb1,
0x52, 0xbd, 0x52, 0xc9, 0x52, 0xd5, 0x52, 0xe1, 0x52, 0xed, 0x52, 0xf9, 0x53, 0x05, 0x53, 0x11,
0x53, 0x1d, 0x53, 0x29, 0x53, 0x35, 0x53, 0x41, 0x53, 0x4d, 0x53, 0x59, 0x53, 0x65, 0x53, 0x71,
0x53, 0x7d, 0x53, 0x89, 0x53, 0x95, 0x53, 0xa1, 0x53, 0xad, 0x53, 0xb9, 0x53, 0xc5, 0x53, 0xd1,
0x53, 0xdd, 0x53, 0xe9, 0x53, 0xf5, 0x54, 0x01, 0x54, 0x12, 0x54, 0x23, 0x54, 0x34, 0x54, 0x45,
0x54, 0xdf, 0x55, 0x62, 0x55, 0x73, 0x55, 0x84, 0x55, 0x95, 0x55, 0xa6, 0x55, 0xb2, 0x55, 0xbe,
0x55, 0xca, 0x55, 0xd6, 0x55, 0xe2, 0x55, 0xee, 0x55, 0xfa, 0x56, 0x06, 0x56, 0x12, 0x56, 0x1e,
0x56, 0x2a, 0x56, 0x36, 0x56, 0x42, 0x56, 0x4e, 0x56, 0x5a, 0x56, 0x66, 0x56, 0x72, 0x56, 0x7e,
0x56, 0x8a, 0x56, 0x96, 0x56, 0xa2, 0x56, 0xae, 0x56, 0xba, 0x56, 0xc6, 0x56, 0xd2, 0x56, 0xde,
0x56, 0xea, 0x56, 0xf6, 0x57, 0x02, 0x57, 0x0e, 0x57, 0x1a, 0x57, 0x26, 0x57, 0x32, 0x57, 0x3e,
0x57, 0x4a, 0x57, 0x56, 0x57, 0x62, 0x57, 0x6e, 0x57, 0x7a, 0x57, 0x86, 0x57, 0x92, 0x57, 0x9e,
0x57, 0xaa, 0x57, 0xb6, 0x57, 0xc2, 0x57, 0xce, 0x57, 0xdf, 0x57, 0xf0, 0x58, 0x01, 0x58, 0x12,
0x58, 0x79, 0x58, 0xc9, 0x58, 0xda, 0x58, 0xeb, 0x58, 0xfc, 0x59, 0x0d, 0x59, 0x1c, 0x59, 0x33,
0x59, 0x60, 0x59, 0x72, 0x59, 0x84, 0x59, 0x96, 0x59, 0xa8, 0x59, 0xba, 0x59, 0xcc, 0x59, 0xd7,
0x59, 0xe2, 0x59, 0xed, 0x59, 0xf9, 0x5a, 0x04, 0x5a, 0x16, 0x5a, 0x21, 0x5a, 0x2c, 0x5a, 0x37,
0x5a, 0x42, 0x5a, 0x54, 0x5a, 0x5f, 0x5a, 0x78, 0x5a, 0xa2, 0x5a, 0xb4, 0x5a, 0xc6, 0x5a, 0xf3,
0x5b, 0x46, 0x5b, 0x55, 0x5b, 0x6c, 0x5b, 0x74, 0x5b, 0x7c, 0x5b, 0x8e, 0x5b, 0xa0, 0x5b, 0xb7,
0x5b, 0xeb, 0x5c, 0x12, 0x5c, 0x1a, 0x5c, 0x25, 0x5c, 0x37, 0x5c, 0x77, 0x5c, 0xa1, 0x5c, 0xc7,
0x5d, 0x10, 0x5d, 0x60, 0x5d, 0x9f, 0x5d, 0xb0, 0x5d, 0xc1, 0x5d, 0xf4, 0x5e, 0x10, 0x00, 0x00,
0x00, 0x01, 0x00, 0x00, 0x00, 0x04, 0x00, 0x42, 0x8c, 0x11, 0x38, 0x38, 0x5f, 0x0f, 0x3c, 0xf5,
0x00, 0x07, 0x08, 0x00, 0x00, 0x00, 0x00, 0x00, 0xe3, 0x5d, 0x94, 0x32, 0x00, 0x00, 0x00, 0x00,
0xe3, 0x5d, 0x94, 0x7b, 0xf9, 0xd4, 0xfd, 0x5b, 0x14, 0xaa, 0x08, 0xe3, 0x00, 0x00, 0x00, 0x03,
0x00, 0x02, 0x00, 0x00, 0x00, 0x00, 0x00, 0x00, 0x05, 0x40, 0x01, 0x48, 0x05, 0xd2, 0x00, 0x32,
0x05, 0xd2, 0x00, 0x32, 0x05, 0xd2, 0x00, 0x32, 0x05, 0xd2, 0x00, 0x32, 0x05, 0xd2, 0x00, 0x32,
0x05, 0xd2, 0x00, 0x32, 0x05, 0xd2, 0x00, 0x32, 0x08, 0x1b, 0x00, 0x32, 0x05, 0x46, 0x00, 0x96,
0x05, 0xe5, 0x00, 0x67, 0x05, 0xe5, 0x00, 0x67, 0x05, 0xc7, 0x00, 0x96, 0x04, 0xd8, 0x00, 0x96,
0x04, 0xd8, 0x00, 0x96, 0x04, 0xd8, 0x00, 0x96, 0x04, 0xd8, 0x00, 0x96, 0x04, 0xd8, 0x00, 0x96,
0x04, 0xb4, 0x00, 0x96, 0x05, 0xfe, 0x00, 0x67, 0x06, 0x12, 0x00, 0x67, 0x05, 0xf7, 0x00, 0x96,
0x02, 0x37, 0x00, 0x96, 0x02, 0x37, 0xff, 0xb7, 0x02, 0x37, 0xff, 0xf6, 0x02, 0x37, 0x00, 0x96,
0x02, 0x37, 0xff, 0xa4, 0x03, 0xb8, 0x00, 0x50, 0x03, 0xb8, 0x00, 0x50, 0x03, 0xb8, 0x00, 0x50,
0x03, 0xb8, 0x00, 0x50, 0x03, 0xb8, 0x00, 0x50, 0x04, 0xa3, 0x00, 0x4e, 0x05, 0xa0, 0x00, 0x96,
0x04, 0x86, 0x00, 0x96, 0x07, 0x61, 0x00, 0x96, 0x06, 0x13, 0x00, 0x96, 0x06, 0x13, 0x00, 0x96,
0x06, 0x26, 0x00, 0x67, 0x06, 0x26, 0x00, 0x67, 0x06, 0x26, 0x00, 0x67, 0x06, 0x26, 0x00, 0x67,
0x06, 0x26, 0x00, 0x67, 0x06, 0x26, 0x00, 0x67, 0x06, 0x26, 0x00, 0x67, 0x05, 0x29, 0x00, 0x96,
0x06, 0x2f, 0x00, 0x67, 0x05, 0x38, 0x00, 0x96, 0x05, 0x34, 0x00, 0x5f, 0x05, 0x48, 0x00, 0x53,
0x05, 0xe3, 0x00, 0x96, 0x05, 0xe3, 0x00, 0x96, 0x05, 0xe3, 0x00, 0x96, 0x05, 0xe3, 0x00, 0x96,
0x05, 0xe3, 0x00, 0x96, 0x05, 0xd2, 0x00, 0x32, 0x08, 0x29, 0x00, 0x32, 0x05, 0xc2, 0x00, 0x35,
0x05, 0xb5, 0x00, 0x32, 0x05, 0xb5, 0x00, 0x32, 0x05, 0x38, 0x00, 0x74, 0x04, 0x98, 0x00, 0x4c,
0x04, 0x98, 0x00, 0x4c, 0x04, 0x98, 0x00, 0x4c, 0x04, 0x98, 0x00, 0x4c, 0x04, 0x98, 0x00, 0x4c,
0x04, 0x98, 0x00, 0x4c, 0x04, 0x98, 0x00, 0x4c, 0x07, 0x4d, 0x00, 0x4c, 0x04, 0xfe, 0x00, 0x59,
0x04, 0xfe, 0x00, 0x59, 0x04, 0xfe, 0x00, 0x59, 0x04, 0xfe, 0x00, 0x59, 0x04, 0xfe, 0x00, 0x59,
0x04, 0xfe, 0x00, 0x59, 0x04, 0xfe, 0x00, 0x59, 0x04, 0xfe, 0x00, 0x8a, 0x04, 0xfe, 0x00, 0x8a,
0x04, 0xa9, 0x00, 0x59, 0x04, 0xa9, 0x00, 0x59, 0x04, 0xfe, 0x00, 0x59, 0x04, 0xbb, 0x00, 0x59,
0x04, 0xbb, 0x00, 0x59, 0x04, 0xbb, 0x00, 0x59, 0x04, 0xbb, 0x00, 0x59, 0x04, 0xbb, 0x00, 0x59,
0x03, 0x1c, 0x00, 0x14, 0x02, 0xc5, 0x00, 0x8a, 0x02, 0xda, 0x00, 0x14, 0x02, 0x84, 0x00, 0x8a,
0x05, 0x01, 0x00, 0x59, 0x04, 0xe6, 0x00, 0x8a, 0x02, 0x18, 0x00, 0x75, 0x02, 0x18, 0x00, 0x8a,
0x02, 0x18, 0xff, 0xa7, 0x02, 0x18, 0xff, 0xe6, 0x02, 0x18, 0x00, 0x8a, 0x02, 0x18, 0xff, 0x94,
0x02, 0x18, 0xff, 0xd6, 0x02, 0x18, 0xff, 0xd6, 0x04, 0x8e, 0x00, 0x8a, 0x02, 0x18, 0x00, 0x8a,
0x03, 0x5a, 0x00, 0x8a, 0x02, 0x62, 0x00, 0x8a, 0x03, 0xa5, 0x00, 0x8a, 0x07, 0x34, 0x00, 0x8a,
0x04, 0xe5, 0x00, 0x8a, 0x04, 0xe5, 0x00, 0x8a, 0x04, 0xdf, 0x00, 0x59, 0x04, 0xdf, 0x00, 0x59,
0x04, 0xdf, 0x00, 0x59, 0x04, 0xdf, 0x00, 0x52, 0x04, 0xdf, 0x00, 0x59, 0x04, 0xdf, 0x00, 0x59,
0x04, 0xdf, 0x00, 0x59, 0x04, 0xfe, 0x00, 0x8a, 0x04, 0xfe, 0x00, 0x59, 0x03, 0x2d, 0x00, 0x8a,
0x04, 0x65, 0x00, 0x58, 0x05, 0x26, 0x00, 0x96, 0x05, 0x2f, 0x00, 0x96, 0x02, 0xd3, 0x00, 0x14,
0x02, 0xaa, 0x00, 0x8a, 0x04, 0xe6, 0x00, 0x8a, 0x04, 0xe6, 0x00, 0x8a, 0x04, 0xea, 0x00, 0x8a,
0x04, 0xe6, 0x00, 0x8a, 0x04, 0xe6, 0x00, 0x8a, 0x04, 0xe6, 0x00, 0x8a, 0x04, 0xe5, 0x00, 0x8a,
0x04, 0xe5, 0x00, 0x8a, 0x04, 0xe5, 0x00, 0x8a, 0x04, 0xe5, 0x00, 0x8a, 0x04, 0xe5, 0x00, 0x8a,
0x04, 0xb2, 0x00, 0x27, 0x06, 0xb7, 0x00, 0x2c, 0x04, 0x8d, 0x00, 0x32, 0x04, 0xb5, 0x00, 0x27,
0x04, 0xb5, 0x00, 0x27, 0x04, 0xb5, 0x00, 0x27, 0x04, 0x87, 0x00, 0x7a, 0x05, 0x43, 0x00, 0x8f,
0x04, 0xc0, 0x00, 0x59, 0x05, 0x34, 0x00, 0x5f, 0x04, 0xa9, 0x00, 0x59, 0x04, 0x82, 0x00, 0x1e,
0x05, 0x09, 0x00, 0x63, 0x05, 0x47, 0x00, 0x67, 0x03, 0x62, 0x00, 0x5e, 0x04, 0xfc, 0x00, 0x7e,
0x05, 0x17, 0x00, 0x6b, 0x05, 0x54, 0x00, 0x6b, 0x04, 0xe6, 0x00, 0x69, 0x05, 0x1e, 0x00, 0x67,
0x04, 0x9c, 0x00, 0x53, 0x05, 0x1f, 0x00, 0x67, 0x05, 0x1e, 0x00, 0x67, 0x05, 0x47, 0x00, 0x67,
0x03, 0x50, 0x00, 0x72, 0x05, 0x1a, 0x00, 0x6b, 0x05, 0x54, 0x00, 0x6b, 0x04, 0xd4, 0x00, 0x67,
0x04, 0xd4, 0x00, 0x67, 0x05, 0x2d, 0x00, 0x6d, 0x05, 0x2d, 0x00, 0xc1, 0x05, 0x2d, 0x00, 0x96,
0x05, 0x2d, 0x00, 0x71, 0x05, 0x2d, 0x00, 0x54, 0x05, 0x2d, 0x00, 0x87, 0x05, 0x2d, 0x00, 0x6e,
0x05, 0x2d, 0x00, 0x9b, 0x05, 0x2d, 0x00, 0x6e, 0x05, 0x2d, 0x00, 0x6e, 0x05, 0x2d, 0x00, 0x6d,
0x05, 0x2d, 0x00, 0xc1, 0x05, 0x2d, 0x00, 0x61, 0x05, 0x2d, 0x00, 0x54, 0x05, 0x2d, 0x00, 0x93,
0x05, 0x2d, 0x00, 0x93, 0x02, 0x26, 0x00, 0x4a, 0x02, 0x26, 0x00, 0x75, 0x02, 0x26, 0x00, 0x75,
0x02, 0x26, 0x00, 0x75, 0x02, 0x26, 0x00, 0x4a, 0x03, 0x20, 0x00, 0xc5, 0x03, 0x20, 0x00, 0x66,
0x03, 0x20, 0x00, 0x2e, 0x03, 0x20, 0x00, 0x66, 0x03, 0x20, 0x00, 0xef, 0x03, 0x20, 0x00, 0x66,
0x03, 0x20, 0x00, 0xc5, 0x03, 0x20, 0x00, 0x66, 0x03, 0x20, 0x00, 0x2e, 0x03, 0x20, 0x00, 0x66,
0x03, 0x20, 0x00, 0xef, 0x03, 0x20, 0x00, 0x66, 0x05, 0x2d, 0x01, 0x45, 0x05, 0x2d, 0x01, 0x45,
0x05, 0x2d, 0x00, 0xa5, 0x05, 0x2d, 0x00, 0xa5, 0x05, 0x2d, 0x00, 0xb4, 0x05, 0x2d, 0x00, 0x9f,
0x05, 0x2d, 0x00, 0x9c, 0x05, 0x2d, 0x00, 0xa8, 0x05, 0x2d, 0x00, 0xa5, 0x05, 0x2d, 0x00, 0x80,
0x05, 0x2d, 0x00, 0xfd, 0x05, 0x2d, 0x00, 0xa5, 0x05, 0x2d, 0x00, 0xa5, 0x05, 0x2d, 0x00, 0xb4,
0x05, 0x2d, 0x00, 0x9f, 0x05, 0x2d, 0x00, 0x9c, 0x05, 0x2d, 0x00, 0xa8, 0x05, 0x2d, 0x00, 0xa5,
0x05, 0x2d, 0x00, 0x80, 0x05, 0x2d, 0x00, 0xa9, 0x02, 0x26, 0x00, 0x00, 0x02, 0x26, 0x00, 0x00,
0x05, 0x4d, 0x00, 0x59, 0x02, 0x92, 0x00, 0xa6, 0x02, 0x92, 0x00, 0xa6, 0x04, 0x59, 0x00, 0x50,
0x04, 0x59, 0x00, 0x62, 0x04, 0x53, 0x00, 0x50, 0x04, 0x53, 0x00, 0x62, 0x02, 0xfc, 0x00, 0xba,
0x02, 0xfc, 0x00, 0x4d, 0x02, 0xfc, 0x00, 0xc4, 0x02, 0xfc, 0x00, 0x6d, 0x03, 0xa3, 0x00, 0x8d,
0x03, 0xa3, 0x00, 0x6d, 0x07, 0xfe, 0x00, 0x67, 0x02, 0xfc, 0x00, 0xba, 0x02, 0xfc, 0x00, 0x4d,
0x02, 0xfc, 0x00, 0xc4, 0x02, 0xfc, 0x00, 0x6d, 0x03, 0xa3, 0x00, 0x8d, 0x03, 0xa3, 0x00, 0x6d,
0x07, 0xfe, 0x00, 0x67, 0x05, 0x26, 0x00, 0x1a, 0x05, 0xfe, 0x00, 0x82, 0x03, 0x08, 0x00, 0x22,
0x02, 0xdf, 0x00, 0xf6, 0x02, 0x87, 0x00, 0xce, 0x03, 0x08, 0x00, 0x22, 0x03, 0xb9, 0x00, 0x8d,
0x03, 0xb9, 0x00, 0x8d, 0x02, 0x5a, 0x00, 0xa4, 0x02, 0x9b, 0x00, 0xcd, 0x04, 0x2f, 0x00, 0xcd,
0x02, 0x8d, 0x00, 0x7b, 0x02, 0x8d, 0x00, 0xa6, 0x02, 0x8d, 0x00, 0xa6, 0x02, 0x8d, 0x00, 0xa6,
0x02, 0xa2, 0x00, 0x7b, 0x02, 0x8d, 0x00, 0xa6, 0x03, 0x53, 0x00, 0x5d, 0x03, 0x53, 0x00, 0x4c,
0x05, 0x13, 0x00, 0x5d, 0x05, 0x13, 0x00, 0x4c, 0x05, 0x62, 0x00, 0xa9, 0x05, 0x62, 0x00, 0xd8,
0x05, 0x62, 0x00, 0xcf, 0x05, 0x62, 0x00, 0xbb, 0x05, 0x62, 0x00, 0xb8, 0x05, 0x62, 0x00, 0xc4,
0x05, 0x62, 0x00, 0xc0, 0x05, 0x62, 0x00, 0x9c, 0x05, 0x62, 0x00, 0xa9, 0x05, 0x62, 0x00, 0xd8,
0x05, 0x62, 0x00, 0xcf, 0x05, 0x62, 0x00, 0xbb, 0x05, 0x62, 0x00, 0xb8, 0x05, 0x62, 0x00, 0xc4,
0x05, 0x62, 0x00, 0xc0, 0x05, 0x62, 0x00, 0x9c, 0x05, 0x62, 0x00, 0xda, 0x03, 0xc1, 0x00, 0x00,
0x03, 0xda, 0x00, 0x49, 0x04, 0x51, 0x00, 0x91, 0x05, 0x50, 0x00, 0xbb, 0x05, 0x4f, 0x00, 0x62,
0x07, 0x50, 0x00, 0xa8, 0x03, 0xaa, 0x00, 0x78, 0x03, 0xaf, 0x00, 0x3b, 0x03, 0xe6, 0x00, 0x46,
0x01, 0xb8, 0x00, 0x4c, 0x03, 0xa0, 0x00, 0x54, 0x04, 0xcd, 0x00, 0x59, 0x04, 0x8c, 0x00, 0x67,
0x03, 0x54, 0x00, 0x46, 0x03, 0x9c, 0x00, 0x72, 0x03, 0x61, 0x00, 0x54, 0x03, 0x9c, 0x00, 0x54,
0x03, 0x6f, 0x00, 0x54, 0x02, 0x54, 0x00, 0x28, 0x03, 0x9e, 0x00, 0x54, 0x03, 0xa0, 0x00, 0x72,
0x01, 0xb8, 0x00, 0x6f, 0x01, 0xb9, 0xff, 0xfb, 0x03, 0x56, 0x00, 0x72, 0x01, 0xb8, 0x00, 0x72,
0x05, 0x24, 0x00, 0x72, 0x03, 0xa0, 0x00, 0x72, 0x03, 0x83, 0x00, 0x54, 0x03, 0x9c, 0x00, 0x72,
0x03, 0x9c, 0x00, 0x54, 0x02, 0x6f, 0x00, 0x72, 0x03, 0x43, 0x00, 0x57, 0x02, 0x1f, 0x00, 0x28,
0x03, 0xa0, 0x00, 0x72, 0x03, 0x86, 0x00, 0x34, 0x04, 0xc9, 0x00, 0x2d, 0x03, 0x65, 0x00, 0x3a,
0x03, 0x8c, 0x00, 0x34, 0x03, 0x56, 0x00, 0x71, 0x03, 0xde, 0x00, 0x5e, 0x03, 0xde, 0x00, 0x5e,
0x02, 0x97, 0x00, 0x6b, 0x02, 0x85, 0x00, 0x62, 0x03, 0xa1, 0x00, 0x66, 0x03, 0xb5, 0x00, 0x62,
0x03, 0xb9, 0x00, 0x62, 0x03, 0xd3, 0x00, 0x65, 0x03, 0xd3, 0x00, 0x65, 0x03, 0xb4, 0x00, 0x7e,
0x03, 0xb7, 0x00, 0x5e, 0x03, 0x8a, 0x00, 0x5e, 0x03, 0x58, 0x00, 0x51, 0x03, 0xc4, 0x00, 0x5e,
0x03, 0xb7, 0x00, 0x5e, 0x03, 0x8a, 0x00, 0x5e, 0x02, 0x45, 0x00, 0x8e, 0x02, 0x45, 0x00, 0x4a,
0x02, 0x45, 0x00, 0x99, 0x02, 0x45, 0x00, 0x65, 0x03, 0xa7, 0x00, 0x91, 0x03, 0xa7, 0x00, 0x98,
0x03, 0x54, 0x00, 0x46, 0x03, 0x9c, 0x00, 0x72, 0x03, 0x61, 0x00, 0x54, 0x03, 0x9c, 0x00, 0x54,
0x03, 0x6f, 0x00, 0x54, 0x02, 0x54, 0x00, 0x28, 0x03, 0x9e, 0x00, 0x54, 0x03, 0xa0, 0x00, 0x72,
0x01, 0xb8, 0x00, 0x6f, 0x01, 0xb9, 0xff, 0xfb, 0x03, 0x56, 0x00, 0x72, 0x01, 0xb8, 0x00, 0x72,
0x05, 0x24, 0x00, 0x72, 0x03, 0xa0, 0x00, 0x72, 0x03, 0x83, 0x00, 0x54, 0x03, 0x9c, 0x00, 0x72,
0x03, 0x9c, 0x00, 0x54, 0x02, 0x6f, 0x00, 0x72, 0x03, 0x43, 0x00, 0x57, 0x02, 0x1f, 0x00, 0x28,
0x03, 0xa0, 0x00, 0x72, 0x03, 0x86, 0x00, 0x34, 0x04, 0xc9, 0x00, 0x2d, 0x03, 0x65, 0x00, 0x3a,
0x03, 0x8c, 0x00, 0x34, 0x03, 0x56, 0x00, 0x71, 0x03, 0xde, 0x00, 0x5e, 0x03, 0xde, 0x00, 0x5e,
0x02, 0x97, 0x00, 0x6b, 0x02, 0x85, 0x00, 0x62, 0x03, 0xa1, 0x00, 0x66, 0x03, 0xb5, 0x00, 0x62,
0x03, 0xb9, 0x00, 0x62, 0x03, 0xd3, 0x00, 0x65, 0x03, 0xd3, 0x00, 0x65, 0x03, 0xb4, 0x00, 0x7e,
0x03, 0xb7, 0x00, 0x5e, 0x03, 0x8a, 0x00, 0x5e, 0x03, 0x58, 0x00, 0x51, 0x03, 0xc4, 0x00, 0x5e,
0x03, 0xb7, 0x00, 0x5e, 0x03, 0x8a, 0x00, 0x5e, 0x02, 0x45, 0x00, 0x8e, 0x02, 0x45, 0x00, 0x4a,
0x02, 0x45, 0x00, 0x99, 0x02, 0x45, 0x00, 0x65, 0x03, 0xa7, 0x00, 0x91, 0x03, 0xa7, 0x00, 0x98,
0x01, 0xa3, 0xfe, 0x70, 0x03, 0x2b, 0x00, 0x47, 0x03, 0x30, 0x00, 0x46, 0x02, 0x27, 0x00, 0x4f,
0x02, 0x14, 0x00, 0x42, 0x02, 0xf6, 0x00, 0x50, 0x03, 0x15, 0x00, 0x53, 0x03, 0x1d, 0x00, 0x53,
0x03, 0x2c, 0x00, 0x51, 0x03, 0x2c, 0x00, 0x51, 0x03, 0x11, 0x00, 0x6d, 0x03, 0x19, 0x00, 0x47,
0x02, 0xdc, 0x00, 0x47, 0x02, 0xc6, 0x00, 0x3e, 0x03, 0x19, 0x00, 0x47, 0x03, 0x19, 0x00, 0x47,
0x02, 0xdc, 0x00, 0x47, 0x03, 0x22, 0x00, 0x74, 0x03, 0x23, 0x00, 0x7c, 0x01, 0xe8, 0x00, 0x74,
0x01, 0xe8, 0x00, 0x32, 0x02, 0x0a, 0x00, 0x85, 0x02, 0x0a, 0x00, 0x62, 0x02, 0x0a, 0x00, 0x72,
0x02, 0x0a, 0x00, 0x8e, 0x03, 0x2b, 0x00, 0x47, 0x03, 0x30, 0x00, 0x46, 0x02, 0x27, 0x00, 0x4f,
0x02, 0x14, 0x00, 0x42, 0x02, 0xf6, 0x00, 0x50, 0x03, 0x15, 0x00, 0x53, 0x03, 0x1d, 0x00, 0x53,
0x03, 0x2c, 0x00, 0x51, 0x03, 0x2c, 0x00, 0x51, 0x03, 0x11, 0x00, 0x6d, 0x03, 0x19, 0x00, 0x47,
0x02, 0xdc, 0x00, 0x47, 0x02, 0xc6, 0x00, 0x3e, 0x03, 0x19, 0x00, 0x47, 0x03, 0x19, 0x00, 0x47,
0x02, 0xdc, 0x00, 0x47, 0x03, 0x22, 0x00, 0x74, 0x03, 0x23, 0x00, 0x7c, 0x01, 0xe8, 0x00, 0x74,
0x01, 0xe8, 0x00, 0x32, 0x02, 0x0a, 0x00, 0x85, 0x02, 0x0a, 0x00, 0x62, 0x02, 0x0a, 0x00, 0x72,
0x02, 0x0a, 0x00, 0x8e, 0x06, 0xf5, 0x00, 0x4f, 0x06, 0xa6, 0x00, 0x4f, 0x07, 0x42, 0x00, 0x53,
0x08, 0x09, 0x00, 0xc8, 0x02, 0xcf, 0x00, 0xa9, 0x02, 0xcf, 0x00, 0x9d, 0x04, 0xe5, 0x01, 0x0e,
0x03, 0x9d, 0x00, 0xb1, 0x02, 0xa8, 0x00, 0xd1, 0x00, 0x00, 0x00, 0xa9, 0x00, 0x00, 0x00, 0x9d,
0x00, 0x00, 0x00, 0xb1, 0x00, 0x00, 0x00, 0xba, 0x02, 0x04, 0x00, 0x00, 0x02, 0x04, 0x00, 0x00,
0x01, 0x53, 0x00, 0x00, 0x08, 0xca, 0x00, 0x96, 0x07, 0xa2, 0x00, 0xca, 0x0a, 0xba, 0x00, 0xca,
0x15, 0x74, 0x00, 0xca, 0x0a, 0xba, 0x00, 0xca, 0x07, 0xa2, 0x01, 0x00, 0x0a, 0xba, 0x01, 0x00,
0x15, 0x74, 0x01, 0x00, 0x07, 0xa2, 0x01, 0x00, 0x0a, 0xba, 0x01, 0x00, 0x0a, 0xba, 0x00, 0xca,
0x0e, 0x00, 0x00, 0xca, 0x0a, 0xba, 0x00, 0xca, 0x0e, 0x00, 0x00, 0xca, 0x07, 0xa2, 0x00, 0xca,
0x0a, 0xba, 0x00, 0xca, 0x15, 0x74, 0x00, 0xca, 0x0a, 0xba, 0x00, 0xca, 0x07, 0xa2, 0x01, 0x00,
0x0a, 0xba, 0x01, 0x00, 0x15, 0x74, 0x01, 0x00, 0x07, 0xa2, 0x01, 0x00, 0x0a, 0xba, 0x01, 0x00,
0x0a, 0xba, 0x00, 0xca, 0x0e, 0x00, 0x00, 0xca, 0x0a, 0xba, 0x00, 0xca, 0x0e, 0x00, 0x00, 0xca,
0x0b, 0x1e, 0x00, 0x18, 0x0b, 0x0c, 0x00, 0x40, 0x0b, 0x1e, 0x00, 0x18, 0x0b, 0x1e, 0x00, 0x18,
0x0b, 0x1e, 0x00, 0x18, 0x0b, 0x1e, 0x00, 0x18, 0x0b, 0x1e, 0x00, 0x18, 0x0b, 0x1e, 0x00, 0x18,
0x0b, 0x1e, 0x00, 0x18, 0x0b, 0x1e, 0x00, 0x18, 0x0b, 0x1e, 0x00, 0x18, 0x0b, 0x1e, 0x00, 0x18,
0x0b, 0x1e, 0x00, 0x18, 0x0b, 0x1e, 0x00, 0x18, 0x0b, 0x1e, 0x00, 0x18, 0x0b, 0x1e, 0x00, 0x18,
0x0b, 0x1e, 0x00, 0x18, 0x0b, 0x1e, 0x00, 0x18, 0x0b, 0x1e, 0x00, 0x18, 0x0b, 0x1e, 0x00, 0x18,
0x0b, 0x1e, 0x00, 0x18, 0x0b, 0x1e, 0x00, 0x18, 0x0b, 0x1e, 0x00, 0x18, 0x0b, 0x1e, 0x00, 0x18,
0x0b, 0x1e, 0x00, 0x18, 0x0b, 0x1e, 0x00, 0x18, 0x0b, 0x1e, 0x00, 0x18, 0x0b, 0x1e, 0x00, 0x18,
0x0b, 0x1e, 0x00, 0x18, 0x0b, 0x1e, 0x00, 0x18, 0x0b, 0x1e, 0x00, 0x18, 0x0b, 0x1e, 0x00, 0x18,
0x0b, 0x1e, 0x00, 0x18, 0x0b, 0x1e, 0x00, 0x18, 0x0b, 0x1e, 0x00, 0x18, 0x0b, 0x1e, 0x00, 0x18,
0x0b, 0x1e, 0x00, 0x18, 0x0b, 0x1e, 0x00, 0x18, 0x0b, 0x1e, 0x00, 0x18, 0x0b, 0x1e, 0x00, 0x18,
0x0b, 0x1e, 0x00, 0x18, 0x0b, 0x1e, 0x00, 0x18, 0x0b, 0x1e, 0x00, 0x18, 0x0b, 0x1e, 0x00, 0x18,
0x0b, 0x1e, 0x00, 0x18, 0x0b, 0x1e, 0x00, 0x18, 0x0b, 0x1e, 0x00, 0x18, 0x0b, 0x1e, 0x00, 0x18,
0x0b, 0x1e, 0x00, 0x18, 0x0b, 0x1e, 0x00, 0x18, 0x0b, 0x1e, 0x00, 0x18, 0x0b, 0x1e, 0x00, 0x18,
0x0b, 0x1e, 0x00, 0x18, 0x0b, 0x1e, 0x00, 0x18, 0x0b, 0x1e, 0x00, 0x18, 0x0b, 0x1e, 0x00, 0x18,
0x0b, 0x1e, 0x00, 0x18, 0x0b, 0x0c, 0x00, 0x40, 0x0b, 0x0c, 0x00, 0x40, 0x0b, 0x0c, 0x00, 0x40,
0x0b, 0x0c, 0x00, 0x40, 0x0b, 0x0c, 0x00, 0x40, 0x0b, 0x0c, 0x00, 0x40, 0x0b, 0x0c, 0x00, 0x40,
0x0b, 0x0c, 0x00, 0x40, 0x0b, 0x0c, 0x00, 0x40, 0x0b, 0x0c, 0x00, 0x40, 0x0b, 0x0c, 0x00, 0x40,
0x0b, 0x0c, 0x00, 0x40, 0x0b, 0x0c, 0x00, 0x40, 0x0b, 0x0c, 0x00, 0x40, 0x0b, 0x0c, 0x00, 0x40,
0x0b, 0x0c, 0x00, 0x40, 0x0b, 0x0c, 0x00, 0x40, 0x0b, 0x0c, 0x00, 0x40, 0x0b, 0x0c, 0x00, 0x40,
0x0b, 0x0c, 0x00, 0x40, 0x0b, 0x0c, 0x00, 0x40, 0x0b, 0x0c, 0x00, 0x40, 0x0b, 0x0c, 0x00, 0x40,
0x0b, 0x0c, 0x00, 0x40, 0x0b, 0x0c, 0x00, 0x40, 0x0b, 0x0c, 0x00, 0x40, 0x0b, 0x0c, 0x00, 0x40,
0x0b, 0x0c, 0x00, 0x40, 0x0b, 0x0c, 0x00, 0x40, 0x0b, 0x0c, 0x00, 0x40, 0x0b, 0x0c, 0x00, 0x40,
0x0b, 0x0c, 0x00, 0x40, 0x0b, 0x0c, 0x00, 0x40, 0x0b, 0x0c, 0x00, 0x40, 0x0b, 0x0c, 0x00, 0x40,
0x0b, 0x0c, 0x00, 0x40, 0x0b, 0x0c, 0x00, 0x40, 0x0b, 0x0c, 0x00, 0x40, 0x0b, 0x0c, 0x00, 0x40,
0x0b, 0x0c, 0x00, 0x40, 0x0b, 0x0c, 0x00, 0x40, 0x0b, 0x0c, 0x00, 0x40, 0x0b, 0x0c, 0x00, 0x40,
0x0b, 0x0c, 0x00, 0x40, 0x0b, 0x0c, 0x00, 0x40, 0x0b, 0x0c, 0x00, 0x40, 0x0b, 0x0c, 0x00, 0x40,
0x0b, 0x0c, 0x00, 0x40, 0x0b, 0x0c, 0x00, 0x40, 0x0b, 0x0c, 0x00, 0x40, 0x0b, 0x0c, 0x00, 0x40,
0x0b, 0x0c, 0x00, 0x40, 0x0b, 0x0c, 0x00, 0x40, 0x0b, 0x0c, 0x00, 0x40, 0x0b, 0x0c, 0x00, 0x40,
0x0b, 0x0c, 0x00, 0x40, 0x02, 0x8d, 0x00, 0x8f, 0x02, 0x8d, 0x00, 0x8f, 0x02, 0x7b, 0x00, 0x92,
0x05, 0xd2, 0x00, 0x32, 0x04, 0xd8, 0x00, 0x96, 0x02, 0x37, 0xff, 0xc9, 0x06, 0x26, 0x00, 0x67,
0x05, 0xe3, 0x00, 0x96, 0x03, 0xb8, 0x00, 0x50, 0x04, 0x98, 0x00, 0x4c, 0x04, 0xbb, 0x00, 0x59,
0x02, 0x18, 0x00, 0x85, 0x02, 0x18, 0xff, 0xb9, 0x02, 0x18, 0xff, 0xd6, 0x03, 0x5a, 0x00, 0x8a,
0x04, 0xdf, 0x00, 0x59, 0x04, 0xe6, 0x00, 0x8a, 0x04, 0xb5, 0x00, 0x27, 0x04, 0xfe, 0x00, 0x59,
0x03, 0xa5, 0x00, 0x8a, 0x04, 0xe5, 0x00, 0x8a, 0x02, 0x8d, 0x00, 0xb2, 0x02, 0x8d, 0x00, 0xb2,
0x02, 0x8d, 0x00, 0xb2, 0x02, 0x8d, 0x00, 0xb2, 0x02, 0x7a, 0x00, 0xa9, 0x04, 0x59, 0x00, 0x50,
0x02, 0x8d, 0x00, 0xb2, 0x02, 0x8d, 0x00, 0xb2, 0x02, 0x26, 0x00, 0x7f, 0x02, 0x26, 0x00, 0x7f,
0x02, 0x26, 0x00, 0x7f, 0x02, 0x26, 0x00, 0x7f, 0x02, 0x26, 0x00, 0x7f, 0x00, 0x00, 0x01, 0x20,
0x00, 0x00, 0x00, 0x90, 0x04, 0xe5, 0x01, 0x20, 0x06, 0x03, 0x00, 0x14, 0x04, 0x95, 0x00, 0x99,
0x00, 0x00, 0x01, 0x0e, 0x00, 0x00, 0x00, 0x7f, 0x00, 0x00, 0x00, 0x4f, 0x00, 0x00, 0x00, 0x50,
0x00, 0x00, 0x00, 0xd1, 0x00, 0x00, 0x00, 0x50, 0x04, 0xd2, 0x00, 0x12, 0x04, 0xdd, 0x00, 0x52,
0x02, 0x92, 0x00, 0xa6, 0x03, 0x84, 0x00, 0x32, 0x00, 0x01, 0x00, 0x00, 0x07, 0xc0, 0xfe, 0x12,
0x00, 0x00, 0x15, 0x74, 0xf9, 0xd4, 0xf6, 0x73, 0x14, 0xaa, 0x08, 0x00, 0x00, 0x00, 0x00, 0x00,
0x00, 0x00, 0x00, 0x00, 0x00, 0x00, 0x00, 0x00, 0x00, 0x00, 0x02, 0x80, 0x00, 0x04, 0x05, 0x38,
0x02, 0x58, 0x00, 0x05, 0x00, 0x00, 0x05, 0x33, 0x04, 0xcd, 0x00, 0x00, 0x00, 0x9a, 0x05, 0x33,
0x04, 0xcd, 0x00, 0x00, 0x02, 0xcd, 0x00, 0xad, 0x02, 0x9f, 0x00, 0x00, 0x02, 0x00, 0x07, 0x03,
0x00, 0x00, 0x00, 0x02, 0x00, 0x04, 0x00, 0x00, 0x00, 0x03, 0x00, 0x00, 0x00, 0x00, 0x00, 0x00,
0x00, 0x00, 0x00, 0x00, 0x00, 0x00, 0x52, 0x53, 0x4d, 0x53, 0x00, 0xc0, 0x00, 0x20, 0x00, 0xff,
0x07, 0xc0, 0xfe, 0x12, 0x00, 0x00, 0x07, 0xc0, 0x01, 0xee, 0x00, 0x00, 0x00, 0x01, 0x00, 0x00,
0x00, 0x00, 0x04, 0x5e, 0x05, 0xd2, 0x00, 0x00, 0x00, 0x20, 0x00, 0x0c, 0x00, 0x00, 0x00, 0x02,
0x00, 0x00, 0x00, 0x03, 0x00, 0x00, 0x00, 0x14, 0x00, 0x03, 0x00, 0x01, 0x00, 0x00, 0x00, 0x14,
0x00, 0x04, 0x01, 0xa8, 0x00, 0x00, 0x00, 0x0c, 0x00, 0x08, 0x00, 0x02, 0x00, 0x04, 0x00, 0x2f,
0x00, 0x39, 0x00, 0x7e, 0x00, 0xac, 0x00, 0xff, 0xff, 0xff, 0x00, 0x00, 0x00, 0x20, 0x00, 0x30,
0x00, 0x3a, 0x00, 0xa0, 0x00, 0xae, 0xff, 0xff, 0x00, 0x00, 0x00, 0x63, 0x00, 0x00, 0x00, 0x00,
0x00, 0x00, 0x00, 0x01, 0x00, 0x0c, 0x00, 0x00, 0x00, 0x28, 0x00, 0xb0, 0x00, 0xc8, 0x00, 0x00,
0x01, 0xc0, 0x00, 0xdb, 0x00, 0xf9, 0x00, 0xef, 0x00, 0x8f, 0x01, 0xb6, 0x00, 0xda, 0x00, 0xf8,
0x00, 0xe1, 0x00, 0xe2, 0x01, 0x17, 0x01, 0x07, 0x00, 0xfa, 0x00, 0xf5, 0x00, 0xfb, 0x00, 0xf1,
0x00, 0xfc, 0x00, 0xfe, 0x01, 0x04, 0x01, 0x06, 0x01, 0x05, 0x00, 0xdd, 0x00, 0xe7, 0x00, 0x01,
0x00, 0x09, 0x00, 0x0a, 0x00, 0x0c, 0x00, 0x0d, 0x00, 0x12, 0x00, 0x13, 0x00, 0x15, 0x00, 0x16,
0x00, 0x20, 0x00, 0x21, 0x00, 0x22, 0x00, 0x23, 0x00, 0x24, 0x00, 0x26, 0x00, 0x2d, 0x00, 0x2e,
0x00, 0x2f, 0x00, 0x30, 0x00, 0x31, 0x00, 0x32, 0x00, 0x37, 0x00, 0x38, 0x00, 0x39, 0x00, 0x3a,
0x00, 0x3c, 0x00, 0xe3, 0x00, 0xf4, 0x00, 0xe4, 0x01, 0x16, 0x01, 0x15, 0x01, 0xb8, 0x00, 0x3d,
0x00, 0x4c, 0x00, 0x4e, 0x00, 0x50, 0x00, 0x51, 0x00, 0x56, 0x00, 0x5a, 0x00, 0x5b, 0x00, 0x5c,
0x00, 0x63, 0x00, 0x64, 0x00, 0x65, 0x00, 0x69, 0x00, 0x6a, 0x00, 0x6c, 0x00, 0x73, 0x00, 0x74,
0x00, 0x75, 0x00, 0x76, 0x00, 0x79, 0x00, 0x7b, 0x00, 0x86, 0x00, 0x87, 0x00, 0x88, 0x00, 0x89,
0x00, 0x8c, 0x00, 0xe5, 0x00, 0xf2, 0x00, 0xe6, 0x01, 0x0b, 0x01, 0xc1, 0x00, 0xdc, 0x00, 0x90,
0x00, 0x92, 0x00, 0xf0, 0x00, 0x91, 0x00, 0xf3, 0x01, 0x21, 0x01, 0xb9, 0x01, 0x1a, 0x01, 0x1c,
0x01, 0x02, 0x01, 0x14, 0x01, 0x19, 0x01, 0xba, 0x01, 0x1b, 0x01, 0x0a, 0x01, 0x40, 0x01, 0x41,
0x01, 0xb7, 0x00, 0x7d, 0x01, 0x20, 0x00, 0xff, 0x01, 0xbb, 0x01, 0x3e, 0x01, 0x1d, 0x01, 0x03,
0x01, 0xb4, 0x01, 0xb3, 0x01, 0xb5, 0x00, 0xde, 0x00, 0x04, 0x00, 0x05, 0x00, 0x06, 0x00, 0x03,
0x00, 0x02, 0x00, 0x07, 0x00, 0x08, 0x00, 0x0b, 0x00, 0x0e, 0x00, 0x0f, 0x00, 0x10, 0x00, 0x11,
0x00, 0x18, 0x00, 0x19, 0x00, 0x1a, 0x00, 0x17, 0x02, 0x74, 0x00, 0x25, 0x00, 0x2a, 0x00, 0x2b,
0x00, 0x2c, 0x00, 0x28, 0x00, 0x27, 0x01, 0x08, 0x00, 0x29, 0x00, 0x33, 0x00, 0x34, 0x00, 0x35,
0x00, 0x36, 0x00, 0x3b, 0x00, 0x8d, 0x00, 0x77, 0x00, 0x41, 0x00, 0x3e, 0x00, 0x3f, 0x00, 0x43,
0x00, 0x40, 0x00, 0x42, 0x00, 0x44, 0x00, 0x4f, 0x00, 0x53, 0x00, 0x54, 0x00, 0x55, 0x00, 0x52,
0x00, 0x5f, 0x00, 0x60, 0x00, 0x61, 0x00, 0x5e, 0x00, 0x8e, 0x00, 0x6b, 0x00, 0x70, 0x00, 0x71,
0x00, 0x72, 0x00, 0x6e, 0x00, 0x6d, 0x01, 0x09, 0x00, 0x6f, 0x00, 0x7e, 0x00, 0x7f, 0x00, 0x80,
0x00, 0x7c, 0x00, 0x8b, 0x00, 0x4d, 0x00, 0x8a, 0xb0, 0x00, 0x2c, 0x20, 0xb0, 0x00, 0x55, 0x58,
0x45, 0x59, 0x20, 0x20, 0x4b, 0xb8, 0x00, 0x0e, 0x51, 0x4b, 0xb0, 0x06, 0x53, 0x5a, 0x58, 0xb0,
0x34, 0x1b, 0xb0, 0x28, 0x59, 0x60, 0x66, 0x20, 0x8a, 0x55, 0x58, 0xb0, 0x02, 0x25, 0x61, 0xb9,
0x08, 0x00, 0x08, 0x00, 0x63, 0x63, 0x23, 0x62, 0x1b, 0x21, 0x21, 0xb0, 0x00, 0x59, 0xb0, 0x00,
0x43, 0x23, 0x44, 0xb2, 0x00, 0x01, 0x00, 0x43, 0x60, 0x42, 0x2d, 0xb0, 0x01, 0x2c, 0xb0, 0x20,
0x60, 0x66, 0x2d, 0xb0, 0x02, 0x2c, 0x23, 0x21, 0x23, 0x21, 0x2d, 0xb0, 0x03, 0x2c, 0x20, 0x64,
0xb3, 0x03, 0x14, 0x15, 0x00, 0x42, 0x43, 0xb0, 0x13, 0x43, 0x20, 0x60, 0x60, 0x42, 0xb1, 0x02,
0x14, 0x43, 0x42, 0xb1, 0x25, 0x03, 0x43, 0xb0, 0x02, 0x43, 0x54, 0x78, 0x20, 0xb0, 0x0c, 0x23,
0xb0, 0x02, 0x43, 0x43, 0x61, 0x64, 0xb0, 0x04, 0x50, 0x78, 0xb2, 0x02, 0x02, 0x02, 0x43, 0x60,
0x42, 0xb0, 0x21, 0x65, 0x1c, 0x21, 0xb0, 0x02, 0x43, 0x43, 0xb2, 0x0e, 0x15, 0x01, 0x42, 0x1c,
0x20, 0xb0, 0x02, 0x43, 0x23, 0x42, 0xb2, 0x13, 0x01, 0x13, 0x43, 0x60, 0x42, 0x23, 0xb0, 0x00,
0x50, 0x58, 0x65, 0x59, 0xb2, 0x16, 0x01, 0x02, 0x43, 0x60, 0x42, 0x2d, 0xb0, 0x04, 0x2c, 0xb0,
0x03, 0x2b, 0xb0, 0x15, 0x43, 0x58, 0x23, 0x21, 0x23, 0x21, 0xb0, 0x16, 0x43, 0x43, 0x23, 0xb0,
0x00, 0x50, 0x58, 0x65, 0x59, 0x1b, 0x20, 0x64, 0x20, 0xb0, 0xc0, 0x50, 0xb0, 0x04, 0x26, 0x5a,
0xb2, 0x28, 0x01, 0x0d, 0x43, 0x45, 0x63, 0x45, 0xb0, 0x06, 0x45, 0x58, 0x21, 0xb0, 0x03, 0x25,
0x59, 0x52, 0x5b, 0x58, 0x21, 0x23, 0x21, 0x1b, 0x8a, 0x58, 0x20, 0xb0, 0x50, 0x50, 0x58, 0x21,
0xb0, 0x40, 0x59, 0x1b, 0x20, 0xb0, 0x38, 0x50, 0x58, 0x21, 0xb0, 0x38, 0x59, 0x59, 0x20, 0xb1,
0x01, 0x0d, 0x43, 0x45, 0x63, 0x45, 0x61, 0x64, 0xb0, 0x28, 0x50, 0x58, 0x21, 0xb1, 0x01, 0x0d,
0x43, 0x45, 0x63, 0x45, 0x20, 0xb0, 0x30, 0x50, 0x58, 0x21, 0xb0, 0x30, 0x59, 0x1b, 0x20, 0xb0,
0xc0, 0x50, 0x58, 0x20, 0x66, 0x20, 0x8a, 0x8a, 0x61, 0x20, 0xb0, 0x0a, 0x50, 0x58, 0x60, 0x1b,
0x20, 0xb0, 0x20, 0x50, 0x58, 0x21, 0xb0, 0x0a, 0x60, 0x1b, 0x20, 0xb0, 0x36, 0x50, 0x58, 0x21,
0xb0, 0x36, 0x60, 0x1b, 0x60, 0x59, 0x59, 0x59, 0x1b, 0xb0, 0x02, 0x25, 0xb0, 0x0c, 0x43, 0x63,
0xb0, 0x00, 0x52, 0x58, 0xb0, 0x00, 0x4b, 0xb0, 0x0a, 0x50, 0x58, 0x21, 0xb0, 0x0c, 0x43, 0x1b,
0x4b, 0xb0, 0x1e, 0x50, 0x58, 0x21, 0xb0, 0x1e, 0x4b, 0x61, 0xb8, 0x10, 0x00, 0x63, 0xb0, 0x0c,
0x43, 0x63, 0xb8, 0x05, 0x00, 0x62, 0x59, 0x59, 0x64, 0x61, 0x59, 0xb0, 0x01, 0x2b, 0x59, 0x59,
0x23, 0xb0, 0x00, 0x50, 0x58, 0x65, 0x59, 0x59, 0x20, 0x64, 0xb0, 0x16, 0x43, 0x23, 0x42, 0x59,
0x2d, 0xb0, 0x05, 0x2c, 0x20, 0x45, 0x20, 0xb0, 0x04, 0x25, 0x61, 0x64, 0x20, 0xb0, 0x07, 0x43,
0x50, 0x58, 0xb0, 0x07, 0x23, 0x42, 0xb0, 0x08, 0x23, 0x42, 0x1b, 0x21, 0x21, 0x59, 0xb0, 0x01,
0x60, 0x2d, 0xb0, 0x06, 0x2c, 0x23, 0x21, 0x23, 0x21, 0xb0, 0x03, 0x2b, 0x20, 0x64, 0xb1, 0x07,
0x62, 0x42, 0x20, 0xb0, 0x08, 0x23, 0x42, 0xb0, 0x06, 0x45, 0x58, 0x1b, 0xb1, 0x01, 0x0d, 0x43,
0x45, 0x63, 0xb1, 0x01, 0x0d, 0x43, 0xb0, 0x07, 0x60, 0x45, 0x63, 0xb0, 0x05, 0x2a, 0x21, 0x20,
0xb0, 0x08, 0x43, 0x20, 0x8a, 0x20, 0x8a, 0xb0, 0x01, 0x2b, 0xb1, 0x30, 0x05, 0x25, 0xb0, 0x04,
0x26, 0x51, 0x58, 0x60, 0x50, 0x1b, 0x61, 0x52, 0x59, 0x58, 0x23, 0x59, 0x21, 0x59, 0x20, 0xb0,
0x40, 0x53, 0x58, 0xb0, 0x01, 0x2b, 0x1b, 0x21, 0xb0, 0x40, 0x59, 0x23, 0xb0, 0x00, 0x50, 0x58,
0x65, 0x59, 0x2d, 0xb0, 0x07, 0x2c, 0xb0, 0x09, 0x43, 0x2b, 0xb2, 0x00, 0x02, 0x00, 0x43, 0x60,
0x42, 0x2d, 0xb0, 0x08, 0x2c, 0xb0, 0x09, 0x23, 0x42, 0x23, 0x20, 0xb0, 0x00, 0x23, 0x42, 0x61,
0xb0, 0x02, 0x62, 0x66, 0xb0, 0x01, 0x63, 0xb0, 0x01, 0x60, 0xb0, 0x07, 0x2a, 0x2d, 0xb0, 0x09,
0x2c, 0x20, 0x20, 0x45, 0x20, 0xb0, 0x0e, 0x43, 0x63, 0xb8, 0x04, 0x00, 0x62, 0x20, 0xb0, 0x00,
0x50, 0x58, 0xb0, 0x40, 0x60, 0x59, 0x66, 0xb0, 0x01, 0x63, 0x60, 0x44, 0xb0, 0x01, 0x60, 0x2d,
0xb0, 0x0a, 0x2c, 0xb2, 0x09, 0x0e, 0x00, 0x43, 0x45, 0x42, 0x2a, 0x21, 0xb2, 0x00, 0x01, 0x00,
0x43, 0x60, 0x42, 0x2d, 0xb0, 0x0b, 0x2c, 0xb0, 0x00, 0x43, 0x23, 0x44, 0xb2, 0x00, 0x01, 0x00,
0x43, 0x60, 0x42, 0x2d, 0xb0, 0x0c, 0x2c, 0x20, 0x20, 0x45, 0x20, 0xb0, 0x01, 0x2b, 0x23, 0xb0,
0x00, 0x43, 0xb0, 0x04, 0x25, 0x60, 0x20, 0x45, 0x8a, 0x23, 0x61, 0x20, 0x64, 0x20, 0xb0, 0x20,
0x50, 0x58, 0x21, 0xb0, 0x00, 0x1b, 0xb0, 0x30, 0x50, 0x58, 0xb0, 0x20, 0x1b, 0xb0, 0x40, 0x59,
0x59, 0x23, 0xb0, 0x00, 0x50, 0x58, 0x65, 0x59, 0xb0, 0x03, 0x25, 0x23, 0x61, 0x44, 0x44, 0xb0,
0x01, 0x60, 0x2d, 0xb0, 0x0d, 0x2c, 0x20, 0x20, 0x45, 0x20, 0xb0, 0x01, 0x2b, 0x23, 0xb0, 0x00,
0x43, 0xb0, 0x04, 0x25, 0x60, 0x20, 0x45, 0x8a, 0x23, 0x61, 0x20, 0x64, 0xb0, 0x24, 0x50, 0x58,
0xb0, 0x00, 0x1b, 0xb0, 0x40, 0x59, 0x23, 0xb0, 0x00, 0x50, 0x58, 0x65, 0x59, 0xb0, 0x03, 0x25,
0x23, 0x61, 0x44, 0x44, 0xb0, 0x01, 0x60, 0x2d, 0xb0, 0x0e, 0x2c, 0x20, 0xb0, 0x00, 0x23, 0x42,
0xb3, 0x0d, 0x0c, 0x00, 0x03, 0x45, 0x50, 0x58, 0x21, 0x1b, 0x23, 0x21, 0x59, 0x2a, 0x21, 0x2d,
0xb0, 0x0f, 0x2c, 0xb1, 0x02, 0x02, 0x45, 0xb0, 0x64, 0x61, 0x44, 0x2d, 0xb0, 0x10, 0x2c, 0xb0,
0x01, 0x60, 0x20, 0x20, 0xb0, 0x0f, 0x43, 0x4a, 0xb0, 0x00, 0x50, 0x58, 0x20, 0xb0, 0x0f, 0x23,
0x42, 0x59, 0xb0, 0x10, 0x43, 0x4a, 0xb0, 0x00, 0x52, 0x58, 0x20, 0xb0, 0x10, 0x23, 0x42, 0x59,
0x2d, 0xb0, 0x11, 0x2c, 0x20, 0xb0, 0x10, 0x62, 0x66, 0xb0, 0x01, 0x63, 0x20, 0xb8, 0x04, 0x00,
0x63, 0x8a, 0x23, 0x61, 0xb0, 0x11, 0x43, 0x60, 0x20, 0x8a, 0x60, 0x20, 0xb0, 0x11, 0x23, 0x42,
0x23, 0x2d, 0xb0, 0x12, 0x2c, 0x4b, 0x54, 0x58, 0xb1, 0x04, 0x64, 0x44, 0x59, 0x24, 0xb0, 0x0d,
0x65, 0x23, 0x78, 0x2d, 0xb0, 0x13, 0x2c, 0x4b, 0x51, 0x58, 0x4b, 0x53, 0x58, 0xb1, 0x04, 0x64,
0x44, 0x59, 0x1b, 0x21, 0x59, 0x24, 0xb0, 0x13, 0x65, 0x23, 0x78, 0x2d, 0xb0, 0x14, 0x2c, 0xb1,
0x00, 0x12, 0x43, 0x55, 0x58, 0xb1, 0x12, 0x12, 0x43, 0xb0, 0x01, 0x61, 0x42, 0xb0, 0x11, 0x2b,
0x59, 0xb0, 0x00, 0x43, 0xb0, 0x02, 0x25, 0x42, 0xb1, 0x0f, 0x02, 0x25, 0x42, 0xb1, 0x10, 0x02,
0x25, 0x42, 0xb0, 0x01, 0x16, 0x23, 0x20, 0xb0, 0x03, 0x25, 0x50, 0x58, 0xb1, 0x01, 0x00, 0x43,
0x60, 0xb0, 0x04, 0x25, 0x42, 0x8a, 0x8a, 0x20, 0x8a, 0x23, 0x61, 0xb0, 0x10, 0x2a, 0x21, 0x23,
0xb0, 0x01, 0x61, 0x20, 0x8a, 0x23, 0x61, 0xb0, 0x10, 0x2a, 0x21, 0x1b, 0xb1, 0x01, 0x00, 0x43,
0x60, 0xb0, 0x02, 0x25, 0x42, 0xb0, 0x02, 0x25, 0x61, 0xb0, 0x10, 0x2a, 0x21, 0x59, 0xb0, 0x0f,
0x43, 0x47, 0xb0, 0x10, 0x43, 0x47, 0x60, 0xb0, 0x02, 0x62, 0x20, 0xb0, 0x00, 0x50, 0x58, 0xb0,
0x40, 0x60, 0x59, 0x66, 0xb0, 0x01, 0x63, 0x20, 0xb0, 0x0e, 0x43, 0x63, 0xb8, 0x04, 0x00, 0x62,
0x20, 0xb0, 0x00, 0x50, 0x58, 0xb0, 0x40, 0x60, 0x59, 0x66, 0xb0, 0x01, 0x63, 0x60, 0xb1, 0x00,
0x00, 0x13, 0x23, 0x44, 0xb0, 0x01, 0x43, 0xb0, 0x00, 0x3e, 0xb2, 0x01, 0x01, 0x01, 0x43, 0x60,
0x42, 0x2d, 0xb0, 0x15, 0x2c, 0x00, 0xb1, 0x00, 0x02, 0x45, 0x54, 0x58, 0xb0, 0x12, 0x23, 0x42,
0x20, 0x45, 0xb0, 0x0e, 0x23, 0x42, 0xb0, 0x0d, 0x23, 0xb0, 0x07, 0x60, 0x42, 0x20, 0x60, 0xb7,
0x18, 0x18, 0x01, 0x00, 0x11, 0x00, 0x13, 0x00, 0x42, 0x42, 0x42, 0x8a, 0x60, 0x20, 0xb0, 0x14,
0x23, 0x42, 0xb0, 0x01, 0x61, 0xb1, 0x14, 0x08, 0x2b, 0xb0, 0x8b, 0x2b, 0x1b, 0x22, 0x59, 0x2d,
0xb0, 0x16, 0x2c, 0xb1, 0x00, 0x15, 0x2b, 0x2d, 0xb0, 0x17, 0x2c, 0xb1, 0x01, 0x15, 0x2b, 0x2d,
0xb0, 0x18, 0x2c, 0xb1, 0x02, 0x15, 0x2b, 0x2d, 0xb0, 0x19, 0x2c, 0xb1, 0x03, 0x15, 0x2b, 0x2d,
0xb0, 0x1a, 0x2c, 0xb1, 0x04, 0x15, 0x2b, 0x2d, 0xb0, 0x1b, 0x2c, 0xb1, 0x05, 0x15, 0x2b, 0x2d,
0xb0, 0x1c, 0x2c, 0xb1, 0x06, 0x15, 0x2b, 0x2d, 0xb0, 0x1d, 0x2c, 0xb1, 0x07, 0x15, 0x2b, 0x2d,
0xb0, 0x1e, 0x2c, 0xb1, 0x08, 0x15, 0x2b, 0x2d, 0xb0, 0x1f, 0x2c, 0xb1, 0x09, 0x15, 0x2b, 0x2d,
0xb0, 0x2b, 0x2c, 0x23, 0x20, 0xb0, 0x10, 0x62, 0x66, 0xb0, 0x01, 0x63, 0xb0, 0x06, 0x60, 0x4b,
0x54, 0x58, 0x23, 0x20, 0x2e, 0xb0, 0x01, 0x5d, 0x1b, 0x21, 0x21, 0x59, 0x2d, 0xb0, 0x2c, 0x2c,
0x23, 0x20, 0xb0, 0x10, 0x62, 0x66, 0xb0, 0x01, 0x63, 0xb0, 0x16, 0x60, 0x4b, 0x54, 0x58, 0x23,
0x20, 0x2e, 0xb0, 0x01, 0x71, 0x1b, 0x21, 0x21, 0x59, 0x2d, 0xb0, 0x2d, 0x2c, 0x23, 0x20, 0xb0,
0x10, 0x62, 0x66, 0xb0, 0x01, 0x63, 0xb0, 0x26, 0x60, 0x4b, 0x54, 0x58, 0x23, 0x20, 0x2e, 0xb0,
0x01, 0x72, 0x1b, 0x21, 0x21, 0x59, 0x2d, 0xb0, 0x20, 0x2c, 0x00, 0xb0, 0x0f, 0x2b, 0xb1, 0x00,
0x02, 0x45, 0x54, 0x58, 0xb0, 0x12, 0x23, 0x42, 0x20, 0x45, 0xb0, 0x0e, 0x23, 0x42, 0xb0, 0x0d,
0x23, 0xb0, 0x07, 0x60, 0x42, 0x20, 0x60, 0xb0, 0x01, 0x61, 0xb5, 0x18, 0x18, 0x01, 0x00, 0x11,
0x00, 0x42, 0x42, 0x8a, 0x60, 0xb1, 0x14, 0x08, 0x2b, 0xb0, 0x8b, 0x2b, 0x1b, 0x22, 0x59, 0x2d,
0xb0, 0x21, 0x2c, 0xb1, 0x00, 0x20, 0x2b, 0x2d, 0xb0, 0x22, 0x2c, 0xb1, 0x01, 0x20, 0x2b, 0x2d,
0xb0, 0x23, 0x2c, 0xb1, 0x02, 0x20, 0x2b, 0x2d, 0xb0, 0x24, 0x2c, 0xb1, 0x03, 0x20, 0x2b, 0x2d,
0xb0, 0x25, 0x2c, 0xb1, 0x04, 0x20, 0x2b, 0x2d, 0xb0, 0x26, 0x2c, 0xb1, 0x05, 0x20, 0x2b, 0x2d,
0xb0, 0x27, 0x2c, 0xb1, 0x06, 0x20, 0x2b, 0x2d, 0xb0, 0x28, 0x2c, 0xb1, 0x07, 0x20, 0x2b, 0x2d,
0xb0, 0x29, 0x2c, 0xb1, 0x08, 0x20, 0x2b, 0x2d, 0xb0, 0x2a, 0x2c, 0xb1, 0x09, 0x20, 0x2b, 0x2d,
0xb0, 0x2e, 0x2c, 0x20, 0x3c, 0xb0, 0x01, 0x60, 0x2d, 0xb0, 0x2f, 0x2c, 0x20, 0x60, 0xb0, 0x18,
0x60, 0x20, 0x43, 0x23, 0xb0, 0x01, 0x60, 0x43, 0xb0, 0x02, 0x25, 0x61, 0xb0, 0x01, 0x60, 0xb0,
0x2e, 0x2a, 0x21, 0x2d, 0xb0, 0x30, 0x2c, 0xb0, 0x2f, 0x2b, 0xb0, 0x2f, 0x2a, 0x2d, 0xb0, 0x31,
0x2c, 0x20, 0x20, 0x47, 0x20, 0x20, 0xb0, 0x0e, 0x43, 0x63, 0xb8, 0x04, 0x00, 0x62, 0x20, 0xb0,
0x00, 0x50, 0x58, 0xb0, 0x40, 0x60, 0x59, 0x66, 0xb0, 0x01, 0x63, 0x60, 0x23, 0x61, 0x38, 0x23,
0x20, 0x8a, 0x55, 0x58, 0x20, 0x47, 0x20, 0x20, 0xb0, 0x0e, 0x43, 0x63, 0xb8, 0x04, 0x00, 0x62,
0x20, 0xb0, 0x00, 0x50, 0x58, 0xb0, 0x40, 0x60, 0x59, 0x66, 0xb0, 0x01, 0x63, 0x60, 0x23, 0x61,
0x38, 0x1b, 0x21, 0x59, 0x2d, 0xb0, 0x32, 0x2c, 0x00, 0xb1, 0x00, 0x02, 0x45, 0x54, 0x58, 0xb1,
0x0e, 0x06, 0x45, 0x42, 0xb0, 0x01, 0x16, 0xb0, 0x31, 0x2a, 0xb1, 0x05, 0x01, 0x15, 0x45, 0x58,
0x30, 0x59, 0x1b, 0x22, 0x59, 0x2d, 0xb0, 0x33, 0x2c, 0x00, 0xb0, 0x0f, 0x2b, 0xb1, 0x00, 0x02,
0x45, 0x54, 0x58, 0xb1, 0x0e, 0x06, 0x45, 0x42, 0xb0, 0x01, 0x16, 0xb0, 0x31, 0x2a, 0xb1, 0x05,
0x01, 0x15, 0x45, 0x58, 0x30, 0x59, 0x1b, 0x22, 0x59, 0x2d, 0xb0, 0x34, 0x2c, 0x20, 0x35, 0xb0,
0x01, 0x60, 0x2d, 0xb0, 0x35, 0x2c, 0x00, 0xb1, 0x0e, 0x06, 0x45, 0x42, 0xb0, 0x01, 0x45, 0x63,
0xb8, 0x04, 0x00, 0x62, 0x20, 0xb0, 0x00, 0x50, 0x58, 0xb0, 0x40, 0x60, 0x59, 0x66, 0xb0, 0x01,
0x63, 0xb0, 0x01, 0x2b, 0xb0, 0x0e, 0x43, 0x63, 0xb8, 0x04, 0x00, 0x62, 0x20, 0xb0, 0x00, 0x50,
0x58, 0xb0, 0x40, 0x60, 0x59, 0x66, 0xb0, 0x01, 0x63, 0xb0, 0x01, 0x2b, 0xb0, 0x00, 0x16, 0xb4,
0x00, 0x00, 0x00, 0x00, 0x00, 0x44, 0x3e, 0x23, 0x38, 0xb1, 0x34, 0x01, 0x15, 0x2a, 0x21, 0x2d,
0xb0, 0x36, 0x2c, 0x20, 0x3c, 0x20, 0x47, 0x20, 0xb0, 0x0e, 0x43, 0x63, 0xb8, 0x04, 0x00, 0x62,
0x20, 0xb0, 0x00, 0x50, 0x58, 0xb0, 0x40, 0x60, 0x59, 0x66, 0xb0, 0x01, 0x63, 0x60, 0xb0, 0x00,
0x43, 0x61, 0x38, 0x2d, 0xb0, 0x37, 0x2c, 0x2e, 0x17, 0x3c, 0x2d, 0xb0, 0x38, 0x2c, 0x20, 0x3c,
0x20, 0x47, 0x20, 0xb0, 0x0e, 0x43, 0x63, 0xb8, 0x04, 0x00, 0x62, 0x20, 0xb0, 0x00, 0x50, 0x58,
0xb0, 0x40, 0x60, 0x59, 0x66, 0xb0, 0x01, 0x63, 0x60, 0xb0, 0x00, 0x43, 0x61, 0xb0, 0x01, 0x43,
0x63, 0x38, 0x2d, 0xb0, 0x39, 0x2c, 0xb1, 0x02, 0x00, 0x16, 0x25, 0x20, 0x2e, 0x20, 0x47, 0xb0,
0x00, 0x23, 0x42, 0xb0, 0x02, 0x25, 0x49, 0x8a, 0x8a, 0x47, 0x23, 0x47, 0x23, 0x61, 0x20, 0x58,
0x62, 0x1b, 0x21, 0x59, 0xb0, 0x01, 0x23, 0x42, 0xb2, 0x38, 0x01, 0x01, 0x15, 0x14, 0x2a, 0x2d,
0xb0, 0x3a, 0x2c, 0xb0, 0x00, 0x16, 0xb0, 0x17, 0x23, 0x42, 0xb0, 0x04, 0x25, 0xb0, 0x04, 0x25,
0x47, 0x23, 0x47, 0x23, 0x61, 0xb1, 0x0c, 0x00, 0x42, 0xb0, 0x0b, 0x43, 0x2b, 0x65, 0x8a, 0x2e,
0x23, 0x20, 0x20, 0x3c, 0x8a, 0x38, 0x2d, 0xb0, 0x3b, 0x2c, 0xb0, 0x00, 0x16, 0xb0, 0x17, 0x23,
0x42, 0xb0, 0x04, 0x25, 0xb0, 0x04, 0x25, 0x20, 0x2e, 0x47, 0x23, 0x47, 0x23, 0x61, 0x20, 0xb0,
0x06, 0x23, 0x42, 0xb1, 0x0c, 0x00, 0x42, 0xb0, 0x0b, 0x43, 0x2b, 0x20, 0xb0, 0x60, 0x50, 0x58,
0x20, 0xb0, 0x40, 0x51, 0x58, 0xb3, 0x04, 0x20, 0x05, 0x20, 0x1b, 0xb3, 0x04, 0x26, 0x05, 0x1a,
0x59, 0x42, 0x42, 0x23, 0x20, 0xb0, 0x0a, 0x43, 0x20, 0x8a, 0x23, 0x47, 0x23, 0x47, 0x23, 0x61,
0x23, 0x46, 0x60, 0xb0, 0x06, 0x43, 0xb0, 0x02, 0x62, 0x20, 0xb0, 0x00, 0x50, 0x58, 0xb0, 0x40,
0x60, 0x59, 0x66, 0xb0, 0x01, 0x63, 0x60, 0x20, 0xb0, 0x01, 0x2b, 0x20, 0x8a, 0x8a, 0x61, 0x20,
0xb0, 0x04, 0x43, 0x60, 0x64, 0x23, 0xb0, 0x05, 0x43, 0x61, 0x64, 0x50, 0x58, 0xb0, 0x04, 0x43,
0x61, 0x1b, 0xb0, 0x05, 0x43, 0x60, 0x59, 0xb0, 0x03, 0x25, 0xb0, 0x02, 0x62, 0x20, 0xb0, 0x00,
0x50, 0x58, 0xb0, 0x40, 0x60, 0x59, 0x66, 0xb0, 0x01, 0x63, 0x61, 0x23, 0x20, 0x20, 0xb0, 0x04,
0x26, 0x23, 0x46, 0x61, 0x38, 0x1b, 0x23, 0xb0, 0x0a, 0x43, 0x46, 0xb0, 0x02, 0x25, 0xb0, 0x0a,
0x43, 0x47, 0x23, 0x47, 0x23, 0x61, 0x60, 0x20, 0xb0, 0x06, 0x43, 0xb0, 0x02, 0x62, 0x20, 0xb0,
0x00, 0x50, 0x58, 0xb0, 0x40, 0x60, 0x59, 0x66, 0xb0, 0x01, 0x63, 0x60, 0x23, 0x20, 0xb0, 0x01,
0x2b, 0x23, 0xb0, 0x06, 0x43, 0x60, 0xb0, 0x01, 0x2b, 0xb0, 0x05, 0x25, 0x61, 0xb0, 0x05, 0x25,
0xb0, 0x02, 0x62, 0x20, 0xb0, 0x00, 0x50, 0x58, 0xb0, 0x40, 0x60, 0x59, 0x66, 0xb0, 0x01, 0x63,
0xb0, 0x04, 0x26, 0x61, 0x20, 0xb0, 0x04, 0x25, 0x60, 0x64, 0x23, 0xb0, 0x03, 0x25, 0x60, 0x64,
0x50, 0x58, 0x21, 0x1b, 0x23, 0x21, 0x59, 0x23, 0x20, 0x20, 0xb0, 0x04, 0x26, 0x23, 0x46, 0x61,
0x38, 0x59, 0x2d, 0xb0, 0x3c, 0x2c, 0xb0, 0x00, 0x16, 0xb0, 0x17, 0x23, 0x42, 0x20, 0x20, 0x20,
0xb0, 0x05, 0x26, 0x20, 0x2e, 0x47, 0x23, 0x47, 0x23, 0x61, 0x23, 0x3c, 0x38, 0x2d, 0xb0, 0x3d,
0x2c, 0xb0, 0x00, 0x16, 0xb0, 0x17, 0x23, 0x42, 0x20, 0xb0, 0x0a, 0x23, 0x42, 0x20, 0x20, 0x20,
0x46, 0x23, 0x47, 0xb0, 0x01, 0x2b, 0x23, 0x61, 0x38, 0x2d, 0xb0, 0x3e, 0x2c, 0xb0, 0x00, 0x16,
0xb0, 0x17, 0x23, 0x42, 0xb0, 0x03, 0x25, 0xb0, 0x02, 0x25, 0x47, 0x23, 0x47, 0x23, 0x61, 0xb0,
0x00, 0x54, 0x58, 0x2e, 0x20, 0x3c, 0x23, 0x21, 0x1b, 0xb0, 0x02, 0x25, 0xb0, 0x02, 0x25, 0x47,
0x23, 0x47, 0x23, 0x61, 0x20, 0xb0, 0x05, 0x25, 0xb0, 0x04, 0x25, 0x47, 0x23, 0x47, 0x23, 0x61,
0xb0, 0x06, 0x25, 0xb0, 0x05, 0x25, 0x49, 0xb0, 0x02, 0x25, 0x61, 0xb9, 0x08, 0x00, 0x08, 0x00,
0x63, 0x63, 0x23, 0x20, 0x58, 0x62, 0x1b, 0x21, 0x59, 0x63, 0xb8, 0x04, 0x00, 0x62, 0x20, 0xb0,
0x00, 0x50, 0x58, 0xb0, 0x40, 0x60, 0x59, 0x66, 0xb0, 0x01, 0x63, 0x60, 0x23, 0x2e, 0x23, 0x20,
0x20, 0x3c, 0x8a, 0x38, 0x23, 0x21, 0x59, 0x2d, 0xb0, 0x3f, 0x2c, 0xb0, 0x00, 0x16, 0xb0, 0x17,
0x23, 0x42, 0x20, 0xb0, 0x0a, 0x43, 0x20, 0x2e, 0x47, 0x23, 0x47, 0x23, 0x61, 0x20, 0x60, 0xb0,
0x20, 0x60, 0x66, 0xb0, 0x02, 0x62, 0x20, 0xb0, 0x00, 0x50, 0x58, 0xb0, 0x40, 0x60, 0x59, 0x66,
0xb0, 0x01, 0x63, 0x23, 0x20, 0x20, 0x3c, 0x8a, 0x38, 0x2d, 0xb0, 0x40, 0x2c, 0x23, 0x20, 0x2e,
0x46, 0xb0, 0x02, 0x25, 0x46, 0xb0, 0x17, 0x43, 0x58, 0x50, 0x1b, 0x52, 0x59, 0x58, 0x20, 0x3c,
0x59, 0x2e, 0xb1, 0x30, 0x01, 0x14, 0x2b, 0x2d, 0xb0, 0x41, 0x2c, 0x23, 0x20, 0x2e, 0x46, 0xb0,
0x02, 0x25, 0x46, 0xb0, 0x17, 0x43, 0x58, 0x52, 0x1b, 0x50, 0x59, 0x58, 0x20, 0x3c, 0x59, 0x2e,
0xb1, 0x30, 0x01, 0x14, 0x2b, 0x2d, 0xb0, 0x42, 0x2c, 0x23, 0x20, 0x2e, 0x46, 0xb0, 0x02, 0x25,
0x46, 0xb0, 0x17, 0x43, 0x58, 0x50, 0x1b, 0x52, 0x59, 0x58, 0x20, 0x3c, 0x59, 0x23, 0x20, 0x2e,
0x46, 0xb0, 0x02, 0x25, 0x46, 0xb0, 0x17, 0x43, 0x58, 0x52, 0x1b, 0x50, 0x59, 0x58, 0x20, 0x3c,
0x59, 0x2e, 0xb1, 0x30, 0x01, 0x14, 0x2b, 0x2d, 0xb0, 0x43, 0x2c, 0xb0, 0x3a, 0x2b, 0x23, 0x20,
0x2e, 0x46, 0xb0, 0x02, 0x25, 0x46, 0xb0, 0x17, 0x43, 0x58, 0x50, 0x1b, 0x52, 0x59, 0x58, 0x20,
0x3c, 0x59, 0x2e, 0xb1, 0x30, 0x01, 0x14, 0x2b, 0x2d, 0xb0, 0x44, 0x2c, 0xb0, 0x3b, 0x2b, 0x8a,
0x20, 0x20, 0x3c, 0xb0, 0x06, 0x23, 0x42, 0x8a, 0x38, 0x23, 0x20, 0x2e, 0x46, 0xb0, 0x02, 0x25,
0x46, 0xb0, 0x17, 0x43, 0x58, 0x50, 0x1b, 0x52, 0x59, 0x58, 0x20, 0x3c, 0x59, 0x2e, 0xb1, 0x30,
0x01, 0x14, 0x2b, 0xb0, 0x06, 0x43, 0x2e, 0xb0, 0x30, 0x2b, 0x2d, 0xb0, 0x45, 0x2c, 0xb0, 0x00,
0x16, 0xb0, 0x04, 0x25, 0xb0, 0x04, 0x26, 0x20, 0x20, 0x20, 0x46, 0x23, 0x47, 0x61, 0xb0, 0x0c,
0x23, 0x42, 0x2e, 0x47, 0x23, 0x47, 0x23, 0x61, 0xb0, 0x0b, 0x43, 0x2b, 0x23, 0x20, 0x3c, 0x20,
0x2e, 0x23, 0x38, 0xb1, 0x30, 0x01, 0x14, 0x2b, 0x2d, 0xb0, 0x46, 0x2c, 0xb1, 0x0a, 0x04, 0x25,
0x42, 0xb0, 0x00, 0x16, 0xb0, 0x04, 0x25, 0xb0, 0x04, 0x25, 0x20, 0x2e, 0x47, 0x23, 0x47, 0x23,
0x61, 0x20, 0xb0, 0x06, 0x23, 0x42, 0xb1, 0x0c, 0x00, 0x42, 0xb0, 0x0b, 0x43, 0x2b, 0x20, 0xb0,
0x60, 0x50, 0x58, 0x20, 0xb0, 0x40, 0x51, 0x58, 0xb3, 0x04, 0x20, 0x05, 0x20, 0x1b, 0xb3, 0x04,
0x26, 0x05, 0x1a, 0x59, 0x42, 0x42, 0x23, 0x20, 0x47, 0xb0, 0x06, 0x43, 0xb0, 0x02, 0x62, 0x20,
0xb0, 0x00, 0x50, 0x58, 0xb0, 0x40, 0x60, 0x59, 0x66, 0xb0, 0x01, 0x63, 0x60, 0x20, 0xb0, 0x01,
0x2b, 0x20, 0x8a, 0x8a, 0x61, 0x20, 0xb0, 0x04, 0x43, 0x60, 0x64, 0x23, 0xb0, 0x05, 0x43, 0x61,
0x64, 0x50, 0x58, 0xb0, 0x04, 0x43, 0x61, 0x1b, 0xb0, 0x05, 0x43, 0x60, 0x59, 0xb0, 0x03, 0x25,
0xb0, 0x02, 0x62, 0x20, 0xb0, 0x00, 0x50, 0x58, 0xb0, 0x40, 0x60, 0x59, 0x66, 0xb0, 0x01, 0x63,
0x61, 0xb0, 0x02, 0x25, 0x46, 0x61, 0x38, 0x23, 0x20, 0x3c, 0x23, 0x38, 0x1b, 0x21, 0x20, 0x20,
0x46, 0x23, 0x47, 0xb0, 0x01, 0x2b, 0x23, 0x61, 0x38, 0x21, 0x59, 0xb1, 0x30, 0x01, 0x14, 0x2b,
0x2d, 0xb0, 0x47, 0x2c, 0xb1, 0x00, 0x3a, 0x2b, 0x2e, 0xb1, 0x30, 0x01, 0x14, 0x2b, 0x2d, 0xb0,
0x48, 0x2c, 0xb1, 0x00, 0x3b, 0x2b, 0x21, 0x23, 0x20, 0x20, 0x3c, 0xb0, 0x06, 0x23, 0x42, 0x23,
0x38, 0xb1, 0x30, 0x01, 0x14, 0x2b, 0xb0, 0x06, 0x43, 0x2e, 0xb0, 0x30, 0x2b, 0x2d, 0xb0, 0x49,
0x2c, 0xb0, 0x00, 0x15, 0x20, 0x47, 0xb0, 0x00, 0x23, 0x42, 0xb2, 0x00, 0x01, 0x01, 0x15, 0x14,
0x13, 0x2e, 0xb0, 0x36, 0x2a, 0x2d, 0xb0, 0x4a, 0x2c, 0xb0, 0x00, 0x15, 0x20, 0x47, 0xb0, 0x00,
0x23, 0x42, 0xb2, 0x00, 0x01, 0x01, 0x15, 0x14, 0x13, 0x2e, 0xb0, 0x36, 0x2a, 0x2d, 0xb0, 0x4b,
0x2c, 0xb1, 0x00, 0x01, 0x14, 0x13, 0xb0, 0x37, 0x2a, 0x2d, 0xb0, 0x4c, 0x2c, 0xb0, 0x39, 0x2a,
0x2d, 0xb0, 0x4d, 0x2c, 0xb0, 0x00, 0x16, 0x45, 0x23, 0x20, 0x2e, 0x20, 0x46, 0x8a, 0x23, 0x61,
0x38, 0xb1, 0x30, 0x01, 0x14, 0x2b, 0x2d, 0xb0, 0x4e, 0x2c, 0xb0, 0x0a, 0x23, 0x42, 0xb0, 0x4d,
0x2b, 0x2d, 0xb0, 0x4f, 0x2c, 0xb2, 0x00, 0x00, 0x46, 0x2b, 0x2d, 0xb0, 0x50, 0x2c, 0xb2, 0x00,
0x01, 0x46, 0x2b, 0x2d, 0xb0, 0x51, 0x2c, 0xb2, 0x01, 0x00, 0x46, 0x2b, 0x2d, 0xb0, 0x52, 0x2c,
0xb2, 0x01, 0x01, 0x46, 0x2b, 0x2d, 0xb0, 0x53, 0x2c, 0xb2, 0x00, 0x00, 0x47, 0x2b, 0x2d, 0xb0,
0x54, 0x2c, 0xb2, 0x00, 0x01, 0x47, 0x2b, 0x2d, 0xb0, 0x55, 0x2c, 0xb2, 0x01, 0x00, 0x47, 0x2b,
0x2d, 0xb0, 0x56, 0x2c, 0xb2, 0x01, 0x01, 0x47, 0x2b, 0x2d, 0xb0, 0x57, 0x2c, 0xb3, 0x00, 0x00,
0x00, 0x43, 0x2b, 0x2d, 0xb0, 0x58, 0x2c, 0xb3, 0x00, 0x01, 0x00, 0x43, 0x2b, 0x2d, 0xb0, 0x59,
0x2c, 0xb3, 0x01, 0x00, 0x00, 0x43, 0x2b, 0x2d, 0xb0, 0x5a, 0x2c, 0xb3, 0x01, 0x01, 0x00, 0x43,
0x2b, 0x2d, 0xb0, 0x5b, 0x2c, 0xb3, 0x00, 0x00, 0x01, 0x43, 0x2b, 0x2d, 0xb0, 0x5c, 0x2c, 0xb3,
0x00, 0x01, 0x01, 0x43, 0x2b, 0x2d, 0xb0, 0x5d, 0x2c, 0xb3, 0x01, 0x00, 0x01, 0x43, 0x2b, 0x2d,
0xb0, 0x5e, 0x2c, 0xb3, 0x01, 0x01, 0x01, 0x43, 0x2b, 0x2d, 0xb0, 0x5f, 0x2c, 0xb2, 0x00, 0x00,
0x45, 0x2b, 0x2d, 0xb0, 0x60, 0x2c, 0xb2, 0x00, 0x01, 0x45, 0x2b, 0x2d, 0xb0, 0x61, 0x2c, 0xb2,
0x01, 0x00, 0x45, 0x2b, 0x2d, 0xb0, 0x62, 0x2c, 0xb2, 0x01, 0x01, 0x45, 0x2b, 0x2d, 0xb0, 0x63,
0x2c, 0xb2, 0x00, 0x00, 0x48, 0x2b, 0x2d, 0xb0, 0x64, 0x2c, 0xb2, 0x00, 0x01, 0x48, 0x2b, 0x2d,
0xb0, 0x65, 0x2c, 0xb2, 0x01, 0x00, 0x48, 0x2b, 0x2d, 0xb0, 0x66, 0x2c, 0xb2, 0x01, 0x01, 0x48,
0x2b, 0x2d, 0xb0, 0x67, 0x2c, 0xb3, 0x00, 0x00, 0x00, 0x44, 0x2b, 0x2d, 0xb0, 0x68, 0x2c, 0xb3,
0x00, 0x01, 0x00, 0x44, 0x2b, 0x2d, 0xb0, 0x69, 0x2c, 0xb3, 0x01, 0x00, 0x00, 0x44, 0x2b, 0x2d,
0xb0, 0x6a, 0x2c, 0xb3, 0x01, 0x01, 0x00, 0x44, 0x2b, 0x2d, 0xb0, 0x6b, 0x2c, 0xb3, 0x00, 0x00,
0x01, 0x44, 0x2b, 0x2d, 0xb0, 0x6c, 0x2c, 0xb3, 0x00, 0x01, 0x01, 0x44, 0x2b, 0x2d, 0xb0, 0x6d,
0x2c, 0xb3, 0x01, 0x00, 0x01, 0x44, 0x2b, 0x2d, 0xb0, 0x6e, 0x2c, 0xb3, 0x01, 0x01, 0x01, 0x44,
0x2b, 0x2d, 0xb0, 0x6f, 0x2c, 0xb1, 0x00, 0x3c, 0x2b, 0x2e, 0xb1, 0x30, 0x01, 0x14, 0x2b, 0x2d,
0xb0, 0x70, 0x2c, 0xb1, 0x00, 0x3c, 0x2b, 0xb0, 0x40, 0x2b, 0x2d, 0xb0, 0x71, 0x2c, 0xb1, 0x00,
0x3c, 0x2b, 0xb0, 0x41, 0x2b, 0x2d, 0xb0, 0x72, 0x2c, 0xb0, 0x00, 0x16, 0xb1, 0x00, 0x3c, 0x2b,
0xb0, 0x42, 0x2b, 0x2d, 0xb0, 0x73, 0x2c, 0xb1, 0x01, 0x3c, 0x2b, 0xb0, 0x40, 0x2b, 0x2d, 0xb0,
0x74, 0x2c, 0xb1, 0x01, 0x3c, 0x2b, 0xb0, 0x41, 0x2b, 0x2d, 0xb0, 0x75, 0x2c, 0xb0, 0x00, 0x16,
0xb1, 0x01, 0x3c, 0x2b, 0xb0, 0x42, 0x2b, 0x2d, 0xb0, 0x76, 0x2c, 0xb1, 0x00, 0x3d, 0x2b, 0x2e,
0xb1, 0x30, 0x01, 0x14, 0x2b, 0x2d, 0xb0, 0x77, 0x2c, 0xb1, 0x00, 0x3d, 0x2b, 0xb0, 0x40, 0x2b,
0x2d, 0xb0, 0x78, 0x2c, 0xb1, 0x00, 0x3d, 0x2b, 0xb0, 0x41, 0x2b, 0x2d, 0xb0, 0x79, 0x2c, 0xb1,
0x00, 0x3d, 0x2b, 0xb0, 0x42, 0x2b, 0x2d, 0xb0, 0x7a, 0x2c, 0xb1, 0x01, 0x3d, 0x2b, 0xb0, 0x40,
0x2b, 0x2d, 0xb0, 0x7b, 0x2c, 0xb1, 0x01, 0x3d, 0x2b, 0xb0, 0x41, 0x2b, 0x2d, 0xb0, 0x7c, 0x2c,
0xb1, 0x01, 0x3d, 0x2b, 0xb0, 0x42, 0x2b, 0x2d, 0xb0, 0x7d, 0x2c, 0xb1, 0x00, 0x3e, 0x2b, 0x2e,
0xb1, 0x30, 0x01, 0x14, 0x2b, 0x2d, 0xb0, 0x7e, 0x2c, 0xb1, 0x00, 0x3e, 0x2b, 0xb0, 0x40, 0x2b,
0x2d, 0xb0, 0x7f, 0x2c, 0xb1, 0x00, 0x3e, 0x2b, 0xb0, 0x41, 0x2b, 0x2d, 0xb0, 0x80, 0x2c, 0xb1,
0x00, 0x3e, 0x2b, 0xb0, 0x42, 0x2b, 0x2d, 0xb0, 0x81, 0x2c, 0xb1, 0x01, 0x3e, 0x2b, 0xb0, 0x40,
0x2b, 0x2d, 0xb0, 0x82, 0x2c, 0xb1, 0x01, 0x3e, 0x2b, 0xb0, 0x41, 0x2b, 0x2d, 0xb0, 0x83, 0x2c,
0xb1, 0x01, 0x3e, 0x2b, 0xb0, 0x42, 0x2b, 0x2d, 0xb0, 0x84, 0x2c, 0xb1, 0x00, 0x3f, 0x2b, 0x2e,
0xb1, 0x30, 0x01, 0x14, 0x2b, 0x2d, 0xb0, 0x85, 0x2c, 0xb1, 0x00, 0x3f, 0x2b, 0xb0, 0x40, 0x2b,
0x2d, 0xb0, 0x86, 0x2c, 0xb1, 0x00, 0x3f, 0x2b, 0xb0, 0x41, 0x2b, 0x2d, 0xb0, 0x87, 0x2c, 0xb1,
0x00, 0x3f, 0x2b, 0xb0, 0x42, 0x2b, 0x2d, 0xb0, 0x88, 0x2c, 0xb1, 0x01, 0x3f, 0x2b, 0xb0, 0x40,
0x2b, 0x2d, 0xb0, 0x89, 0x2c, 0xb1, 0x01, 0x3f, 0x2b, 0xb0, 0x41, 0x2b, 0x2d, 0xb0, 0x8a, 0x2c,
0xb1, 0x01, 0x3f, 0x2b, 0xb0, 0x42, 0x2b, 0x2d, 0xb0, 0x8b, 0x2c, 0xb2, 0x0b, 0x00, 0x03, 0x45,
0x50, 0x58, 0xb0, 0x06, 0x1b, 0xb2, 0x04, 0x02, 0x03, 0x45, 0x58, 0x23, 0x21, 0x1b, 0x21, 0x59,
0x59, 0x42, 0x2b, 0xb0, 0x08, 0x65, 0xb0, 0x03, 0x24, 0x50, 0x78, 0xb1, 0x05, 0x01, 0x15, 0x45,
0x58, 0x30, 0x59, 0x2d, 0x00, 0x4b, 0xb8, 0x00, 0xc8, 0x52, 0x58, 0xb1, 0x01, 0x01, 0x8e, 0x59,
0xb0, 0x01, 0xb9, 0x08, 0x00, 0x08, 0x00, 0x63, 0x70, 0xb1, 0x00, 0x07, 0x42, 0x40, 0x09, 0x7f,
0x6f, 0x5f, 0x4f, 0x43, 0x37, 0x27, 0x07, 0x00, 0x2a, 0xb1, 0x00, 0x07, 0x42, 0x40, 0x10, 0x74,
0x08, 0x64, 0x08, 0x54, 0x08, 0x48, 0x06, 0x3c, 0x06, 0x2c, 0x08, 0x1e, 0x07, 0x07, 0x0a, 0x2a,
0xb1, 0x00, 0x07, 0x42, 0x40, 0x10, 0x7c, 0x06, 0x6c, 0x06, 0x5c, 0x06, 0x4e, 0x04, 0x42, 0x04,
0x34, 0x06, 0x25, 0x05, 0x07, 0x0a, 0x2a, 0xb1, 0x00, 0x0e, 0x42, 0x41, 0x09, 0x1d, 0x40, 0x19,
0x40, 0x15, 0x40, 0x12, 0x40, 0x0f, 0x40, 0x0b, 0x40, 0x07, 0xc0, 0x00, 0x07, 0x00, 0x0b, 0x2a,
0xb1, 0x00, 0x15, 0x42, 0x41, 0x09, 0x00, 0x40, 0x00, 0x40, 0x00, 0x40, 0x00, 0x40, 0x00, 0x40,
0x00, 0x40, 0x00, 0x40, 0x00, 0x07, 0x00, 0x0b, 0x2a, 0xb9, 0x00, 0x03, 0x00, 0x00, 0x44, 0xb1,
0x24, 0x01, 0x88, 0x51, 0x58, 0xb0, 0x40, 0x88, 0x58, 0xb9, 0x00, 0x03, 0x00, 0x00, 0x44, 0xb1,
0x28, 0x01, 0x88, 0x51, 0x58, 0xb8, 0x08, 0x00, 0x88, 0x58, 0xb9, 0x00, 0x03, 0x00, 0x00, 0x44,
0x59, 0x1b, 0xb1, 0x27, 0x01, 0x88, 0x51, 0x58, 0xba, 0x08, 0x80, 0x00, 0x01, 0x04, 0x40, 0x88,
0x63, 0x54, 0x58, 0xb9, 0x00, 0x03, 0x00, 0x00, 0x44, 0x59, 0x59, 0x59, 0x59, 0x59, 0x40, 0x10,
0x76, 0x06, 0x66, 0x06, 0x56, 0x06, 0x4a, 0x04, 0x3e, 0x04, 0x2e, 0x06, 0x20, 0x05, 0x07, 0x0e,
0x2a, 0xb8, 0x01, 0xff, 0x85, 0xb0, 0x04, 0x8d, 0xb1, 0x02, 0x00, 0x44, 0xb3, 0x05, 0x64, 0x06,
0x00, 0x44, 0x44, 0x00, 0x00, 0x00, 0x00, 0x00, 0x00, 0x00, 0x00, 0x00, 0x00, 0x00, 0x00, 0x00,
0x00, 0x00, 0x00, 0x00, 0x00, 0x00, 0x00, 0x00, 0x00, 0x00, 0x00, 0x00, 0x00, 0x00, 0x00, 0x00,
0x00, 0x00, 0x00, 0x00, 0x00, 0x00, 0x00, 0x00, 0x00, 0x00, 0x00, 0x00, 0x00, 0x00, 0x00, 0x00,
0x00, 0x00, 0x00, 0x00, 0x00, 0x00, 0x00, 0x00, 0x00, 0x00, 0x00, 0x00, 0x01, 0x08, 0x01, 0x08,
0x00, 0xd3, 0x00, 0xd3, 0x05, 0xd2, 0x00, 0x00, 0x04, 0x5e, 0x00, 0x00, 0xfe, 0x5e, 0x05, 0xe6,
0xff, 0xec, 0x04, 0x6c, 0xff, 0xe8, 0xfe, 0x56, 0x01, 0x08, 0x01, 0x08, 0x00, 0xd3, 0x00, 0xd3,
0x05, 0xd2, 0xff, 0xf0, 0x05, 0xd2, 0x04, 0x5e, 0xff, 0xf0, 0xfe, 0x5e, 0x05, 0xe6, 0xff, 0xec,
0x05, 0xea, 0x04, 0x6c, 0xff, 0xf0, 0xfe, 0x5e, 0x00, 0xd8, 0x00, 0xd8, 0x00, 0x9c, 0x00, 0x9c,
0x01, 0xfe, 0x01, 0x3d, 0xfe, 0xd2, 0xfd, 0xee, 0x02, 0x33, 0x01, 0x43, 0xfe, 0xc7, 0xfd, 0xe9,
0x00, 0xd8, 0x00, 0xd8, 0x00, 0x9c, 0x00, 0x9c, 0x06, 0xae, 0x05, 0xed, 0x03, 0x82, 0x02, 0x9e,
0x06, 0xe3, 0x05, 0xf3, 0x03, 0x77, 0x02, 0x99, 0x01, 0x08, 0x01, 0x08, 0x00, 0xd3, 0x00, 0xd3,
0x05, 0xd2, 0x00, 0x00, 0x05, 0xd2, 0x04, 0x5e, 0x00, 0x00, 0xfe, 0x5e, 0x05, 0xe6, 0xff, 0xec,
0x06, 0x03, 0x04, 0x6c, 0xff, 0xe8, 0xfe, 0x56, 0x00, 0xd8, 0x00, 0xd8, 0x00, 0x9c, 0x00, 0x9c,
0x01, 0xfe, 0xfe, 0xd2, 0x01, 0xfe, 0x01, 0x3d, 0xfe, 0xd2, 0xfd, 0xee, 0x02, 0x08, 0xfe, 0xc8,
0x02, 0x33, 0x01, 0x43, 0xfe, 0xc7, 0xfd, 0xee, 0x00, 0xd8, 0x00, 0xd8, 0x00, 0x9c, 0x00, 0x9c,
0x06, 0xae, 0x03, 0x82, 0x06, 0xae, 0x05, 0xed, 0x03, 0x82, 0x02, 0x9e, 0x06, 0xb8, 0x03, 0x78,
0x06, 0xe3, 0x05, 0xf3, 0x03, 0x77, 0x02, 0x99, 0x00, 0x00, 0x00, 0x1b, 0x01, 0x4a, 0x00, 0x03,
0x00, 0x01, 0x04, 0x09, 0x00, 0x00, 0x00, 0x50, 0x00, 0x00, 0x00, 0x03, 0x00, 0x01, 0x04, 0x09,
0x00, 0x01, 0x00, 0x1c, 0x00, 0x50, 0x00, 0x03, 0x00, 0x01, 0x04, 0x09, 0x00, 0x02, 0x00, 0x0e,
0x00, 0x6c, 0x00, 0x03, 0x00, 0x01, 0x04, 0x09, 0x00, 0x03, 0x00, 0x4e, 0x00, 0x7a, 0x00, 0x03,
0x00, 0x01, 0x04, 0x09, 0x00, 0x04, 0x00, 0x1c, 0x00, 0x50, 0x00, 0x03, 0x00, 0x01, 0x04, 0x09,
0x00, 0x05, 0x00, 0x36, 0x00, 0xc8, 0x00, 0x03, 0x00, 0x01, 0x04, 0x09, 0x00, 0x06, 0x00, 0x1c,
0x00, 0xfe, 0x00, 0x03, 0x00, 0x01, 0x04, 0x09, 0x01, 0x00, 0x00, 0x16, 0x01, 0x1a, 0x00, 0x03,
0x00, 0x01, 0x04, 0x09, 0x01, 0x01, 0x00, 0x1c, 0x01, 0x30, 0x00, 0x03, 0x00, 0x01, 0x04, 0x09,
0x01, 0x02, 0x00, 0x2a, 0x01, 0x4c, 0x00, 0x03, 0x00, 0x01, 0x04, 0x09, 0x01, 0x03, 0x00, 0x40,
0x01, 0x76, 0x00, 0x03, 0x00, 0x01, 0x04, 0x09, 0x01, 0x04, 0x00, 0x24, 0x01, 0xb6, 0x00, 0x03,
0x00, 0x01, 0x04, 0x09, 0x01, 0x05, 0x00, 0x24, 0x01, 0xda, 0x00, 0x03, 0x00, 0x01, 0x04, 0x09,
0x01, 0x06, 0x00, 0x24, 0x01, 0xfe, 0x00, 0x03, 0x00, 0x01, 0x04, 0x09, 0x01, 0x08, 0x00, 0x1a,
0x02, 0x22, 0x00, 0x03, 0x00, 0x01, 0x04, 0x09, 0x01, 0x09, 0x00, 0x12, 0x02, 0x3c, 0x00, 0x03,
0x00, 0x01, 0x04, 0x09, 0x01, 0x0a, 0x00, 0x10, 0x02, 0x4e, 0x00, 0x03, 0x00, 0x01, 0x04, 0x09,
0x01, 0x0b, 0x00, 0x12, 0x02, 0x5e, 0x00, 0x03, 0x00, 0x01, 0x04, 0x09, 0x01, 0x0c, 0x00, 0x2c,
0x02, 0x70, 0x00, 0x03, 0x00, 0x01, 0x04, 0x09, 0x01, 0x0d, 0x00, 0x18, 0x02, 0x9c, 0x00, 0x03,
0x00, 0x01, 0x04, 0x09, 0x01, 0x0e, 0x00, 0x22, 0x02, 0xb4, 0x00, 0x03, 0x00, 0x01, 0x04, 0x09,
0x01, 0x0f, 0x00, 0x2e, 0x02, 0xd6, 0x00, 0x03, 0x00, 0x01, 0x04, 0x09, 0x01, 0x10, 0x00, 0x1c,
0x03, 0x04, 0x00, 0x03, 0x00, 0x01, 0x04, 0x09, 0x01, 0x11, 0x00, 0x26, 0x03, 0x20, 0x00, 0x03,
0x00, 0x01, 0x04, 0x09, 0x01, 0x12, 0x00, 0x1c, 0x03, 0x46, 0x00, 0x03, 0x00, 0x01, 0x04, 0x09,
0x01, 0x13, 0x00, 0x12, 0x03, 0x62, 0x00, 0x03, 0x00, 0x01, 0x04, 0x09, 0x01, 0x14, 0x00, 0x12,
0x03, 0x74, 0x00, 0x43, 0x00, 0x6f, 0x00, 0x70, 0x00, 0x79, 0x00, 0x72, 0x00, 0x69, 0x00, 0x67,
0x00, 0x68, 0x00, 0x74, 0x00, 0x20, 0x00, 0x32, 0x00, 0x30, 0x00, 0x31, 0x00, 0x36, 0x00, 0x20,
0x00, 0x54, 0x00, 0x68, 0x00, 0x65, 0x00, 0x20, 0x00, 0x49, 0x00, 0x6e, 0x00, 0x74, 0x00, 0x65,
0x00, 0x72, 0x00, 0x20, 0x00, 0x50, 0x00, 0x72, 0x00, 0x6f, 0x00, 0x6a, 0x00, 0x65, 0x00, 0x63,
0x00, 0x74, 0x00, 0x20, 0x00, 0x41, 0x00, 0x75, 0x00, 0x74, 0x00, 0x68, 0x00, 0x6f, 0x00, 0x72,
0x00, 0x73, 0x00, 0x49, 0x00, 0x6e, 0x00, 0x74, 0x00, 0x65, 0x00, 0x72, 0x00, 0x20, 0x00, 0x53,
0x00, 0x65, 0x00, 0x6d, 0x00, 0x69, 0x00, 0x42, 0x00, 0x6f, 0x00, 0x6c, 0x00, 0x64, 0x00, 0x52,
0x00, 0x65, 0x00, 0x67, 0x00, 0x75, 0x00, 0x6c, 0x00, 0x61, 0x00, 0x72, 0x00, 0x34, 0x00, 0x2e,
0x00, 0x30, 0x00, 0x30, 0x00, 0x31, 0x00, 0x3b, 0x00, 0x67, 0x00, 0x69, 0x00, 0x74, 0x00, 0x2d,
0x00, 0x39, 0x00, 0x32, 0x00, 0x32, 0x00, 0x31, 0x00, 0x62, 0x00, 0x65, 0x00, 0x65, 0x00, 0x64,
0x00, 0x33, 0x00, 0x3b, 0x00, 0x52, 0x00, 0x53, 0x00, 0x4d, 0x00, 0x53, 0x00, 0x3b, 0x00, 0x49,
0x00, 0x6e, 0x00, 0x74, 0x00, 0x65, 0x00, 0x72, 0x00, 0x2d, 0x00, 0x53, 0x00, 0x65, 0x00, 0x6d,
0x00, 0x69, 0x00, 0x42, 0x00, 0x6f, 0x00, 0x6c, 0x00, 0x64, 0x00, 0x56, 0x00, 0x65, 0x00, 0x72,
0x00, 0x73, 0x00, 0x69, 0x00, 0x6f, 0x00, 0x6e, 0x00, 0x20, 0x00, 0x34, 0x00, 0x2e, 0x00, 0x30,
0x00, 0x30, 0x00, 0x31, 0x00, 0x3b, 0x00, 0x67, 0x00, 0x69, 0x00, 0x74, 0x00, 0x2d, 0x00, 0x39,
0x00, 0x32, 0x00, 0x32, 0x00, 0x31, 0x00, 0x62, 0x00, 0x65, 0x00, 0x65, 0x00, 0x64, 0x00, 0x33,
0x00, 0x49, 0x00, 0x6e, 0x00, 0x74, 0x00, 0x65, 0x00, 0x72, 0x00, 0x2d, 0x00, 0x53, 0x00, 0x65,
0x00, 0x6d, 0x00, 0x69, 0x00, 0x42, 0x00, 0x6f, 0x00, 0x6c, 0x00, 0x64, 0x00, 0x4f, 0x00, 0x70,
0x00, 0x65, 0x00, 0x6e, 0x00, 0x20, 0x00, 0x64, 0x00, 0x69, 0x00, 0x67, 0x00, 0x69, 0x00, 0x74,
0x00, 0x73, 0x00, 0x44, 0x00, 0x69, 0x00, 0x73, 0x00, 0x61, 0x00, 0x6d, 0x00, 0x62, 0x00, 0x69,
0x00, 0x67, 0x00, 0x75, 0x00, 0x61, 0x00, 0x74, 0x00, 0x69, 0x00, 0x6f, 0x00, 0x6e, 0x00, 0x52,
0x00, 0x6f, 0x00, 0x75, 0x00, 0x6e, 0x00, 0x64, 0x00, 0x20, 0x00, 0x71, 0x00, 0x75, 0x00, 0x6f,
0x00, 0x74, 0x00, 0x65, 0x00, 0x73, 0x00, 0x20, 0x00, 0x26, 0x00, 0x20, 0x00, 0x63, 0x00, 0x6f,
0x00, 0x6d, 0x00, 0x6d, 0x00, 0x61, 0x00, 0x73, 0x00, 0x44, 0x00, 0x69, 0x00, 0x73, 0x00, 0x61,
0x00, 0x6d, 0x00, 0x62, 0x00, 0x69, 0x00, 0x67, 0x00, 0x75, 0x00, 0x61, 0x00, 0x74, 0x00, 0x69,
0x00, 0x6f, 0x00, 0x6e, 0x00, 0x20, 0x00, 0x28, 0x00, 0x6e, 0x00, 0x6f, 0x00, 0x20, 0x00, 0x73,
0x00, 0x6c, 0x00, 0x61, 0x00, 0x73, 0x00, 0x68, 0x00, 0x65, 0x00, 0x64, 0x00, 0x20, 0x00, 0x7a,
0x00, 0x65, 0x00, 0x72, 0x00, 0x6f, 0x00, 0x29, 0x00, 0x43, 0x00, 0x69, 0x00, 0x72, 0x00, 0x63,
0x00, 0x6c, 0x00, 0x65, 0x00, 0x64, 0x00, 0x20, 0x00, 0x63, 0x00, 0x68, 0x00, 0x61, 0x00, 0x72,
0x00, 0x61, 0x00, 0x63, 0x00, 0x74, 0x00, 0x65, 0x00, 0x72, 0x00, 0x73, 0x00, 0x53, 0x00, 0x71,
0x00, 0x75, 0x00, 0x61, 0x00, 0x72, 0x00, 0x65, 0x00, 0x64, 0x00, 0x20, 0x00, 0x63, 0x00, 0x68,
0x00, 0x61, 0x00, 0x72, 0x00, 0x61, 0x00, 0x63, 0x00, 0x74, 0x00, 0x65, 0x00, 0x72, 0x00, 0x73,
0x00, 0x53, 0x00, 0x71, 0x00, 0x75, 0x00, 0x61, 0x00, 0x72, 0x00, 0x65, 0x00, 0x20, 0x00, 0x70,
0x00, 0x75, 0x00, 0x6e, 0x00, 0x63, 0x00, 0x74, 0x00, 0x75, 0x00, 0x61, 0x00, 0x74, 0x00, 0x69,
0x00, 0x6f, 0x00, 0x6e, 0x00, 0x41, 0x00, 0x6c, 0x00, 0x74, 0x00, 0x65, 0x00, 0x72, 0x00, 0x6e,
0x00, 0x61, 0x00, 0x74, 0x00, 0x65, 0x00, 0x20, 0x00, 0x6f, 0x00, 0x6e, 0x00, 0x65, 0x00, 0x4f,
0x00, 0x70, 0x00, 0x65, 0x00, 0x6e, 0x00, 0x20, 0x00, 0x66, 0x00, 0x6f, 0x00, 0x75, 0x00, 0x72,
0x00, 0x4f, 0x00, 0x70, 0x00, 0x65, 0x00, 0x6e, 0x00, 0x20, 0x00, 0x73, 0x00, 0x69, 0x00, 0x78,
0x00, 0x4f, 0x00, 0x70, 0x00, 0x65, 0x00, 0x6e, 0x00, 0x20, 0x00, 0x6e, 0x00, 0x69, 0x00, 0x6e,
0x00, 0x65, 0x00, 0x4c, 0x00, 0x6f, 0x00, 0x77, 0x00, 0x65, 0x00, 0x72, 0x00, 0x2d, 0x00, 0x63,
0x00, 0x61, 0x00, 0x73, 0x00, 0x65, 0x00, 0x20, 0x00, 0x4c, 0x00, 0x20, 0x00, 0x77, 0x00, 0x69,
0x00, 0x74, 0x00, 0x68, 0x00, 0x20, 0x00, 0x74, 0x00, 0x61, 0x00, 0x69, 0x00, 0x6c, 0x00, 0x53,
0x00, 0x69, 0x00, 0x6d, 0x00, 0x70, 0x00, 0x6c, 0x00, 0x69, 0x00, 0x66, 0x00, 0x69, 0x00, 0x65,
0x00, 0x64, 0x00, 0x20, 0x00, 0x75, 0x00, 0x41, 0x00, 0x6c, 0x00, 0x74, 0x00, 0x65, 0x00, 0x72,
0x00, 0x6e, 0x00, 0x61, 0x00, 0x74, 0x00, 0x65, 0x00, 0x20, 0x00, 0x73, 0x00, 0x68, 0x00, 0x61,
0x00, 0x72, 0x00, 0x70, 0x00, 0x20, 0x00, 0x73, 0x00, 0x55, 0x00, 0x70, 0x00, 0x70, 0x00, 0x65,
0x00, 0x72, 0x00, 0x2d, 0x00, 0x63, 0x00, 0x61, 0x00, 0x73, 0x00, 0x65, 0x00, 0x20, 0x00, 0x69,
0x00, 0x20, 0x00, 0x77, 0x00, 0x69, 0x00, 0x74, 0x00, 0x68, 0x00, 0x20, 0x00, 0x73, 0x00, 0x65,
0x00, 0x72, 0x00, 0x69, 0x00, 0x66, 0x00, 0x46, 0x00, 0x6c, 0x00, 0x61, 0x00, 0x74, 0x00, 0x2d,
0x00, 0x74, 0x00, 0x6f, 0x00, 0x70, 0x00, 0x20, 0x00, 0x74, 0x00, 0x68, 0x00, 0x72, 0x00, 0x65,
0x00, 0x65, 0x00, 0x43, 0x00, 0x61, 0x00, 0x70, 0x00, 0x69, 0x00, 0x74, 0x00, 0x61, 0x00, 0x6c,
0x00, 0x20, 0x00, 0x47, 0x00, 0x20, 0x00, 0x77, 0x00, 0x69, 0x00, 0x74, 0x00, 0x68, 0x00, 0x20,
0x00, 0x73, 0x00, 0x70, 0x00, 0x75, 0x00, 0x72, 0x00, 0x53, 0x00, 0x69, 0x00, 0x6e, 0x00, 0x67,
0x00, 0x6c, 0x00, 0x65, 0x00, 0x2d, 0x00, 0x73, 0x00, 0x74, 0x00, 0x6f, 0x00, 0x72, 0x00, 0x79,
0x00, 0x20, 0x00, 0x61, 0x00, 0x43, 0x00, 0x6f, 0x00, 0x6d, 0x00, 0x70, 0x00, 0x61, 0x00, 0x63,
0x00, 0x74, 0x00, 0x20, 0x00, 0x66, 0x00, 0x43, 0x00, 0x6f, 0x00, 0x6d, 0x00, 0x70, 0x00, 0x61,
0x00, 0x63, 0x00, 0x74, 0x00, 0x20, 0x00, 0x74, 0x00, 0x03, 0x00, 0x00, 0x00, 0x00, 0x00, 0x00,
0xfe, 0xb5, 0x00, 0xad, 0x00, 0x00, 0x00, 0x00, 0x00, 0x00, 0x00, 0x00, 0x00, 0x00, 0x00, 0x00,
0x00, 0x00, 0x00, 0x00, 0x00, 0x00, 0x00, 0x00, 0x00, 0x01, 0x00, 0x01, 0xff, 0xff, 0x00, 0x0f,
0x00, 0x01, 0x00, 0x00, 0x00, 0x0c, 0x00, 0x00, 0x00, 0x00, 0x00, 0x00, 0x00, 0x02, 0x00, 0x2c,
0x00, 0x01, 0x00, 0x4c, 0x00, 0x01, 0x00, 0x4e, 0x00, 0x5c, 0x00, 0x01, 0x00, 0x5e, 0x00, 0x61,
0x00, 0x01, 0x00, 0x64, 0x00, 0x76, 0x00, 0x01, 0x00, 0x79, 0x00, 0x7c, 0x00, 0x01, 0x00, 0x7e,
0x00, 0x8c, 0x00, 0x01, 0x00, 0x8f, 0x00, 0x90, 0x00, 0x01, 0x00, 0x93, 0x00, 0x93, 0x00, 0x01,
0x00, 0x95, 0x00, 0x96, 0x00, 0x01, 0x00, 0x9d, 0x00, 0x9d, 0x00, 0x01, 0x00, 0x9f, 0x00, 0x9f,
0x00, 0x01, 0x00, 0xa3, 0x00, 0xa3, 0x00, 0x01, 0x00, 0xa5, 0x00, 0xa6, 0x00, 0x01, 0x00, 0xad,
0x00, 0xad, 0x00, 0x01, 0x00, 0xaf, 0x00, 0xaf, 0x00, 0x01, 0x00, 0xbc, 0x00, 0xbd, 0x00, 0x01,
0x00, 0xc2, 0x00, 0xc3, 0x00, 0x01, 0x00, 0xe3, 0x00, 0xe4, 0x00, 0x01, 0x00, 0xea, 0x00, 0xeb,
0x00, 0x01, 0x01, 0x1c, 0x01, 0x1d, 0x00, 0x01, 0x01, 0x22, 0x01, 0x3d, 0x00, 0x01, 0x01, 0x40,
0x01, 0x42, 0x00, 0x01, 0x01, 0x4e, 0x01, 0x4f, 0x00, 0x01, 0x01, 0x52, 0x01, 0x5a, 0x00, 0x01,
0x01, 0x5c, 0x01, 0x6d, 0x00, 0x01, 0x01, 0x70, 0x01, 0x72, 0x00, 0x01, 0x01, 0x7e, 0x01, 0x7f,
0x00, 0x01, 0x01, 0x83, 0x01, 0x84, 0x00, 0x01, 0x01, 0x87, 0x01, 0x89, 0x00, 0x01, 0x01, 0x9b,
0x01, 0x9c, 0x00, 0x01, 0x01, 0x9f, 0x01, 0xa1, 0x00, 0x01, 0x01, 0xb3, 0x01, 0xb3, 0x00, 0x01,
0x01, 0xb5, 0x01, 0xb5, 0x00, 0x01, 0x01, 0xe0, 0x01, 0xfa, 0x00, 0x01, 0x01, 0xfc, 0x01, 0xfd,
0x00, 0x01, 0x02, 0x04, 0x02, 0x04, 0x00, 0x01, 0x02, 0x06, 0x02, 0x06, 0x00, 0x01, 0x02, 0x17,
0x02, 0x32, 0x00, 0x01, 0x02, 0x34, 0x02, 0x35, 0x00, 0x01, 0x02, 0x3c, 0x02, 0x3c, 0x00, 0x01,
0x02, 0x3e, 0x02, 0x3e, 0x00, 0x01, 0x02, 0x52, 0x02, 0x5b, 0x00, 0x01, 0x02, 0x5d, 0x02, 0x63,
0x00, 0x01, 0x02, 0x74, 0x02, 0x75, 0x00, 0x01, 0x00, 0x01, 0x00, 0x00, 0x00, 0x0a, 0x00, 0x4c,
0x00, 0x7a, 0x00, 0x04, 0x44, 0x46, 0x4c, 0x54, 0x00, 0x1a, 0x63, 0x79, 0x72, 0x6c, 0x00, 0x28,
0x67, 0x72, 0x65, 0x6b, 0x00, 0x28, 0x6c, 0x61, 0x74, 0x6e, 0x00, 0x34, 0x00, 0x04, 0x00, 0x00,
0x00, 0x00, 0xff, 0xff, 0x00, 0x02, 0x00, 0x00, 0x00, 0x02, 0x00, 0x04, 0x00, 0x00, 0x00, 0x00,
0xff, 0xff, 0x00, 0x01, 0x00, 0x01, 0x00, 0x04, 0x00, 0x00, 0x00, 0x00, 0xff, 0xff, 0x00, 0x02,
0x00, 0x00, 0x00, 0x01, 0x00, 0x03, 0x63, 0x70, 0x73, 0x70, 0x00, 0x14, 0x6b, 0x65, 0x72, 0x6e,
0x00, 0x1a, 0x6b, 0x65, 0x72, 0x6e, 0x00, 0x22, 0x00, 0x00, 0x00, 0x01, 0x00, 0x00, 0x00, 0x00,
0x00, 0x02, 0x00, 0x02, 0x00, 0x01, 0x00, 0x00, 0x00, 0x04, 0x00, 0x02, 0x00, 0x01, 0x00, 0x02,
0x00, 0x01, 0x00, 0x03, 0x00, 0x08, 0x00, 0x3c, 0x00, 0x56, 0x00, 0x01, 0x00, 0x00, 0x00, 0x01,
0x00, 0x08, 0x00, 0x01, 0x00, 0x0a, 0x00, 0x05, 0x00, 0x10, 0x00, 0x20, 0x00, 0x02, 0x00, 0x05,
0x00, 0x01, 0x00, 0x13, 0x00, 0x00, 0x00, 0x15, 0x00, 0x1a, 0x00, 0x13, 0x00, 0x20, 0x00, 0x3c,
0x00, 0x19, 0x00, 0x8d, 0x00, 0x8d, 0x00, 0x36, 0x02, 0x74, 0x02, 0x75, 0x00, 0x37, 0x00, 0x09,
0x00, 0x08, 0x00, 0x02, 0x00, 0x0a, 0x00, 0x12, 0x00, 0x01, 0x00, 0x02, 0x00, 0x00, 0x1d, 0x9a,
0x00, 0x01, 0x00, 0x02, 0x00, 0x00, 0x23, 0x02, 0x00, 0x02, 0x00, 0x08, 0x00, 0x02, 0x00, 0x0a,
0x02, 0x52, 0x00, 0x01, 0x00, 0x5c, 0x00, 0x04, 0x00, 0x00, 0x00, 0x29, 0x00, 0xb2, 0x01, 0x1e,
0x02, 0x42, 0x00, 0xc0, 0x00, 0xe6, 0x01, 0x00, 0x01, 0x1e, 0x01, 0x1e, 0x01, 0x24, 0x01, 0x2e,
0x01, 0x44, 0x01, 0xc8, 0x02, 0x42, 0x01, 0x4a, 0x01, 0xc2, 0x01, 0xc2, 0x02, 0x30, 0x02, 0x30,
0x01, 0x54, 0x01, 0x5a, 0x01, 0x64, 0x01, 0xce, 0x01, 0xce, 0x01, 0xc2, 0x01, 0xc8, 0x01, 0xce,
0x02, 0x42, 0x01, 0xd8, 0x01, 0xe2, 0x01, 0xe8, 0x01, 0xf6, 0x02, 0x04, 0x02, 0x0a, 0x02, 0x10,
0x02, 0x26, 0x02, 0x26, 0x02, 0x26, 0x02, 0x30, 0x02, 0x30, 0x02, 0x30, 0x02, 0x42, 0x00, 0x01,
0x00, 0x29, 0x00, 0x7d, 0x00, 0x93, 0x00, 0x94, 0x00, 0x98, 0x00, 0x99, 0x00, 0x9a, 0x00, 0x9c,
0x00, 0x9d, 0x00, 0xa1, 0x00, 0xda, 0x00, 0xdc, 0x00, 0xe7, 0x00, 0xf2, 0x00, 0xf4, 0x00, 0xf8,
0x00, 0xf9, 0x00, 0xfa, 0x00, 0xfb, 0x00, 0xff, 0x01, 0x05, 0x01, 0x15, 0x01, 0x16, 0x01, 0x17,
0x01, 0x19, 0x01, 0x1a, 0x01, 0x1b, 0x01, 0x20, 0x01, 0x48, 0x01, 0x82, 0x01, 0x8f, 0x01, 0x9b,
0x01, 0x9f, 0x01, 0xa0, 0x01, 0xa7, 0x01, 0xaf, 0x01, 0xb0, 0x01, 0xb1, 0x02, 0x4f, 0x02, 0x64,
0x02, 0x65, 0x02, 0x7e, 0x00, 0x03, 0x01, 0x04, 0xff, 0xaf, 0x01, 0x14, 0xff, 0xbb, 0x01, 0x15,
0xff, 0xbb, 0x00, 0x09, 0x00, 0xfa, 0xff, 0xce, 0x00, 0xfb, 0xff, 0xce, 0x01, 0x16, 0xff, 0xf9,
0x01, 0x17, 0xff, 0xf9, 0x01, 0x19, 0xff, 0xf5, 0x01, 0x1b, 0xff, 0xf9, 0x02, 0x4f, 0xff, 0xce,
0x02, 0x64, 0xff, 0xce, 0x02, 0x65, 0xff, 0xce, 0x00, 0x06, 0x00, 0xfa, 0xff, 0xc0, 0x00, 0xfb,
0xff, 0xc0, 0x01, 0x15, 0xff, 0xa3, 0x02, 0x4f, 0xff, 0xc0, 0x02, 0x64, 0xff, 0xc0, 0x02, 0x65,
0xff, 0xc0, 0x00, 0x07, 0x00, 0x98, 0xff, 0xec, 0x00, 0x9c, 0xff, 0xec, 0x00, 0xa0, 0xff, 0x80,
0x00, 0xda, 0xff, 0xa3, 0x00, 0xef, 0xff, 0x8c, 0x01, 0x04, 0xff, 0x46, 0x01, 0x15, 0xfe, 0xbb,
0x00, 0x01, 0x01, 0x15, 0xff, 0xa3, 0x00, 0x02, 0x01, 0x15, 0xff, 0xa3, 0x01, 0xb6, 0xff, 0xb3,
0x00, 0x05, 0x00, 0xf4, 0xff, 0x80, 0x00, 0xf8, 0xff, 0xbb, 0x00, 0xf9, 0xff, 0xbb, 0x01, 0x19,
0xff, 0xd2, 0x01, 0xa8, 0xff, 0xa3, 0x00, 0x01, 0x00, 0xf4, 0xff, 0xbb, 0x00, 0x02, 0x00, 0xf4,
0xff, 0x9c, 0x01, 0x04, 0xff, 0xcc, 0x00, 0x01, 0x00, 0xf4, 0xff, 0xaf, 0x00, 0x02, 0x00, 0x9a,
0xff, 0x69, 0x00, 0xf4, 0xff, 0x69, 0x00, 0x17, 0x00, 0x93, 0xff, 0xa3, 0x00, 0x94, 0xff, 0x23,
0x00, 0x96, 0xff, 0xa3, 0x00, 0x97, 0xff, 0x8c, 0x00, 0x98, 0xff, 0xa3, 0x00, 0x99, 0xff, 0xa3,
0x00, 0x9b, 0xff, 0xa3, 0x00, 0x9c, 0xff, 0xa3, 0x00, 0x9d, 0xff, 0xa3, 0x00, 0x9e, 0xff, 0x23,
0x00, 0x9f, 0xff, 0xa3, 0x00, 0xa0, 0xff, 0x8c, 0x00, 0xa2, 0xff, 0xa3, 0x00, 0xe7, 0xff, 0xaf,
0x00, 0xf2, 0x00, 0x45, 0x00, 0xf4, 0xff, 0x5e, 0x01, 0x16, 0xff, 0x75, 0x01, 0x17, 0xff, 0x75,
0x01, 0x1a, 0xff, 0xaf, 0x01, 0x1b, 0xff, 0x75, 0x01, 0x20, 0xff, 0xa3, 0x01, 0xc3, 0x00, 0x45,
0x02, 0x7e, 0x00, 0x45, 0x00, 0x01, 0x00, 0xda, 0xff, 0xbb, 0x00, 0x01, 0x01, 0x15, 0xff, 0xaf,
0x00, 0x02, 0x00, 0xda, 0xff, 0xbb, 0x01, 0x15, 0xff, 0x75, 0x00, 0x02, 0x01, 0x44, 0xff, 0xa7,
0x01, 0x4a, 0xff, 0xf3, 0x00, 0x01, 0x01, 0x8c, 0x00, 0x10, 0x00, 0x03, 0x01, 0x8b, 0xff, 0xba,
0x01, 0x8c, 0xff, 0xf5, 0x01, 0x91, 0xff, 0xf5, 0x00, 0x03, 0x01, 0xaf, 0xff, 0xdb, 0x01, 0xb0,
0xff, 0xdb, 0x01, 0xb1, 0xff, 0xdb, 0x00, 0x01, 0x01, 0x82, 0x00, 0x30, 0x00, 0x01, 0x01, 0x82,
0xff, 0xe3, 0x00, 0x05, 0x01, 0x82, 0xff, 0x4a, 0x01, 0xa2, 0xff, 0xc6, 0x01, 0xaf, 0xff, 0xa9,
0x01, 0xb0, 0xff, 0xa9, 0x01, 0xb1, 0xff, 0xa9, 0x00, 0x02, 0x01, 0x9b, 0xff, 0xdb, 0x01, 0xa7,
0xff, 0xee, 0x00, 0x04, 0x00, 0x98, 0xff, 0xed, 0x00, 0x9c, 0xff, 0xea, 0x00, 0xdb, 0xff, 0xef,
0x01, 0xc0, 0xff, 0xd6, 0x00, 0x01, 0x01, 0x15, 0x00, 0x19, 0x00, 0x02, 0x15, 0x98, 0x00, 0x04,
0x00, 0x00, 0x16, 0x86, 0x18, 0xd6, 0x00, 0x35, 0x00, 0x34, 0x00, 0x00, 0x00, 0x00, 0x00, 0x00,
0x00, 0x00, 0x00, 0x00, 0x00, 0x00, 0x00, 0x00, 0x00, 0x00, 0x00, 0x00, 0x00, 0x00, 0x00, 0x00,
0x00, 0x00, 0x00, 0x00, 0x00, 0x00, 0x00, 0x00, 0x00, 0x00, 0x00, 0x00, 0x00, 0x00, 0x00, 0x00,
0x00, 0x00, 0x00, 0x00, 0x00, 0x00, 0x00, 0x00, 0x00, 0x00, 0x00, 0x00, 0x00, 0x00, 0xff, 0xea,
0x00, 0x00, 0x00, 0x00, 0x00, 0x00, 0x00, 0x00, 0x00, 0x00, 0xff, 0xf1, 0x00, 0x00, 0xff, 0xa0,
0x00, 0x00, 0x00, 0x00, 0x00, 0x00, 0x00, 0x00, 0x00, 0x00, 0x00, 0x00, 0xff, 0xca, 0x00, 0x00,
0x00, 0x00, 0x00, 0x00, 0x00, 0x00, 0x00, 0x00, 0x00, 0x00, 0x00, 0x00, 0x00, 0x00, 0xff, 0xcc,
0x00, 0x00, 0x00, 0x00, 0x00, 0x00, 0x00, 0x00, 0x00, 0x00, 0x00, 0x00, 0x00, 0x00, 0x00, 0x00,
0x00, 0x00, 0x00, 0x00, 0x00, 0x00, 0x00, 0x00, 0x00, 0x00, 0x00, 0x00, 0x00, 0x00, 0x00, 0x00,
0x00, 0x00, 0x00, 0x00, 0x00, 0x00, 0x00, 0x00, 0x00, 0x00, 0x00, 0x00, 0x00, 0x00, 0x00, 0x00,
0x00, 0x00, 0x00, 0x00, 0x00, 0x00, 0x00, 0x00, 0x00, 0x00, 0x00, 0x00, 0x00, 0x00, 0x00, 0x00,
0x00, 0x00, 0x00, 0x00, 0x00, 0x00, 0xff, 0x75, 0x00, 0x00, 0x00, 0x00, 0x00, 0x00, 0x00, 0x00,
0x00, 0x00, 0x00, 0x00, 0x00, 0x00, 0x00, 0x00, 0x00, 0x00, 0x00, 0x00, 0x00, 0x00, 0x00, 0x00,
0x00, 0x00, 0x00, 0x00, 0x00, 0x00, 0x00, 0x00, 0x00, 0x00, 0x00, 0x00, 0x00, 0x00, 0x00, 0x00,
0x00, 0x00, 0x00, 0x00, 0x00, 0x00, 0x00, 0x00, 0xff, 0xb0, 0x00, 0x00, 0x00, 0x00, 0x00, 0x00,
0x00, 0x00, 0x00, 0x00, 0x00, 0x00, 0x00, 0x00, 0x00, 0x00, 0x00, 0x00, 0x00, 0x00, 0x00, 0x00,
0x00, 0x00, 0x00, 0x00, 0xff, 0xca, 0x00, 0x00, 0x00, 0x00, 0x00, 0x00, 0x00, 0x00, 0x00, 0x00,
0xff, 0x89, 0x00, 0x00, 0x00, 0x00, 0x00, 0x00, 0x00, 0x00, 0x00, 0x00, 0x00, 0x00, 0xfe, 0xf4,
0x00, 0x00, 0x00, 0x00, 0x00, 0x00, 0x00, 0x00, 0x00, 0x00, 0x00, 0x00, 0x00, 0x00, 0x00, 0x00,
0xff, 0xe2, 0x00, 0x00, 0x00, 0x00, 0x00, 0x00, 0x00, 0x00, 0x00, 0x00, 0x00, 0x00, 0x00, 0x00,
0x00, 0x00, 0x00, 0x00, 0x00, 0x00, 0x00, 0x00, 0x00, 0x00, 0x00, 0x00, 0x00, 0x00, 0x00, 0x00,
0x00, 0x00, 0x00, 0x00, 0x00, 0x00, 0x00, 0x00, 0x00, 0x00, 0x00, 0x00, 0x00, 0x00, 0x00, 0x00,
0x00, 0x00, 0x00, 0x00, 0x00, 0x00, 0x00, 0x00, 0x00, 0x00, 0x00, 0x00, 0x00, 0x00, 0x00, 0x00,
0x00, 0x00, 0x00, 0x00, 0x00, 0x00, 0x00, 0x00, 0x00, 0x00, 0x00, 0x00, 0x00, 0x00, 0x00, 0x00,
0x00, 0x00, 0x00, 0x00, 0x00, 0x00, 0xff, 0xaf, 0x00, 0x00, 0x00, 0x00, 0x00, 0x00, 0x00, 0x00,
0x00, 0x00, 0x00, 0x00, 0x00, 0x00, 0x00, 0x00, 0x00, 0x00, 0x00, 0x00, 0x00, 0x00, 0x00, 0x00,
0x00, 0x00, 0x00, 0x00, 0x00, 0x00, 0x00, 0x00, 0x00, 0x00, 0x00, 0x00, 0x00, 0x00, 0x00, 0x00,
0x00, 0x00, 0x00, 0x00, 0x00, 0x00, 0x00, 0x00, 0x00, 0x00, 0x00, 0x00, 0x00, 0x00, 0x00, 0x00,
0x00, 0x00, 0x00, 0x00, 0x00, 0x19, 0x00, 0x00, 0x00, 0x00, 0x00, 0x00, 0x00, 0x00, 0x00, 0x00,
0x00, 0x00, 0x00, 0x00, 0x00, 0x00, 0x00, 0x00, 0x00, 0x00, 0x00, 0x00, 0x00, 0x00, 0x00, 0x00,
0x00, 0x00, 0x00, 0x00, 0x00, 0x00, 0x00, 0x00, 0x00, 0x00, 0x00, 0x00, 0x00, 0x00, 0x00, 0x00,
0x00, 0x00, 0x00, 0x00, 0x00, 0x00, 0x00, 0x3c, 0x00, 0x00, 0x00, 0x00, 0x00, 0x00, 0x00, 0x00,
0x00, 0x00, 0x00, 0x00, 0x00, 0x00, 0x00, 0x00, 0x00, 0x00, 0x00, 0x00, 0x00, 0x00, 0x00, 0x00,
0x00, 0x00, 0x00, 0x00, 0x00, 0x00, 0x00, 0x00, 0x00, 0x00, 0x00, 0x00, 0x00, 0x00, 0x00, 0x00,
0x00, 0x00, 0x00, 0x00, 0x00, 0x00, 0x00, 0x00, 0x00, 0x00, 0x00, 0x00, 0x00, 0x00, 0x00, 0x00,
0x00, 0x00, 0x00, 0x00, 0x00, 0x00, 0x00, 0x00, 0x00, 0x00, 0x00, 0x00, 0x00, 0x00, 0x00, 0x00,
0x00, 0x00, 0x00, 0x00, 0x00, 0x00, 0x00, 0x00, 0x00, 0x00, 0x00, 0x00, 0x00, 0x00, 0x00, 0x00,
0x00, 0x00, 0x00, 0x00, 0x00, 0x00, 0xff, 0x80, 0x00, 0x00, 0x00, 0x00, 0x00, 0x00, 0x00, 0x00,
0x00, 0x00, 0x00, 0x00, 0x00, 0x00, 0x00, 0x00, 0x00, 0x00, 0x00, 0x00, 0x00, 0x00, 0x00, 0x00,
0x00, 0x00, 0x00, 0x00, 0x00, 0x00, 0x00, 0x00, 0x00, 0x00, 0x00, 0x00, 0x00, 0x00, 0x00, 0x00,
0x00, 0x00, 0x00, 0x00, 0x00, 0x00, 0x00, 0x00, 0x00, 0x00, 0x00, 0x00, 0x00, 0x00, 0x00, 0x00,
0x00, 0x00, 0x00, 0x00, 0x00, 0x00, 0x00, 0x00, 0x00, 0x00, 0x00, 0x00, 0x00, 0x00, 0x00, 0x00,
0x00, 0x00, 0x00, 0x00, 0x00, 0x00, 0x00, 0x00, 0x00, 0x00, 0x00, 0x00, 0x00, 0x00, 0x00, 0x00,
0x00, 0x00, 0x00, 0x00, 0x00, 0x00, 0x00, 0x00, 0x00, 0x00, 0x00, 0x00, 0x00, 0x00, 0x00, 0x00,
0x00, 0x00, 0x00, 0x00, 0x00, 0x00, 0x00, 0x00, 0x00, 0x00, 0x00, 0x00, 0x00, 0x00, 0x00, 0x00,
0x00, 0x00, 0xff, 0xfc, 0x00, 0x00, 0x00, 0x00, 0x00, 0x00, 0x00, 0x00, 0x00, 0x00, 0x00, 0x00,
0x00, 0x00, 0x00, 0x00, 0x00, 0x00, 0x00, 0x00, 0x00, 0x00, 0x00, 0x00, 0x00, 0x00, 0x00, 0x00,
0xff, 0xa6, 0x00, 0x00, 0x00, 0x00, 0xff, 0x41, 0x00, 0x00, 0x00, 0x00, 0x00, 0x00, 0x00, 0x00,
0xff, 0x4c, 0xff, 0xc7, 0x00, 0x00, 0x00, 0x00, 0x00, 0x00, 0x00, 0x00, 0x00, 0x00, 0x00, 0x00,
0x00, 0x00, 0x00, 0x00, 0x00, 0x00, 0xff, 0x98, 0xff, 0x4a, 0x00, 0x00, 0x00, 0x00, 0x00, 0x00,
0x00, 0x00, 0xff, 0xce, 0x00, 0x00, 0x00, 0x00, 0x00, 0x00, 0xff, 0xca, 0x00, 0x00, 0x00, 0x00,
0x00, 0x00, 0x00, 0x00, 0xff, 0xd4, 0x00, 0x00, 0x00, 0x00, 0x00, 0x00, 0x00, 0x00, 0x00, 0x00,
0x00, 0x00, 0x00, 0x00, 0x00, 0x00, 0x00, 0x00, 0x00, 0x00, 0x00, 0x00, 0xff, 0xbb, 0xff, 0x98,
0x00, 0x00, 0x00, 0x00, 0xff, 0xbb, 0x00, 0x00, 0xff, 0xaf, 0x00, 0x00, 0x00, 0x00, 0xff, 0x5e,
0xff, 0xe1, 0xff, 0x49, 0x00, 0x00, 0x00, 0x00, 0xff, 0x80, 0x00, 0x00, 0x00, 0x00, 0x00, 0x00,
0x00, 0x00, 0x00, 0x00, 0x00, 0x00, 0x00, 0x00, 0xff, 0xbb, 0xff, 0xbb, 0x00, 0x00, 0xff, 0x98,
0xff, 0xa5, 0x00, 0x00, 0x00, 0x00, 0x00, 0x00, 0xff, 0x6f, 0x00, 0x00, 0x00, 0x00, 0xff, 0x66,
0xff, 0xeb, 0x00, 0x00, 0x00, 0x00, 0xff, 0x46, 0xff, 0xeb, 0x00, 0x00, 0x00, 0x00, 0x00, 0x00,
0x00, 0x00, 0x00, 0x00, 0x00, 0x00, 0x00, 0x00, 0x00, 0x00, 0x00, 0x00, 0x00, 0x1d, 0x00, 0x00,
0x00, 0x00, 0x00, 0x00, 0x00, 0x00, 0x00, 0x00, 0x00, 0x00, 0x00, 0x00, 0x00, 0x00, 0x00, 0x00,
0x00, 0x00, 0x00, 0x00, 0x00, 0x00, 0x00, 0x00, 0x00, 0x00, 0x00, 0x00, 0x00, 0x00, 0x00, 0x00,
0x00, 0x00, 0x00, 0x00, 0x00, 0x00, 0x00, 0x00, 0x00, 0x00, 0x00, 0x00, 0x00, 0x00, 0x00, 0x00,
0x00, 0x00, 0x00, 0x00, 0x00, 0x00, 0x00, 0x00, 0x00, 0x00, 0x00, 0x00, 0x00, 0x00, 0x00, 0x00,
0x00, 0x00, 0x00, 0x00, 0x00, 0x00, 0x00, 0x00, 0x00, 0x00, 0x00, 0x00, 0x00, 0x00, 0x00, 0x00,
0x00, 0x00, 0x00, 0x00, 0x00, 0x00, 0x00, 0x00, 0x00, 0x00, 0x00, 0x00, 0x00, 0x00, 0x00, 0x00,
0x00, 0x00, 0x00, 0x00, 0x00, 0x00, 0x00, 0x00, 0x00, 0x00, 0x00, 0x00, 0x00, 0x00, 0x00, 0x00,
0x00, 0x00, 0xff, 0xb0, 0x00, 0x00, 0x00, 0x00, 0x00, 0x00, 0xff, 0xa6, 0x00, 0x00, 0x00, 0x00,
0x00, 0x00, 0x00, 0x00, 0x00, 0x00, 0x00, 0x00, 0x00, 0x00, 0x00, 0x00, 0x00, 0x00, 0x00, 0x00,
0x00, 0x00, 0x00, 0x00, 0xff, 0x34, 0x00, 0x00, 0x00, 0x00, 0x00, 0x00, 0x00, 0x00, 0x00, 0x00,
0x00, 0x00, 0x00, 0x00, 0x00, 0x00, 0x00, 0x00, 0xff, 0xf5, 0x00, 0x00, 0x00, 0x00, 0xff, 0xb2,
0x00, 0x00, 0x00, 0x00, 0x00, 0x00, 0x00, 0x00, 0x00, 0x00, 0x00, 0x00, 0x00, 0x00, 0x00, 0x00,
0x00, 0x00, 0x00, 0x00, 0x00, 0x00, 0x00, 0x00, 0x00, 0x00, 0x00, 0x00, 0xff, 0xaf, 0x00, 0x00,
0x00, 0x00, 0x00, 0x00, 0x00, 0x00, 0x00, 0x00, 0x00, 0x00, 0x00, 0x00, 0x00, 0x00, 0x00, 0x00,
0x00, 0x00, 0xff, 0x4e, 0x00, 0x00, 0x00, 0x00, 0xff, 0xdb, 0x00, 0x00, 0x00, 0x00, 0x00, 0x00,
0x00, 0x00, 0x00, 0x00, 0x00, 0x00, 0x00, 0x00, 0xff, 0x80, 0x00, 0x00, 0x00, 0x00, 0x00, 0x00,
0x00, 0x00, 0x00, 0x00, 0x00, 0x00, 0x00, 0x00, 0x00, 0x00, 0x00, 0x00, 0x00, 0x00, 0x00, 0x00,
0x00, 0x00, 0x00, 0x00, 0x00, 0x00, 0x00, 0x00, 0x00, 0x00, 0x00, 0x00, 0x00, 0x00, 0x00, 0x00,
0x00, 0x00, 0x00, 0x00, 0x00, 0x00, 0x00, 0x00, 0x00, 0x00, 0x00, 0x00, 0x00, 0x00, 0x00, 0x00,
0x00, 0x00, 0x00, 0x00, 0x00, 0x00, 0x00, 0x00, 0x00, 0x00, 0x00, 0x00, 0x00, 0x00, 0x00, 0x00,
0x00, 0x00, 0x00, 0x00, 0x00, 0x00, 0x00, 0x00, 0x00, 0x00, 0x00, 0x00, 0x00, 0x00, 0xff, 0xdb,
0x00, 0x00, 0x00, 0x00, 0xff, 0xe7, 0x00, 0x00, 0x00, 0x00, 0x00, 0x00, 0x00, 0x00, 0x00, 0x00,
0x00, 0x00, 0x00, 0x00, 0x00, 0x00, 0x00, 0x00, 0x00, 0x00, 0x00, 0x00, 0x00, 0x00, 0x00, 0x00,
0xff, 0xbb, 0x00, 0x00, 0x00, 0x00, 0x00, 0x00, 0xff, 0xe9, 0x00, 0x00, 0x00, 0x00, 0xff, 0x8a,
0x00, 0x00, 0x00, 0x00, 0x00, 0x00, 0x00, 0x00, 0x00, 0x00, 0x00, 0x00, 0x00, 0x00, 0x00, 0x00,
0x00, 0x00, 0x00, 0x00, 0x00, 0x00, 0x00, 0x00, 0x00, 0x00, 0x00, 0x00, 0x00, 0x00, 0x00, 0x00,
0x00, 0x00, 0x00, 0x00, 0x00, 0x00, 0x00, 0x00, 0x00, 0x00, 0x00, 0x00, 0x00, 0x00, 0x00, 0x00,
0xff, 0xe1, 0xfe, 0xe9, 0x00, 0x00, 0x00, 0x00, 0x00, 0x00, 0x00, 0x00, 0x00, 0x00, 0x00, 0x00,
0x00, 0x00, 0x00, 0x00, 0x00, 0x00, 0x00, 0x00, 0xff, 0xa3, 0x00, 0x00, 0x00, 0x00, 0x00, 0x00,
0x00, 0x00, 0x00, 0x00, 0x00, 0x00, 0x00, 0x00, 0x00, 0x00, 0x00, 0x00, 0x00, 0x00, 0x00, 0x00,
0x00, 0x00, 0x00, 0x00, 0x00, 0x00, 0x00, 0x00, 0x00, 0x00, 0x00, 0x00, 0x00, 0x00, 0x00, 0x00,
0x00, 0x00, 0x00, 0x00, 0x00, 0x00, 0x00, 0x00, 0x00, 0x00, 0x00, 0x00, 0x00, 0x00, 0x00, 0x00,
0x00, 0x00, 0x00, 0x00, 0x00, 0x00, 0x00, 0x00, 0x00, 0x00, 0x00, 0x00, 0x00, 0x00, 0x00, 0x00,
0x00, 0x19, 0x00, 0x00, 0x00, 0x00, 0x00, 0x00, 0x00, 0x00, 0x00, 0x00, 0x00, 0x00, 0x00, 0x00,
0xff, 0xf1, 0x00, 0x00, 0x00, 0x00, 0x00, 0x00, 0x00, 0x00, 0x00, 0x00, 0x00, 0x00, 0x00, 0x00,
0x00, 0x00, 0x00, 0x00, 0x00, 0x00, 0x00, 0x00, 0x00, 0x00, 0x00, 0x00, 0x00, 0x00, 0x00, 0x00,
0x00, 0x00, 0x00, 0x00, 0x00, 0x00, 0x00, 0x00, 0x00, 0x00, 0x00, 0x00, 0x00, 0x00, 0x00, 0x00,
0x00, 0x00, 0x00, 0x00, 0x00, 0x00, 0x00, 0x00, 0x00, 0x00, 0x00, 0x00, 0x00, 0x00, 0x00, 0x00,
0x00, 0x00, 0x00, 0x00, 0x00, 0x00, 0x00, 0x00, 0x00, 0x00, 0x00, 0x00, 0x00, 0x00, 0x00, 0x00,
0x00, 0x00, 0x00, 0x00, 0x00, 0x00, 0x00, 0x00, 0x00, 0x00, 0x00, 0x00, 0x00, 0x00, 0x00, 0x00,
0x00, 0x00, 0x00, 0x00, 0x00, 0x00, 0x00, 0x00, 0x00, 0x00, 0x00, 0x00, 0x00, 0x00, 0x00, 0x00,
0x00, 0x00, 0x00, 0x00, 0x00, 0x00, 0x00, 0x00, 0x00, 0x00, 0x00, 0x00, 0x00, 0x00, 0x00, 0x00,
0x00, 0x00, 0x00, 0x00, 0x00, 0x00, 0x00, 0x00, 0x00, 0x00, 0x00, 0x00, 0x00, 0x00, 0x00, 0x00,
0x00, 0x00, 0x00, 0x00, 0x00, 0x00, 0x00, 0x00, 0x00, 0x00, 0x00, 0x00, 0x00, 0x00, 0x00, 0x00,
0x00, 0x00, 0x00, 0x00, 0x00, 0x00, 0x00, 0x00, 0x00, 0x00, 0x00, 0x00, 0x00, 0x00, 0x00, 0x00,
0x00, 0x00, 0x00, 0x00, 0x00, 0x00, 0x00, 0x00, 0x00, 0x00, 0x00, 0x00, 0x00, 0x00, 0x00, 0x00,
0x00, 0x00, 0x00, 0x00, 0x00, 0x00, 0x00, 0x00, 0x00, 0x00, 0x00, 0x00, 0x00, 0x00, 0x00, 0x00,
0x00, 0x00, 0x00, 0x00, 0x00, 0x00, 0x00, 0x00, 0x00, 0x00, 0x00, 0x00, 0xff, 0xdb, 0x00, 0x00,
0x00, 0x00, 0x00, 0x00, 0x00, 0x00, 0x00, 0x00, 0x00, 0x00, 0x00, 0x00, 0x00, 0x00, 0x00, 0x00,
0x00, 0x00, 0xff, 0xb6, 0x00, 0x00, 0x00, 0x00, 0x00, 0x00, 0x00, 0x00, 0x00, 0x00, 0x00, 0x00,
0x00, 0x00, 0x00, 0x00, 0x00, 0x00, 0x00, 0x00, 0x00, 0x00, 0x00, 0x00, 0x00, 0x00, 0xff, 0xee,
0x00, 0x00, 0x00, 0x00, 0x00, 0x00, 0x00, 0x00, 0x00, 0x00, 0x00, 0x00, 0x00, 0x00, 0x00, 0x00,
0x00, 0x00, 0x00, 0x00, 0x00, 0x00, 0x00, 0x00, 0x00, 0x00, 0x00, 0x00, 0x00, 0x00, 0x00, 0x00,
0x00, 0x00, 0x00, 0x00, 0x00, 0x00, 0x00, 0x00, 0x00, 0x00, 0x00, 0x00, 0x00, 0x00, 0x00, 0x00,
0x00, 0x00, 0x00, 0x00, 0x00, 0x00, 0x00, 0x00, 0x00, 0x00, 0x00, 0x00, 0x00, 0x00, 0x00, 0x00,
0x00, 0x00, 0x00, 0x00, 0x00, 0x00, 0x00, 0x00, 0x00, 0x00, 0x00, 0x00, 0xff, 0xb6, 0x00, 0x00,
0x00, 0x00, 0x00, 0x00, 0x00, 0x00, 0x00, 0x00, 0x00, 0x00, 0x00, 0x00, 0x00, 0x00, 0x00, 0x00,
0x00, 0x00, 0x00, 0x00, 0x00, 0x00, 0x00, 0x00, 0x00, 0x00, 0x00, 0x00, 0x00, 0x00, 0x00, 0x00,
0x00, 0x00, 0x00, 0x00, 0x00, 0x00, 0x00, 0x00, 0x00, 0x00, 0x00, 0x00, 0x00, 0x00, 0x00, 0x00,
0x00, 0x00, 0x00, 0x00, 0x00, 0x00, 0x00, 0x00, 0x00, 0x00, 0xff, 0xd4, 0x00, 0x00, 0x00, 0x00,
0x00, 0x00, 0xff, 0xed, 0x00, 0x00, 0x00, 0x00, 0x00, 0x00, 0x00, 0x00, 0x00, 0x00, 0x00, 0x00,
0x00, 0x00, 0x00, 0x00, 0x00, 0x00, 0x00, 0x00, 0xff, 0xbb, 0x00, 0x00, 0x00, 0x00, 0x00, 0x00,
0x00, 0x00, 0x00, 0x00, 0x00, 0x00, 0x00, 0x00, 0x00, 0x00, 0x00, 0x00, 0x00, 0x00, 0x00, 0x00,
0x00, 0x00, 0x00, 0x00, 0x00, 0x00, 0x00, 0x00, 0x00, 0x00, 0x00, 0x00, 0x00, 0x00, 0x00, 0x00,
0x00, 0x00, 0x00, 0x00, 0x00, 0x00, 0x00, 0x00, 0x00, 0x00, 0x00, 0x00, 0x00, 0x00, 0x00, 0x00,
0x00, 0x00, 0x00, 0x00, 0x00, 0x00, 0x00, 0x00, 0x00, 0x00, 0x00, 0x00, 0x00, 0x00, 0x00, 0x00,
0x00, 0x00, 0x00, 0x00, 0x00, 0x00, 0x00, 0x00, 0x00, 0x00, 0x00, 0x00, 0x00, 0x00, 0x00, 0x00,
0x00, 0x00, 0x00, 0x00, 0x00, 0x00, 0x00, 0x00, 0x00, 0x00, 0x00, 0x00, 0x00, 0x00, 0x00, 0x00,
0x00, 0x00, 0x00, 0x00, 0x00, 0x00, 0x00, 0x00, 0x00, 0x00, 0x00, 0x00, 0x00, 0x00, 0x00, 0x00,
0x00, 0x00, 0x00, 0x00, 0x00, 0x00, 0x00, 0x00, 0x00, 0x00, 0x00, 0x00, 0x00, 0x00, 0x00, 0x00,
0x00, 0x00, 0x00, 0x00, 0x00, 0x00, 0x00, 0x00, 0x00, 0x00, 0x00, 0x00, 0x00, 0x00, 0x00, 0x00,
0x00, 0x00, 0x00, 0x00, 0x00, 0x00, 0x00, 0x00, 0x00, 0x00, 0x00, 0x00, 0x00, 0x00, 0x00, 0x00,
0x00, 0x00, 0x00, 0x00, 0x00, 0x00, 0x00, 0x00, 0x00, 0x00, 0xff, 0xc7, 0x00, 0x00, 0x00, 0x00,
0x00, 0x00, 0x00, 0x00, 0x00, 0x00, 0x00, 0x00, 0x00, 0x00, 0x00, 0x00, 0x00, 0x00, 0x00, 0x00,
0x00, 0x00, 0x00, 0x00, 0x00, 0x00, 0x00, 0x00, 0x00, 0x00, 0x00, 0x00, 0x00, 0x00, 0x00, 0x00,
0x00, 0x00, 0x00, 0x00, 0x00, 0x00, 0x00, 0x00, 0x00, 0x00, 0x00, 0x00, 0x00, 0x00, 0xff, 0xd6,
0x00, 0x00, 0x00, 0x00, 0x00, 0x00, 0x00, 0x00, 0x00, 0x00, 0x00, 0x00, 0xff, 0xd8, 0x00, 0x00,
0x00, 0x00, 0x00, 0x00, 0x00, 0x00, 0x00, 0x00, 0x00, 0x00, 0x00, 0x00, 0x00, 0x00, 0x00, 0x00,
0x00, 0x00, 0x00, 0x00, 0x00, 0x00, 0x00, 0x00, 0x00, 0x00, 0x00, 0x00, 0x00, 0x00, 0x00, 0x00,
0x00, 0x00, 0x00, 0x00, 0x00, 0x00, 0x00, 0x00, 0x00, 0x00, 0x00, 0x00, 0x00, 0x00, 0xff, 0xdb,
0x00, 0x00, 0x00, 0x00, 0x00, 0x00, 0x00, 0x00, 0x00, 0x00, 0x00, 0x00, 0x00, 0x00, 0x00, 0x00,
0x00, 0x00, 0x00, 0x00, 0x00, 0x00, 0x00, 0x00, 0x00, 0x00, 0x00, 0x00, 0x00, 0x00, 0x00, 0x00,
0x00, 0x00, 0x00, 0x00, 0x00, 0x00, 0x00, 0x00, 0x00, 0x00, 0x00, 0x00, 0x00, 0x00, 0x00, 0x00,
0x00, 0x00, 0x00, 0x00, 0x00, 0x00, 0xff, 0xea, 0x00, 0x00, 0x00, 0x00, 0x00, 0x00, 0x00, 0x00,
0x00, 0x00, 0x00, 0x00, 0x00, 0x00, 0x00, 0x00, 0x00, 0x00, 0x00, 0x00, 0x00, 0x00, 0x00, 0x00,
0x00, 0x00, 0xff, 0xe2, 0x00, 0x00, 0x00, 0x00, 0x00, 0x00, 0x00, 0x00, 0x00, 0x00, 0x00, 0x00,
0x00, 0x00, 0x00, 0x00, 0x00, 0x00, 0x00, 0x00, 0x00, 0x00, 0x00, 0x00, 0x00, 0x00, 0x00, 0x00,
0x00, 0x00, 0x00, 0x00, 0x00, 0x00, 0x00, 0x00, 0x00, 0x00, 0x00, 0x00, 0x00, 0x00, 0x00, 0x00,
0x00, 0x00, 0x00, 0x00, 0x00, 0x00, 0x00, 0x00, 0x00, 0x00, 0x00, 0x00, 0x00, 0x00, 0x00, 0x00,
0x00, 0x00, 0x00, 0x00, 0x00, 0x00, 0x00, 0x00, 0x00, 0x00, 0x00, 0x00, 0x00, 0x00, 0x00, 0x00,
0x00, 0x00, 0x00, 0x00, 0x00, 0x00, 0x00, 0x00, 0x00, 0x00, 0x00, 0x00, 0x00, 0x00, 0x00, 0x00,
0x00, 0x00, 0x00, 0x00, 0x00, 0x00, 0x00, 0x00, 0x00, 0x00, 0x00, 0x00, 0x00, 0x00, 0x00, 0x00,
0x00, 0x00, 0xff, 0xbb, 0x00, 0x00, 0x00, 0x00, 0x00, 0x00, 0xff, 0xc2, 0x00, 0x00, 0x00, 0x00,
0x00, 0x00, 0x00, 0x00, 0x00, 0x00, 0x00, 0x00, 0x00, 0x00, 0x00, 0x00, 0x00, 0x00, 0x00, 0x00,
0x00, 0x00, 0x00, 0x00, 0x00, 0x00, 0xff, 0xa9, 0xff, 0xbf, 0x00, 0x00, 0x00, 0x00, 0x00, 0x00,
0xff, 0xf5, 0x00, 0x00, 0x00, 0x00, 0x00, 0x00, 0x00, 0x00, 0x00, 0x00, 0x00, 0x00, 0x00, 0x00,
0x00, 0x00, 0x00, 0x00, 0x00, 0x00, 0x00, 0x00, 0x00, 0x00, 0x00, 0x00, 0x00, 0x00, 0x00, 0x00,
0x00, 0x00, 0x00, 0x00, 0x00, 0x00, 0x00, 0x00, 0x00, 0x00, 0x00, 0x00, 0x00, 0x00, 0x00, 0x00,
0x00, 0x00, 0x00, 0x00, 0x00, 0x00, 0x00, 0x00, 0x00, 0x00, 0x00, 0x00, 0x00, 0x00, 0x00, 0x00,
0x00, 0x00, 0x00, 0x00, 0x00, 0x00, 0x00, 0x00, 0x00, 0x00, 0x00, 0x00, 0x00, 0x00, 0x00, 0x00,
0x00, 0x00, 0x00, 0x00, 0x00, 0x00, 0x00, 0x00, 0x00, 0x00, 0x00, 0x00, 0x00, 0x00, 0x00, 0x00,
0x00, 0x00, 0xff, 0xf5, 0x00, 0x00, 0x00, 0x00, 0x00, 0x00, 0x00, 0x00, 0x00, 0x00, 0x00, 0x00,
0x00, 0x00, 0x00, 0x00, 0x00, 0x00, 0x00, 0x00, 0x00, 0x00, 0x00, 0x00, 0x00, 0x00, 0x00, 0x00,
0x00, 0x00, 0x00, 0x00, 0x00, 0x00, 0x00, 0x00, 0x00, 0x00, 0x00, 0x00, 0x00, 0x00, 0x00, 0x00,
0x00, 0x00, 0x00, 0x00, 0x00, 0x00, 0x00, 0x00, 0x00, 0x00, 0x00, 0x00, 0x00, 0x00, 0x00, 0x00,
0x00, 0x00, 0x00, 0x00, 0x00, 0x00, 0x00, 0x00, 0x00, 0x00, 0x00, 0x00, 0x00, 0x00, 0x00, 0x00,
0x00, 0x00, 0x00, 0x00, 0x00, 0x00, 0x00, 0x00, 0x00, 0x00, 0x00, 0x00, 0x00, 0x00, 0x00, 0x00,
0x00, 0x00, 0x00, 0x00, 0x00, 0x00, 0x00, 0x00, 0x00, 0x00, 0x00, 0x00, 0x00, 0x00, 0xff, 0xf3,
0x00, 0x00, 0x00, 0x00, 0x00, 0x00, 0x00, 0x00, 0x00, 0x00, 0x00, 0x00, 0x00, 0x00, 0x00, 0x00,
0x00, 0x00, 0x00, 0x00, 0x00, 0x00, 0x00, 0x00, 0x00, 0x00, 0xff, 0xe2, 0x00, 0x00, 0x00, 0x00,
0x00, 0x00, 0x00, 0x00, 0x00, 0x00, 0x00, 0x00, 0x00, 0x00, 0x00, 0x00, 0x00, 0x00, 0x00, 0x00,
0x00, 0x00, 0x00, 0x00, 0x00, 0x00, 0x00, 0x00, 0x00, 0x00, 0x00, 0x00, 0x00, 0x00, 0x00, 0x00,
0x00, 0x00, 0x00, 0x00, 0x00, 0x00, 0x00, 0x00, 0x00, 0x00, 0x00, 0x00, 0x00, 0x00, 0x00, 0x00,
0x00, 0x00, 0x00, 0x00, 0x00, 0x00, 0x00, 0x00, 0x00, 0x00, 0x00, 0x00, 0x00, 0x00, 0x00, 0x00,
0x00, 0x00, 0x00, 0x00, 0x00, 0x00, 0x00, 0x00, 0x00, 0x00, 0x00, 0x00, 0x00, 0x00, 0x00, 0x00,
0x00, 0x00, 0x00, 0x00, 0x00, 0x00, 0x00, 0x00, 0x00, 0x00, 0x00, 0x00, 0x00, 0x00, 0x00, 0x00,
0x00, 0x00, 0x00, 0x00, 0x00, 0x00, 0x00, 0x00, 0x00, 0x00, 0x00, 0x00, 0x00, 0x00, 0x00, 0x00,
0x00, 0x00, 0x00, 0x00, 0x00, 0x00, 0x00, 0x00, 0x00, 0x00, 0x00, 0x00, 0x00, 0x00, 0x00, 0x00,
0x00, 0x00, 0x00, 0x00, 0x00, 0x00, 0x00, 0x00, 0x00, 0x00, 0x00, 0x00, 0x00, 0x00, 0x00, 0x00,
0x00, 0x00, 0x00, 0x00, 0x00, 0x00, 0x00, 0x00, 0x00, 0x00, 0x00, 0x00, 0x00, 0x00, 0x00, 0x00,
0x00, 0x00, 0x00, 0x00, 0x00, 0x00, 0x00, 0x00, 0xff, 0xaf, 0x00, 0x00, 0x00, 0x00, 0x00, 0x00,
0x00, 0x00, 0xff, 0xa3, 0x00, 0x00, 0xff, 0x80, 0x00, 0x00, 0xff, 0xbb, 0x00, 0x00, 0x00, 0x00,
0x00, 0x00, 0x00, 0x00, 0xff, 0x98, 0x00, 0x00, 0x00, 0x00, 0x00, 0x00, 0x00, 0x00, 0x00, 0x00,
0x00, 0x00, 0x00, 0x00, 0x00, 0x00, 0xff, 0x98, 0x00, 0x00, 0x00, 0x00, 0x00, 0x00, 0x00, 0x00,
0x00, 0x00, 0x00, 0x00, 0x00, 0x00, 0x00, 0x00, 0x00, 0x00, 0x00, 0x00, 0x00, 0x00, 0x00, 0x00,
0x00, 0x00, 0x00, 0x00, 0x00, 0x00, 0x00, 0x00, 0x00, 0x00, 0x00, 0x00, 0x00, 0x00, 0x00, 0x00,
0x00, 0x00, 0x00, 0x00, 0x00, 0x00, 0x00, 0x00, 0x00, 0x00, 0x00, 0x00, 0x00, 0x00, 0x00, 0x00,
0x00, 0x00, 0x00, 0x00, 0x00, 0x00, 0x00, 0x00, 0x00, 0x00, 0x00, 0x00, 0x00, 0x00, 0xff, 0x2b,
0x00, 0x00, 0x00, 0x00, 0x00, 0x00, 0x00, 0x00, 0x00, 0x00, 0x00, 0x00, 0x00, 0x00, 0x00, 0x00,
0x00, 0x00, 0x00, 0x00, 0x00, 0x00, 0x00, 0x00, 0x00, 0x00, 0x00, 0x00, 0x00, 0x00, 0x00, 0x00,
0x00, 0x00, 0x00, 0x00, 0x00, 0x00, 0x00, 0x00, 0x00, 0x00, 0x00, 0x00, 0x00, 0x00, 0x00, 0x00,
0x00, 0x00, 0x00, 0x00, 0x00, 0x00, 0x00, 0x00, 0x00, 0x00, 0x00, 0x00, 0x00, 0x00, 0x00, 0x00,
0x00, 0x00, 0x00, 0x00, 0x00, 0x00, 0x00, 0x00, 0x00, 0x00, 0x00, 0x00, 0x00, 0x00, 0x00, 0x00,
0x00, 0x00, 0x00, 0x00, 0x00, 0x00, 0x00, 0x00, 0x00, 0x00, 0x00, 0x00, 0x00, 0x00, 0x00, 0x00,
0x00, 0x00, 0x00, 0x00, 0x00, 0x00, 0x00, 0x00, 0x00, 0x00, 0x00, 0x00, 0x00, 0x00, 0x00, 0x00,
0x00, 0x00, 0x00, 0x00, 0x00, 0x00, 0x00, 0x00, 0x00, 0x00, 0xff, 0xdc, 0x00, 0x00, 0x00, 0x00,
0x00, 0x00, 0x00, 0x00, 0x00, 0x00, 0x00, 0x00, 0xff, 0xdd, 0x00, 0x00, 0x00, 0x00, 0x00, 0x00,
0x00, 0x00, 0x00, 0x00, 0x00, 0x00, 0x00, 0x00, 0x00, 0x00, 0x00, 0x00, 0x00, 0x00, 0x00, 0x00,
0x00, 0x00, 0x00, 0x00, 0x00, 0x00, 0x00, 0x00, 0x00, 0x00, 0x00, 0x00, 0x00, 0x00, 0x00, 0x00,
0x00, 0x00, 0x00, 0x00, 0x00, 0x00, 0x00, 0x00, 0x00, 0x00, 0x00, 0x00, 0x00, 0x00, 0x00, 0x00,
0x00, 0x00, 0x00, 0x00, 0x00, 0x00, 0x00, 0x00, 0x00, 0x00, 0x00, 0x00, 0x00, 0x00, 0x00, 0x00,
0x00, 0x00, 0x00, 0x00, 0x00, 0x00, 0x00, 0x00, 0x00, 0x36, 0x00, 0x00, 0x00, 0x00, 0x00, 0x00,
0x00, 0x00, 0x00, 0x00, 0x00, 0x00, 0x00, 0x00, 0x00, 0x00, 0x00, 0x00, 0x00, 0x00, 0x00, 0x00,
0x00, 0x00, 0x00, 0x00, 0x00, 0x00, 0x00, 0x00, 0x00, 0x00, 0x00, 0x00, 0x00, 0x00, 0x00, 0x00,
0x00, 0x00, 0x00, 0x00, 0x00, 0x00, 0x00, 0x00, 0x00, 0x00, 0x00, 0x00, 0x00, 0x00, 0x00, 0x00,
0x00, 0x00, 0x00, 0x00, 0x00, 0x00, 0x00, 0x11, 0x00, 0x00, 0x00, 0x00, 0x00, 0x00, 0x00, 0x00,
0x00, 0x00, 0x00, 0x00, 0x00, 0x00, 0x00, 0x00, 0x00, 0x00, 0x00, 0x00, 0x00, 0x00, 0x00, 0x00,
0x00, 0x00, 0x00, 0x00, 0x00, 0x00, 0x00, 0x00, 0x00, 0x00, 0x00, 0x00, 0x00, 0x00, 0x00, 0x00,
0x00, 0x00, 0x00, 0x00, 0x00, 0x00, 0x00, 0x00, 0x00, 0x00, 0x00, 0x00, 0x00, 0x00, 0x00, 0x00,
0x00, 0x00, 0x00, 0x00, 0x00, 0x00, 0x00, 0x00, 0x00, 0x00, 0x00, 0x00, 0x00, 0x00, 0x00, 0x00,
0x00, 0x00, 0x00, 0x00, 0x00, 0x00, 0x00, 0x00, 0xff, 0xf5, 0x00, 0x00, 0x00, 0x00, 0x00, 0x00,
0xff, 0xc6, 0x00, 0x00, 0x00, 0x00, 0x00, 0x00, 0x00, 0x00, 0x00, 0x00, 0x00, 0x00, 0x00, 0x00,
0xff, 0x9b, 0x00, 0x00, 0x00, 0x00, 0x00, 0x00, 0x00, 0x00, 0x00, 0x00, 0x00, 0x00, 0x00, 0x00,
0x00, 0x00, 0x00, 0x00, 0x00, 0x00, 0x00, 0x00, 0x00, 0x00, 0x00, 0x00, 0x00, 0x00, 0x00, 0x00,
0x00, 0x00, 0x00, 0x00, 0x00, 0x00, 0x00, 0x00, 0x00, 0x00, 0x00, 0x00, 0x00, 0x00, 0x00, 0x00,
0x00, 0x00, 0x00, 0x00, 0x00, 0x00, 0xff, 0xde, 0x00, 0x00, 0x00, 0x00, 0x00, 0x00, 0x00, 0x00,
0x00, 0x00, 0x00, 0x00, 0x00, 0x00, 0x00, 0x00, 0x00, 0x00, 0x00, 0x00, 0x00, 0x00, 0x00, 0x00,
0x00, 0x00, 0x00, 0x00, 0x00, 0x00, 0x00, 0x00, 0x00, 0x00, 0x00, 0x00, 0x00, 0x00, 0x00, 0x00,
0x00, 0x00, 0x00, 0x00, 0x00, 0x00, 0x00, 0x00, 0x00, 0x00, 0x00, 0x00, 0xff, 0x7f, 0x00, 0x00,
0x00, 0x00, 0x00, 0x00, 0x00, 0x00, 0x00, 0x00, 0x00, 0x00, 0x00, 0x00, 0x00, 0x00, 0x00, 0x00,
0x00, 0x00, 0x00, 0x00, 0x00, 0x00, 0x00, 0x00, 0x00, 0x00, 0x00, 0x00, 0x00, 0x00, 0x00, 0x00,
0x00, 0x00, 0x00, 0x00, 0x00, 0x00, 0x00, 0x00, 0x00, 0x00, 0x00, 0x00, 0x00, 0x00, 0x00, 0x00,
0x00, 0x00, 0x00, 0x00, 0x00, 0x00, 0x00, 0x00, 0x00, 0x00, 0x00, 0x00, 0x00, 0x00, 0x00, 0x00,
0x00, 0x21, 0x00, 0x00, 0x00, 0x00, 0x00, 0x00, 0x00, 0x00, 0xff, 0x23, 0x00, 0x00, 0x00, 0x00,
0x00, 0x00, 0x00, 0x00, 0x00, 0x00, 0x00, 0x00, 0x00, 0x00, 0x00, 0x00, 0x00, 0x00, 0x00, 0x00,
0xff, 0x8c, 0x00, 0x00, 0x00, 0x00, 0x00, 0x00, 0xff, 0xbb, 0x00, 0x00, 0x00, 0x00, 0x00, 0x00,
0x00, 0x00, 0x00, 0x00, 0x00, 0x00, 0x00, 0x00, 0x00, 0x00, 0x00, 0x00, 0x00, 0x00, 0x00, 0x00,
0x00, 0x00, 0x00, 0x00, 0x00, 0x00, 0x00, 0x00, 0x00, 0x00, 0x00, 0x00, 0x00, 0x00, 0x00, 0x00,
0x00, 0x00, 0x00, 0x00, 0x00, 0x00, 0x00, 0x00, 0x00, 0x00, 0x00, 0x00, 0x00, 0x00, 0x00, 0x00,
0x00, 0x00, 0x00, 0x00, 0x00, 0x00, 0x00, 0x00, 0x00, 0x00, 0x00, 0x00, 0x00, 0x00, 0x00, 0x00,
0x00, 0x00, 0x00, 0x00, 0x00, 0x00, 0x00, 0x00, 0x00, 0x00, 0x00, 0x00, 0x00, 0x00, 0x00, 0x00,
0x00, 0x00, 0x00, 0x00, 0x00, 0x00, 0x00, 0x00, 0x00, 0x00, 0xff, 0x7b, 0x00, 0x00, 0x00, 0x00,
0x00, 0x00, 0x00, 0x00, 0x00, 0x00, 0x00, 0x00, 0x00, 0x00, 0x00, 0x00, 0x00, 0x00, 0x00, 0x00,
0x00, 0x00, 0x00, 0x00, 0x00, 0x0b, 0x00, 0x00, 0x00, 0x00, 0x00, 0x00, 0x00, 0x00, 0x00, 0x00,
0x00, 0x00, 0x00, 0x00, 0x00, 0x00, 0x00, 0x6e, 0x00, 0x00, 0x00, 0x00, 0x00, 0x00, 0x00, 0x00,
0x00, 0x00, 0x00, 0x00, 0x00, 0x00, 0x00, 0x00, 0x00, 0x00, 0x00, 0x00, 0xff, 0xb3, 0x00, 0x00,
0x00, 0x00, 0x00, 0x00, 0x00, 0x00, 0x00, 0x00, 0x00, 0x00, 0x00, 0x00, 0x00, 0x00, 0x00, 0x00,
0x00, 0x00, 0x00, 0x00, 0x00, 0x00, 0x00, 0x00, 0x00, 0x00, 0x00, 0x00, 0x00, 0x00, 0x00, 0x00,
0x00, 0x00, 0x00, 0x00, 0xff, 0xae, 0x00, 0x00, 0x00, 0x00, 0x00, 0x00, 0x00, 0x00, 0x00, 0x00,
0x00, 0x00, 0x00, 0x00, 0x00, 0x00, 0x00, 0x00, 0x00, 0x00, 0x00, 0x00, 0x00, 0x00, 0x00, 0x00,
0x00, 0x00, 0x00, 0x00, 0x00, 0x00, 0x00, 0x5d, 0x00, 0x00, 0x00, 0x00, 0x00, 0x00, 0x00, 0x00,
0x00, 0x00, 0x00, 0x00, 0x00, 0x00, 0x00, 0x00, 0x00, 0x00, 0x00, 0x00, 0xff, 0xbb, 0x00, 0x00,
0x00, 0x00, 0x00, 0x00, 0x00, 0x00, 0x00, 0x00, 0x00, 0x00, 0x00, 0x00, 0x00, 0x00, 0x00, 0x00,
0x00, 0x00, 0x00, 0x00, 0x00, 0x00, 0x00, 0x00, 0x00, 0x00, 0x00, 0x00, 0x00, 0x00, 0x00, 0x00,
0x00, 0x00, 0x00, 0x00, 0x00, 0x00, 0x00, 0x00, 0x00, 0x00, 0x00, 0x00, 0x00, 0x00, 0x00, 0x00,
0x00, 0x00, 0x00, 0x00, 0x00, 0x00, 0x00, 0x00, 0x00, 0x00, 0x00, 0x00, 0x00, 0x00, 0x00, 0x00,
0x00, 0x00, 0x00, 0x00, 0x00, 0x00, 0x00, 0x00, 0x00, 0x00, 0x00, 0x00, 0x00, 0x00, 0x00, 0x00,
0x00, 0x00, 0x00, 0x00, 0x00, 0x00, 0xff, 0xd3, 0x00, 0x00, 0x00, 0x00, 0x00, 0x00, 0x00, 0x00,
0x00, 0x00, 0x00, 0x00, 0x00, 0x00, 0x00, 0x00, 0x00, 0x00, 0x00, 0x00, 0x00, 0x00, 0x00, 0x00,
0x00, 0x00, 0x00, 0x00, 0x00, 0x00, 0x00, 0x00, 0x00, 0x00, 0xff, 0x35, 0x00, 0x00, 0x00, 0x00,
0x00, 0x00, 0x00, 0x00, 0x00, 0x00, 0x00, 0x00, 0x00, 0x00, 0x00, 0x00, 0x00, 0x00, 0x00, 0x00,
0xff, 0xb1, 0x00, 0x00, 0x00, 0x00, 0x00, 0x00, 0x00, 0x00, 0x00, 0x00, 0x00, 0x00, 0x00, 0x00,
0x00, 0x00, 0x00, 0x00, 0x00, 0x00, 0x00, 0x00, 0x00, 0x00, 0x00, 0x00, 0x00, 0x00, 0x00, 0x00,
0x00, 0x00, 0x00, 0x00, 0x00, 0x00, 0x00, 0x00, 0x00, 0x00, 0x00, 0x00, 0xff, 0xaf, 0x00, 0x00,
0x00, 0x00, 0x00, 0x00, 0x00, 0x00, 0xff, 0xe9, 0x00, 0x00, 0x00, 0x00, 0x00, 0x00, 0x00, 0x00,
0x00, 0x00, 0x00, 0x00, 0x00, 0x00, 0x00, 0x00, 0x00, 0x00, 0x00, 0x00, 0x00, 0x00, 0x00, 0x00,
0x00, 0x00, 0x00, 0x00, 0x00, 0x00, 0x00, 0x00, 0x00, 0x00, 0x00, 0x00, 0x00, 0x00, 0x00, 0x00,
0x00, 0x00, 0x00, 0x00, 0x00, 0x00, 0x00, 0x00, 0x00, 0x00, 0x00, 0x00, 0x00, 0x00, 0xff, 0xca,
0x00, 0x00, 0x00, 0x00, 0x00, 0x00, 0x00, 0x00, 0x00, 0x00, 0x00, 0x00, 0x00, 0x00, 0x00, 0x00,
0x00, 0x00, 0x00, 0x00, 0x00, 0x00, 0x00, 0x00, 0x00, 0x00, 0x00, 0x00, 0x00, 0x00, 0x00, 0x00,
0x00, 0x00, 0x00, 0x00, 0x00, 0x00, 0x00, 0x00, 0x00, 0x00, 0x00, 0x00, 0x00, 0x00, 0x00, 0x00,
0x00, 0x00, 0xff, 0xd4, 0x00, 0x00, 0x00, 0x00, 0x00, 0x00, 0x00, 0x00, 0x00, 0x00, 0x00, 0x00,
0x00, 0x00, 0x00, 0x00, 0x00, 0x00, 0x00, 0x00, 0x00, 0x00, 0xff, 0xae, 0x00, 0x00, 0x00, 0x00,
0x00, 0x00, 0x00, 0x00, 0x00, 0x00, 0x00, 0x00, 0x00, 0x00, 0x00, 0x00, 0x00, 0x00, 0x00, 0x00,
0x00, 0x00, 0x00, 0x00, 0x00, 0x00, 0x00, 0x00, 0x00, 0x00, 0x00, 0x00, 0x00, 0x00, 0x00, 0x00,
0x00, 0x00, 0x00, 0x00, 0x00, 0x00, 0x00, 0x00, 0x00, 0x00, 0x00, 0x00, 0x00, 0x00, 0x00, 0x00,
0x00, 0x00, 0x00, 0x00, 0x00, 0x00, 0x00, 0x00, 0x00, 0x00, 0x00, 0x00, 0x00, 0x00, 0x00, 0x00,
0x00, 0x00, 0x00, 0x00, 0x00, 0x00, 0x00, 0x00, 0x00, 0x00, 0x00, 0x00, 0x00, 0x00, 0x00, 0x00,
0x00, 0x00, 0x00, 0x00, 0x00, 0x00, 0x00, 0x00, 0x00, 0x00, 0x00, 0x00, 0x00, 0x00, 0xff, 0xbb,
0x00, 0x00, 0xff, 0x00, 0x00, 0x00, 0x00, 0x00, 0xff, 0x98, 0x00, 0x00, 0x00, 0x00, 0x00, 0x00,
0x00, 0x00, 0xff, 0xe0, 0x00, 0x00, 0x00, 0x00, 0xff, 0x89, 0x00, 0x00, 0xff, 0x89, 0x00, 0x00,
0xff, 0x80, 0x00, 0x00, 0x00, 0x00, 0x00, 0x00, 0x00, 0x00, 0x00, 0x00, 0x00, 0x00, 0x00, 0x00,
0x00, 0x00, 0xff, 0xde, 0x00, 0x00, 0x00, 0x00, 0x00, 0x00, 0xff, 0xe3, 0x00, 0x00, 0x00, 0x00,
0x00, 0x00, 0x00, 0x00, 0x00, 0x28, 0x00, 0x00, 0x00, 0x00, 0x00, 0x00, 0x00, 0x00, 0xff, 0x89,
0x00, 0x00, 0x00, 0x00, 0x00, 0x00, 0x00, 0x00, 0x00, 0x00, 0x00, 0x00, 0x00, 0x00, 0x00, 0x00,
0x00, 0x00, 0x00, 0x00, 0x00, 0x00, 0x00, 0x00, 0x00, 0x00, 0x00, 0x00, 0x00, 0x00, 0x00, 0x00,
0x00, 0x00, 0x00, 0x00, 0x00, 0x00, 0xff, 0xa9, 0x00, 0x00, 0x00, 0x00, 0xff, 0xee, 0x00, 0x00,
0x00, 0x00, 0xff, 0xbf, 0x00, 0x00, 0x00, 0x00, 0x00, 0x00, 0x00, 0x00, 0x00, 0x00, 0x00, 0x00,
0x00, 0x00, 0x00, 0x00, 0x00, 0x00, 0x00, 0x00, 0x00, 0x00, 0x00, 0x00, 0xff, 0xed, 0x00, 0x00,
0x00, 0x00, 0x00, 0x00, 0xff, 0xf0, 0x00, 0x00, 0x00, 0x00, 0x00, 0x00, 0x00, 0x00, 0x00, 0x16,
0x00, 0x00, 0x00, 0x00, 0xff, 0xda, 0x00, 0x00, 0x00, 0x00, 0x00, 0x00, 0x00, 0x00, 0x00, 0x00,
0x00, 0x00, 0x00, 0x00, 0x00, 0x00, 0x00, 0x00, 0x00, 0x00, 0x00, 0x00, 0x00, 0x00, 0x00, 0x00,
0x00, 0x00, 0x00, 0x00, 0x00, 0x00, 0x00, 0x00, 0x00, 0x00, 0x00, 0x00, 0x00, 0x00, 0x00, 0x00,
0x00, 0x00, 0x00, 0x00, 0x00, 0x00, 0x00, 0x00, 0x00, 0x00, 0x00, 0x00, 0xff, 0xa7, 0x00, 0x00,
0x00, 0x00, 0x00, 0x00, 0x00, 0x00, 0x00, 0x00, 0x00, 0x00, 0x00, 0x00, 0x00, 0x00, 0x00, 0x00,
0x00, 0x00, 0x00, 0x00, 0x00, 0x00, 0x00, 0x00, 0x00, 0x00, 0x00, 0x00, 0x00, 0x00, 0x00, 0x00,
0x00, 0x00, 0x00, 0x00, 0x00, 0x00, 0x00, 0x00, 0x00, 0x00, 0x00, 0x00, 0x00, 0x00, 0x00, 0x00,
0xff, 0xb4, 0x00, 0x00, 0x00, 0x00, 0x00, 0x00, 0x00, 0x00, 0x00, 0x00, 0x00, 0x00, 0x00, 0x00,
0x00, 0x00, 0x00, 0x00, 0x00, 0x00, 0x00, 0x00, 0x00, 0x00, 0x00, 0x00, 0x00, 0x00, 0x00, 0x00,
0x00, 0x00, 0x00, 0x00, 0x00, 0x00, 0x00, 0x00, 0x00, 0x00, 0x00, 0x00, 0x00, 0x00, 0x00, 0x00,
0x00, 0x00, 0x00, 0x00, 0x00, 0x00, 0xff, 0x99, 0x00, 0x00, 0x00, 0x00, 0x00, 0x00, 0x00, 0x00,
0x00, 0x00, 0x00, 0x00, 0x00, 0x00, 0x00, 0x00, 0x00, 0x00, 0x00, 0x00, 0x00, 0x00, 0x00, 0x00,
0x00, 0x00, 0x00, 0x00, 0x00, 0x00, 0xff, 0xed, 0x00, 0x00, 0x00, 0x00, 0x00, 0x00, 0x00, 0x00,
0x00, 0x00, 0x00, 0x1a, 0x00, 0x00, 0x00, 0x00, 0x00, 0x00, 0xff, 0xb4, 0x00, 0x00, 0x00, 0x00,
0x00, 0x00, 0x00, 0x00, 0x00, 0x00, 0x00, 0x00, 0x00, 0x00, 0x00, 0x00, 0x00, 0x00, 0x00, 0x00,
0x00, 0x00, 0x00, 0x00, 0x00, 0x00, 0x00, 0x00, 0x00, 0x00, 0x00, 0x00, 0x00, 0x00, 0x00, 0x00,
0x00, 0x00, 0x00, 0x00, 0x00, 0x00, 0x00, 0x00, 0x00, 0x00, 0x00, 0x00, 0x00, 0x00, 0x00, 0x00,
0x00, 0x00, 0x00, 0x00, 0x00, 0x00, 0x00, 0x00, 0x00, 0x00, 0x00, 0x00, 0x00, 0x00, 0x00, 0x00,
0x00, 0x00, 0x00, 0x00, 0x00, 0x00, 0x00, 0x00, 0x00, 0x00, 0x00, 0x00, 0x00, 0x00, 0x00, 0x00,
0x00, 0x00, 0x00, 0x00, 0x00, 0x00, 0xff, 0xd3, 0x00, 0x00, 0x00, 0x00, 0x00, 0x00, 0x00, 0x00,
0x00, 0x00, 0x00, 0x00, 0x00, 0x00, 0x00, 0x00, 0x00, 0x00, 0x00, 0x00, 0x00, 0x00, 0x00, 0x00,
0x00, 0x00, 0x00, 0x00, 0x00, 0x00, 0x00, 0x00, 0x00, 0x00, 0x00, 0x00, 0x00, 0x00, 0x00, 0x00,
0x00, 0x00, 0xff, 0xbd, 0x00, 0x00, 0x00, 0x00, 0x00, 0x00, 0x00, 0x00, 0x00, 0x00, 0x00, 0x00,
0x00, 0x00, 0x00, 0x00, 0x00, 0x00, 0x00, 0x00, 0x00, 0x00, 0x00, 0x00, 0x00, 0x00, 0xff, 0xc6,
0x00, 0x00, 0x00, 0x00, 0x00, 0x00, 0x00, 0x00, 0xff, 0xde, 0x00, 0x00, 0x00, 0x00, 0xff, 0x9c,
0x00, 0x00, 0x00, 0x00, 0x00, 0x00, 0x00, 0x00, 0x00, 0x00, 0x00, 0x00, 0xff, 0xb0, 0x00, 0x00,
0x00, 0x00, 0x00, 0x00, 0x00, 0x00, 0x00, 0x00, 0x00, 0x00, 0x00, 0x00, 0x00, 0x00, 0x00, 0x00,
0x00, 0x00, 0x00, 0x00, 0x00, 0x00, 0x00, 0x00, 0x00, 0x00, 0x00, 0x00, 0x00, 0x00, 0x00, 0x00,
0x00, 0x00, 0x00, 0x00, 0x00, 0x00, 0x00, 0x00, 0x00, 0x00, 0x00, 0x00, 0x00, 0x00, 0x00, 0x00,
0x00, 0x00, 0x00, 0x00, 0x00, 0x00, 0x00, 0x00, 0x00, 0x00, 0x00, 0x00, 0x00, 0x00, 0x00, 0x00,
0x00, 0x00, 0x00, 0x00, 0x00, 0x00, 0x00, 0x00, 0x00, 0x00, 0x00, 0x00, 0x00, 0x00, 0x00, 0x00,
0x00, 0x00, 0x00, 0x00, 0x00, 0x00, 0x00, 0x00, 0x00, 0x00, 0x00, 0x00, 0x00, 0x00, 0x00, 0x00,
0x00, 0x00, 0x00, 0x00, 0x00, 0x00, 0x00, 0x00, 0xff, 0xd2, 0x00, 0x00, 0x00, 0x00, 0x00, 0x00,
0x00, 0x00, 0x00, 0x00, 0x00, 0x00, 0x00, 0x00, 0x00, 0x00, 0x00, 0x00, 0x00, 0x00, 0x00, 0x00,
0x00, 0x00, 0x00, 0x00, 0x00, 0x00, 0x00, 0x00, 0x00, 0x00, 0x00, 0x00, 0xff, 0xfa, 0x00, 0x00,
0x00, 0x00, 0x00, 0x00, 0x00, 0x00, 0x00, 0x00, 0x00, 0x00, 0x00, 0x00, 0x00, 0x00, 0x00, 0x00,
0x00, 0x00, 0x00, 0x00, 0x00, 0x00, 0x00, 0x00, 0x00, 0x00, 0x00, 0x00, 0x00, 0x00, 0x00, 0x00,
0x00, 0x00, 0x00, 0x00, 0x00, 0x00, 0x00, 0x00, 0x00, 0x00, 0x00, 0x00, 0x00, 0x00, 0x00, 0x00,
0x00, 0x00, 0x00, 0x00, 0x00, 0x00, 0x00, 0x00, 0x00, 0x00, 0x00, 0x00, 0x00, 0x00, 0x00, 0x00,
0x00, 0x00, 0xff, 0xd2, 0x00, 0x00, 0x00, 0x00, 0x00, 0x00, 0x00, 0x00, 0x00, 0x00, 0x00, 0x00,
0x00, 0x00, 0x00, 0x00, 0x00, 0x00, 0x00, 0x00, 0x00, 0x00, 0x00, 0x00, 0x00, 0x00, 0x00, 0x00,
0x00, 0x00, 0xff, 0xaf, 0x00, 0x00, 0x00, 0x00, 0x00, 0x00, 0x00, 0x00, 0x00, 0x00, 0x00, 0x00,
0x00, 0x00, 0x00, 0x00, 0x00, 0x00, 0x00, 0x00, 0x00, 0x00, 0x00, 0x00, 0x00, 0x00, 0x00, 0x00,
0x00, 0x00, 0x00, 0x00, 0x00, 0x00, 0x00, 0x00, 0x00, 0x00, 0x00, 0x00, 0x00, 0x00, 0x00, 0x00,
0x00, 0x00, 0x00, 0x00, 0x00, 0x00, 0x00, 0x0a, 0x00, 0x00, 0x00, 0x00, 0x00, 0x00, 0x00, 0x00,
0x00, 0x00, 0x00, 0x00, 0x00, 0x00, 0x00, 0x00, 0x00, 0x00, 0x00, 0x00, 0x00, 0x00, 0x00, 0x00,
0x00, 0x00, 0x00, 0x00, 0x00, 0x00, 0x00, 0x00, 0x00, 0x00, 0x00, 0x00, 0x00, 0x00, 0x00, 0x00,
0x00, 0x00, 0x00, 0x00, 0x00, 0x00, 0x00, 0x00, 0x00, 0x00, 0x00, 0x00, 0x00, 0x00, 0x00, 0x00,
0x00, 0x00, 0x00, 0x00, 0x00, 0x00, 0x00, 0x00, 0x00, 0x00, 0x00, 0x00, 0x00, 0x00, 0x00, 0x00,
0xff, 0xe0, 0x00, 0x00, 0x00, 0x00, 0x00, 0x00, 0x00, 0x00, 0x00, 0x00, 0x00, 0x00, 0x00, 0x00,
0x00, 0x00, 0x00, 0x00, 0x00, 0x00, 0x00, 0x00, 0x00, 0x00, 0x00, 0x00, 0x00, 0x00, 0x00, 0x00,
0x00, 0x00, 0x00, 0x00, 0x00, 0x00, 0x00, 0x00, 0x00, 0x00, 0x00, 0x00, 0x00, 0x00, 0x00, 0x00,
0x00, 0x00, 0x00, 0x00, 0x00, 0x00, 0x00, 0x00, 0x00, 0x00, 0x00, 0x00, 0x00, 0x00, 0x00, 0x00,
0x00, 0x00, 0x00, 0x00, 0x00, 0x00, 0x00, 0x00, 0x00, 0x00, 0x00, 0x00, 0x00, 0x00, 0x00, 0x00,
0x00, 0x00, 0x00, 0x00, 0x00, 0x00, 0x00, 0x00, 0x00, 0x00, 0x00, 0x00, 0x00, 0x00, 0x00, 0x00,
0x00, 0x00, 0x00, 0x00, 0x00, 0x00, 0x00, 0x00, 0x00, 0x00, 0xff, 0xee, 0x00, 0x00, 0x00, 0x00,
0x00, 0x00, 0x00, 0x00, 0x00, 0x00, 0x00, 0x00, 0x00, 0x00, 0x00, 0x00, 0x00, 0x00, 0x00, 0x00,
0x00, 0x00, 0x00, 0x00, 0x00, 0x00, 0x00, 0x00, 0x00, 0x00, 0x00, 0x00, 0x00, 0x00, 0x00, 0x00,
0x00, 0x00, 0x00, 0x00, 0x00, 0x00, 0x00, 0x00, 0x00, 0x00, 0x00, 0x00, 0x00, 0x00, 0x00, 0x00,
0x00, 0x00, 0x00, 0x00, 0x00, 0x00, 0x00, 0x00, 0x00, 0x00, 0x00, 0x00, 0x00, 0x00, 0x00, 0x00,
0x00, 0x00, 0x00, 0x00, 0x00, 0x00, 0x00, 0x00, 0x00, 0x00, 0x00, 0x00, 0x00, 0x00, 0x00, 0x00,
0x00, 0x00, 0x00, 0x00, 0x00, 0x00, 0x00, 0x00, 0x00, 0x00, 0x00, 0x00, 0x00, 0x00, 0x00, 0x00,
0x00, 0x00, 0x00, 0x00, 0x00, 0x00, 0xff, 0xeb, 0x00, 0x00, 0x00, 0x00, 0x00, 0x00, 0x00, 0x00,
0x00, 0x00, 0x00, 0x00, 0x00, 0x00, 0x00, 0x00, 0x00, 0x00, 0x00, 0x00, 0x00, 0x00, 0x00, 0x00,
0x00, 0x00, 0x00, 0x00, 0x00, 0x00, 0x00, 0x00, 0x00, 0x00, 0x00, 0x00, 0x00, 0x00, 0x00, 0x00,
0x00, 0x00, 0x00, 0x00, 0x00, 0x00, 0x00, 0x00, 0x00, 0x00, 0x00, 0x00, 0x00, 0x00, 0x00, 0x00,
0x00, 0x00, 0x00, 0x02, 0x00, 0x27, 0x00, 0x7d, 0x00, 0x7d, 0x00, 0x00, 0x00, 0x8f, 0x00, 0x90,
0x00, 0x01, 0x00, 0x93, 0x00, 0x97, 0x00, 0x03, 0x00, 0x9a, 0x00, 0xa2, 0x00, 0x08, 0x00, 0xbe,
0x00, 0xbe, 0x00, 0x11, 0x00, 0xc0, 0x00, 0xc0, 0x00, 0x12, 0x00, 0xc2, 0x00, 0xc2, 0x00, 0x13,
0x00, 0xc5, 0x00, 0xc5, 0x00, 0x14, 0x00, 0xd1, 0x00, 0xd7, 0x00, 0x15, 0x00, 0xdd, 0x00, 0xe8,
0x00, 0x1c, 0x00, 0xea, 0x00, 0xea, 0x00, 0x28, 0x00, 0xec, 0x00, 0xec, 0x00, 0x29, 0x00, 0xf1,
0x00, 0xf2, 0x00, 0x2a, 0x00, 0xf4, 0x00, 0xf6, 0x00, 0x2c, 0x00, 0xf8, 0x00, 0xfc, 0x00, 0x2f,
0x00, 0xfe, 0x00, 0xff, 0x00, 0x34, 0x01, 0x02, 0x01, 0x03, 0x00, 0x36, 0x01, 0x06, 0x01, 0x0b,
0x00, 0x38, 0x01, 0x0e, 0x01, 0x13, 0x00, 0x3e, 0x01, 0x16, 0x01, 0x1b, 0x00, 0x44, 0x01, 0x20,
0x01, 0x20, 0x00, 0x4a, 0x01, 0x3c, 0x01, 0x4b, 0x00, 0x4b, 0x01, 0x50, 0x01, 0x50, 0x00, 0x5b,
0x01, 0x6c, 0x01, 0x7d, 0x00, 0x5c, 0x01, 0x80, 0x01, 0x84, 0x00, 0x6e, 0x01, 0x87, 0x01, 0x87,
0x00, 0x73, 0x01, 0x8a, 0x01, 0x8b, 0x00, 0x74, 0x01, 0x8e, 0x01, 0x8f, 0x00, 0x76, 0x01, 0x91,
0x01, 0x92, 0x00, 0x78, 0x01, 0x97, 0x01, 0x99, 0x00, 0x7a, 0x01, 0x9d, 0x01, 0x9e, 0x00, 0x7d,
0x01, 0xa8, 0x01, 0xa8, 0x00, 0x7f, 0x01, 0xaf, 0x01, 0xb1, 0x00, 0x80, 0x01, 0xc4, 0x01, 0xc7,
0x00, 0x83, 0x01, 0xd1, 0x01, 0xd4, 0x00, 0x87, 0x02, 0x4f, 0x02, 0x50, 0x00, 0x8b, 0x02, 0x64,
0x02, 0x67, 0x00, 0x8d, 0x02, 0x69, 0x02, 0x6a, 0x00, 0x91, 0x02, 0x7e, 0x02, 0x7e, 0x00, 0x93,
0x00, 0x02, 0x00, 0x62, 0x00, 0x7d, 0x00, 0x7d, 0x00, 0x24, 0x00, 0x8f, 0x00, 0x8f, 0x00, 0x21,
0x00, 0x90, 0x00, 0x90, 0x00, 0x0c, 0x00, 0x93, 0x00, 0x93, 0x00, 0x14, 0x00, 0x94, 0x00, 0x94,
0x00, 0x04, 0x00, 0x95, 0x00, 0x95, 0x00, 0x32, 0x00, 0x96, 0x00, 0x96, 0x00, 0x12, 0x00, 0x97,
0x00, 0x97, 0x00, 0x17, 0x00, 0x9a, 0x00, 0x9a, 0x00, 0x29, 0x00, 0x9b, 0x00, 0x9b, 0x00, 0x12,
0x00, 0x9c, 0x00, 0x9d, 0x00, 0x14, 0x00, 0x9e, 0x00, 0x9e, 0x00, 0x28, 0x00, 0x9f, 0x00, 0x9f,
0x00, 0x12, 0x00, 0xa0, 0x00, 0xa0, 0x00, 0x17, 0x00, 0xa1, 0x00, 0xa1, 0x00, 0x2e, 0x00, 0xa2,
0x00, 0xa2, 0x00, 0x26, 0x00, 0xbe, 0x00, 0xbe, 0x00, 0x09, 0x00, 0xc0, 0x00, 0xc0, 0x00, 0x09,
0x00, 0xc2, 0x00, 0xc2, 0x00, 0x09, 0x00, 0xd1, 0x00, 0xd1, 0x00, 0x01, 0x00, 0xd3, 0x00, 0xd3,
0x00, 0x03, 0x00, 0xd5, 0x00, 0xd5, 0x00, 0x01, 0x00, 0xd7, 0x00, 0xd7, 0x00, 0x03, 0x00, 0xdd,
0x00, 0xdd, 0x00, 0x13, 0x00, 0xde, 0x00, 0xde, 0x00, 0x1c, 0x00, 0xdf, 0x00, 0xdf, 0x00, 0x13,
0x00, 0xe0, 0x00, 0xe0, 0x00, 0x1c, 0x00, 0xe1, 0x00, 0xe1, 0x00, 0x0e, 0x00, 0xe2, 0x00, 0xe2,
0x00, 0x0f, 0x00, 0xe3, 0x00, 0xe3, 0x00, 0x0e, 0x00, 0xe4, 0x00, 0xe4, 0x00, 0x0f, 0x00, 0xe5,
0x00, 0xe5, 0x00, 0x0e, 0x00, 0xe6, 0x00, 0xe6, 0x00, 0x0f, 0x00, 0xe7, 0x00, 0xe7, 0x00, 0x0a,
0x00, 0xe8, 0x00, 0xe8, 0x00, 0x09, 0x00, 0xea, 0x00, 0xea, 0x00, 0x09, 0x00, 0xec, 0x00, 0xec,
0x00, 0x09, 0x00, 0xf1, 0x00, 0xf1, 0x00, 0x31, 0x00, 0xf2, 0x00, 0xf2, 0x00, 0x04, 0x00, 0xf4,
0x00, 0xf4, 0x00, 0x08, 0x00, 0xf8, 0x00, 0xf9, 0x00, 0x0b, 0x00, 0xfa, 0x00, 0xfb, 0x00, 0x07,
0x00, 0xfc, 0x00, 0xfc, 0x00, 0x05, 0x00, 0xfe, 0x00, 0xfe, 0x00, 0x05, 0x01, 0x02, 0x01, 0x02,
0x00, 0x1a, 0x01, 0x03, 0x01, 0x03, 0x00, 0x1b, 0x01, 0x06, 0x01, 0x06, 0x00, 0x01, 0x01, 0x08,
0x01, 0x08, 0x00, 0x03, 0x01, 0x0a, 0x01, 0x0a, 0x00, 0x01, 0x01, 0x0e, 0x01, 0x0e, 0x00, 0x01,
0x01, 0x10, 0x01, 0x10, 0x00, 0x03, 0x01, 0x12, 0x01, 0x12, 0x00, 0x01, 0x01, 0x16, 0x01, 0x17,
0x00, 0x0d, 0x01, 0x18, 0x01, 0x18, 0x00, 0x03, 0x01, 0x19, 0x01, 0x19, 0x00, 0x20, 0x01, 0x1a,
0x01, 0x1a, 0x00, 0x0a, 0x01, 0x1b, 0x01, 0x1b, 0x00, 0x0d, 0x01, 0x20, 0x01, 0x20, 0x00, 0x04,
0x01, 0x3c, 0x01, 0x3d, 0x00, 0x06, 0x01, 0x3e, 0x01, 0x3f, 0x00, 0x1f, 0x01, 0x40, 0x01, 0x40,
0x00, 0x34, 0x01, 0x41, 0x01, 0x42, 0x00, 0x06, 0x01, 0x43, 0x01, 0x44, 0x00, 0x19, 0x01, 0x45,
0x01, 0x46, 0x00, 0x06, 0x01, 0x47, 0x01, 0x47, 0x00, 0x30, 0x01, 0x48, 0x01, 0x48, 0x00, 0x2c,
0x01, 0x49, 0x01, 0x4a, 0x00, 0x06, 0x01, 0x4b, 0x01, 0x4b, 0x00, 0x27, 0x01, 0x50, 0x01, 0x50,
0x00, 0x1d, 0x01, 0x6c, 0x01, 0x71, 0x00, 0x02, 0x01, 0x72, 0x01, 0x72, 0x00, 0x16, 0x01, 0x73,
0x01, 0x74, 0x00, 0x02, 0x01, 0x75, 0x01, 0x75, 0x00, 0x16, 0x01, 0x76, 0x01, 0x76, 0x00, 0x02,
0x01, 0x77, 0x01, 0x77, 0x00, 0x2f, 0x01, 0x78, 0x01, 0x78, 0x00, 0x2b, 0x01, 0x79, 0x01, 0x7d,
0x00, 0x02, 0x01, 0x80, 0x01, 0x81, 0x00, 0x02, 0x01, 0x82, 0x01, 0x82, 0x00, 0x23, 0x01, 0x83,
0x01, 0x84, 0x00, 0x15, 0x01, 0x87, 0x01, 0x87, 0x00, 0x33, 0x01, 0x8a, 0x01, 0x8b, 0x00, 0x18,
0x01, 0x8e, 0x01, 0x8e, 0x00, 0x2d, 0x01, 0x8f, 0x01, 0x8f, 0x00, 0x2a, 0x01, 0x91, 0x01, 0x91,
0x00, 0x15, 0x01, 0x92, 0x01, 0x92, 0x00, 0x25, 0x01, 0x97, 0x01, 0x99, 0x00, 0x10, 0x01, 0x9d,
0x01, 0x9e, 0x00, 0x1e, 0x01, 0xa8, 0x01, 0xa8, 0x00, 0x22, 0x01, 0xaf, 0x01, 0xb1, 0x00, 0x11,
0x01, 0xc7, 0x01, 0xc7, 0x00, 0x01, 0x01, 0xd4, 0x01, 0xd4, 0x00, 0x01, 0x02, 0x4f, 0x02, 0x4f,
0x00, 0x07, 0x02, 0x50, 0x02, 0x50, 0x00, 0x05, 0x02, 0x64, 0x02, 0x65, 0x00, 0x07, 0x02, 0x66,
0x02, 0x67, 0x00, 0x05, 0x02, 0x69, 0x02, 0x69, 0x00, 0x13, 0x02, 0x7e, 0x02, 0x7e, 0x00, 0x04,
0x00, 0x02, 0x00, 0x65, 0x00, 0x7d, 0x00, 0x7d, 0x00, 0x28, 0x00, 0x8f, 0x00, 0x8f, 0x00, 0x23,
0x00, 0x90, 0x00, 0x90, 0x00, 0x0b, 0x00, 0x93, 0x00, 0x93, 0x00, 0x10, 0x00, 0x94, 0x00, 0x94,
0x00, 0x1b, 0x00, 0x95, 0x00, 0x95, 0x00, 0x32, 0x00, 0x96, 0x00, 0x96, 0x00, 0x20, 0x00, 0x97,
0x00, 0x97, 0x00, 0x13, 0x00, 0x99, 0x00, 0x99, 0x00, 0x10, 0x00, 0x9a, 0x00, 0x9a, 0x00, 0x29,
0x00, 0x9b, 0x00, 0x9b, 0x00, 0x24, 0x00, 0x9d, 0x00, 0x9d, 0x00, 0x10, 0x00, 0x9e, 0x00, 0x9e,
0x00, 0x1b, 0x00, 0x9f, 0x00, 0x9f, 0x00, 0x20, 0x00, 0xa0, 0x00, 0xa0, 0x00, 0x13, 0x00, 0xa1,
0x00, 0xa1, 0x00, 0x2e, 0x00, 0xa2, 0x00, 0xa2, 0x00, 0x1a, 0x00, 0xc5, 0x00, 0xc5, 0x00, 0x01,
0x00, 0xd1, 0x00, 0xd1, 0x00, 0x02, 0x00, 0xd2, 0x00, 0xd2, 0x00, 0x01, 0x00, 0xd3, 0x00, 0xd3,
0x00, 0x05, 0x00, 0xd4, 0x00, 0xd4, 0x00, 0x01, 0x00, 0xd5, 0x00, 0xd5, 0x00, 0x02, 0x00, 0xd6,
0x00, 0xd6, 0x00, 0x01, 0x00, 0xd7, 0x00, 0xd7, 0x00, 0x05, 0x00, 0xdd, 0x00, 0xdd, 0x00, 0x0f,
0x00, 0xde, 0x00, 0xde, 0x00, 0x19, 0x00, 0xdf, 0x00, 0xdf, 0x00, 0x0f, 0x00, 0xe0, 0x00, 0xe0,
0x00, 0x19, 0x00, 0xe2, 0x00, 0xe2, 0x00, 0x0d, 0x00, 0xe4, 0x00, 0xe4, 0x00, 0x0d, 0x00, 0xe6,
0x00, 0xe6, 0x00, 0x0d, 0x00, 0xe7, 0x00, 0xe7, 0x00, 0x07, 0x00, 0xf1, 0x00, 0xf1, 0x00, 0x31,
0x00, 0xf2, 0x00, 0xf2, 0x00, 0x03, 0x00, 0xf4, 0x00, 0xf4, 0x00, 0x22, 0x00, 0xf5, 0x00, 0xf6,
0x00, 0x01, 0x00, 0xf8, 0x00, 0xf9, 0x00, 0x0a, 0x00, 0xfa, 0x00, 0xfb, 0x00, 0x08, 0x00, 0xfc,
0x00, 0xfe, 0x00, 0x06, 0x00, 0xff, 0x00, 0xff, 0x00, 0x01, 0x01, 0x02, 0x01, 0x02, 0x00, 0x17,
0x01, 0x03, 0x01, 0x03, 0x00, 0x18, 0x01, 0x06, 0x01, 0x06, 0x00, 0x02, 0x01, 0x07, 0x01, 0x07,
0x00, 0x01, 0x01, 0x08, 0x01, 0x08, 0x00, 0x05, 0x01, 0x09, 0x01, 0x09, 0x00, 0x01, 0x01, 0x0a,
0x01, 0x0a, 0x00, 0x02, 0x01, 0x0b, 0x01, 0x0b, 0x00, 0x01, 0x01, 0x0e, 0x01, 0x0e, 0x00, 0x02,
0x01, 0x0f, 0x01, 0x0f, 0x00, 0x01, 0x01, 0x10, 0x01, 0x10, 0x00, 0x05, 0x01, 0x11, 0x01, 0x11,
0x00, 0x01, 0x01, 0x12, 0x01, 0x12, 0x00, 0x02, 0x01, 0x13, 0x01, 0x14, 0x00, 0x01, 0x01, 0x16,
0x01, 0x17, 0x00, 0x0c, 0x01, 0x18, 0x01, 0x18, 0x00, 0x05, 0x01, 0x19, 0x01, 0x19, 0x00, 0x1f,
0x01, 0x1a, 0x01, 0x1a, 0x00, 0x07, 0x01, 0x1b, 0x01, 0x1b, 0x00, 0x0c, 0x01, 0x20, 0x01, 0x20,
0x00, 0x1a, 0x01, 0x3c, 0x01, 0x3d, 0x00, 0x09, 0x01, 0x3e, 0x01, 0x3f, 0x00, 0x1e, 0x01, 0x40,
0x01, 0x40, 0x00, 0x33, 0x01, 0x43, 0x01, 0x44, 0x00, 0x16, 0x01, 0x45, 0x01, 0x46, 0x00, 0x09,
0x01, 0x47, 0x01, 0x47, 0x00, 0x30, 0x01, 0x48, 0x01, 0x48, 0x00, 0x2c, 0x01, 0x49, 0x01, 0x4a,
0x00, 0x09, 0x01, 0x4d, 0x01, 0x4d, 0x00, 0x12, 0x01, 0x4f, 0x01, 0x4f, 0x00, 0x12, 0x01, 0x6c,
0x01, 0x71, 0x00, 0x04, 0x01, 0x73, 0x01, 0x74, 0x00, 0x15, 0x01, 0x76, 0x01, 0x76, 0x00, 0x04,
0x01, 0x77, 0x01, 0x77, 0x00, 0x2f, 0x01, 0x78, 0x01, 0x78, 0x00, 0x2b, 0x01, 0x79, 0x01, 0x7d,
0x00, 0x04, 0x01, 0x80, 0x01, 0x81, 0x00, 0x04, 0x01, 0x82, 0x01, 0x82, 0x00, 0x27, 0x01, 0x83,
0x01, 0x84, 0x00, 0x11, 0x01, 0x85, 0x01, 0x86, 0x00, 0x1c, 0x01, 0x88, 0x01, 0x89, 0x00, 0x21,
0x01, 0x8a, 0x01, 0x8b, 0x00, 0x14, 0x01, 0x8d, 0x01, 0x8d, 0x00, 0x11, 0x01, 0x8e, 0x01, 0x8e,
0x00, 0x2d, 0x01, 0x8f, 0x01, 0x8f, 0x00, 0x2a, 0x01, 0x90, 0x01, 0x90, 0x00, 0x25, 0x01, 0x97,
0x01, 0x99, 0x00, 0x0e, 0x01, 0x9d, 0x01, 0x9e, 0x00, 0x1d, 0x01, 0xa8, 0x01, 0xa8, 0x00, 0x26,
0x01, 0xc3, 0x01, 0xc3, 0x00, 0x03, 0x01, 0xc8, 0x01, 0xca, 0x00, 0x01, 0x01, 0xcb, 0x01, 0xcc,
0x00, 0x02, 0x02, 0x4f, 0x02, 0x4f, 0x00, 0x08, 0x02, 0x50, 0x02, 0x50, 0x00, 0x06, 0x02, 0x64,
0x02, 0x65, 0x00, 0x08, 0x02, 0x66, 0x02, 0x67, 0x00, 0x06, 0x02, 0x69, 0x02, 0x69, 0x00, 0x0f,
0x02, 0x6a, 0x02, 0x6a, 0x00, 0x01, 0x02, 0x6b, 0x02, 0x6b, 0x00, 0x06, 0x02, 0x7e, 0x02, 0x7e,
0x00, 0x03, 0x00, 0x01, 0x00, 0xd2, 0x00, 0x04, 0x00, 0x00, 0x00, 0x64, 0x05, 0x28, 0x05, 0x28,
0x05, 0x28, 0x05, 0x28, 0x05, 0x28, 0x05, 0x28, 0x05, 0x28, 0x05, 0x60, 0x05, 0x60, 0x05, 0x60,
0x01, 0x9e, 0x05, 0x42, 0x05, 0x42, 0x05, 0x42, 0x05, 0x42, 0x05, 0x42, 0x05, 0x2e, 0x01, 0xa8,
0x01, 0xb6, 0x05, 0x42, 0x05, 0x42, 0x05, 0x42, 0x05, 0x60, 0x05, 0x60, 0x05, 0x60, 0x05, 0x60,
0x05, 0x60, 0x05, 0x60, 0x05, 0x60, 0x01, 0xd0, 0x05, 0x60, 0x01, 0xda, 0x05, 0x2e, 0x05, 0x2e,
0x05, 0x2e, 0x05, 0x2e, 0x05, 0x2e, 0x02, 0x14, 0x02, 0x36, 0x02, 0x44, 0x02, 0x56, 0x02, 0x56,
0x02, 0x78, 0x05, 0x52, 0x05, 0x52, 0x05, 0x52, 0x05, 0x52, 0x05, 0x52, 0x05, 0x52, 0x05, 0x52,
0x05, 0x42, 0x02, 0x82, 0x02, 0x82, 0x02, 0x82, 0x05, 0x34, 0x02, 0x88, 0x02, 0x92, 0x05, 0x42,
0x05, 0x42, 0x03, 0xea, 0x03, 0xea, 0x03, 0xea, 0x02, 0x9c, 0x02, 0xaa, 0x02, 0xaa, 0x05, 0x52,
0x05, 0x52, 0x05, 0x52, 0x05, 0x52, 0x05, 0x52, 0x05, 0x52, 0x05, 0x48, 0x02, 0xb0, 0x05, 0x48,
0x05, 0x48, 0x05, 0x48, 0x02, 0xb6, 0x03, 0x04, 0x03, 0x1a, 0x03, 0x58, 0x03, 0x6a, 0x03, 0x8c,
0x03, 0xa2, 0x03, 0xe4, 0x03, 0xea, 0x03, 0xf0, 0x05, 0x22, 0x05, 0x22, 0x05, 0x22, 0x05, 0x22,
0x05, 0x28, 0x05, 0x60, 0x05, 0x2e, 0x05, 0x34, 0x05, 0x42, 0x05, 0x52, 0x05, 0x48, 0x05, 0x52,
0x05, 0x60, 0x05, 0x66, 0x00, 0x01, 0x00, 0x64, 0x00, 0x01, 0x00, 0x02, 0x00, 0x03, 0x00, 0x04,
0x00, 0x05, 0x00, 0x06, 0x00, 0x07, 0x00, 0x0a, 0x00, 0x0b, 0x00, 0x0c, 0x00, 0x12, 0x00, 0x15,
0x00, 0x16, 0x00, 0x18, 0x00, 0x19, 0x00, 0x1b, 0x00, 0x20, 0x00, 0x21, 0x00, 0x22, 0x00, 0x23,
0x00, 0x24, 0x00, 0x25, 0x00, 0x26, 0x00, 0x27, 0x00, 0x28, 0x00, 0x29, 0x00, 0x2a, 0x00, 0x2b,
0x00, 0x2c, 0x00, 0x2d, 0x00, 0x2e, 0x00, 0x31, 0x00, 0x32, 0x00, 0x33, 0x00, 0x34, 0x00, 0x35,
0x00, 0x36, 0x00, 0x37, 0x00, 0x38, 0x00, 0x39, 0x00, 0x3a, 0x00, 0x3b, 0x00, 0x3c, 0x00, 0x45,
0x00, 0x46, 0x00, 0x47, 0x00, 0x48, 0x00, 0x49, 0x00, 0x4a, 0x00, 0x4b, 0x00, 0x50, 0x00, 0x56,
0x00, 0x57, 0x00, 0x58, 0x00, 0x5e, 0x00, 0x61, 0x00, 0x64, 0x00, 0x65, 0x00, 0x66, 0x00, 0x6b,
0x00, 0x6d, 0x00, 0x6e, 0x00, 0x75, 0x00, 0x79, 0x00, 0x7a, 0x00, 0x7b, 0x00, 0x7c, 0x00, 0x7e,
0x00, 0x7f, 0x00, 0x80, 0x00, 0x81, 0x00, 0x86, 0x00, 0x87, 0x00, 0x89, 0x00, 0x8a, 0x00, 0x8b,
0x00, 0x8d, 0x00, 0x91, 0x00, 0xda, 0x00, 0xdc, 0x00, 0xf4, 0x00, 0xff, 0x01, 0x05, 0x01, 0x08,
0x01, 0x14, 0x01, 0x15, 0x01, 0x1c, 0x01, 0x1d, 0x01, 0x1e, 0x01, 0x1f, 0x02, 0x52, 0x02, 0x55,
0x02, 0x56, 0x02, 0x5b, 0x02, 0x5d, 0x02, 0x5f, 0x02, 0x60, 0x02, 0x61, 0x02, 0x74, 0x02, 0x75,
0x00, 0x02, 0x00, 0xfb, 0xff, 0xbb, 0x01, 0x15, 0xff, 0xbb, 0x00, 0x03, 0x00, 0xff, 0xff, 0xa3,
0x01, 0x04, 0xff, 0x75, 0x01, 0x14, 0xff, 0x98, 0x00, 0x06, 0x00, 0xf5, 0xff, 0x98, 0x00, 0xff,
0xff, 0x80, 0x01, 0x0b, 0xff, 0xaf, 0x01, 0x14, 0xfe, 0xf5, 0x01, 0x17, 0xff, 0xaf, 0x01, 0x1b,
0xff, 0xa3, 0x00, 0x02, 0x00, 0xda, 0xff, 0xbb, 0x00, 0xfb, 0xff, 0xbb, 0x00, 0x0e, 0x00, 0x40,
0xff, 0xaf, 0x00, 0x43, 0xff, 0xaf, 0x00, 0x52, 0xff, 0x98, 0x00, 0x6d, 0xff, 0x98, 0x00, 0x6e,
0xff, 0x98, 0x00, 0x7c, 0xff, 0x98, 0x00, 0x7d, 0xff, 0x2f, 0x00, 0x8a, 0xff, 0xbb, 0x00, 0xda,
0xff, 0xbb, 0x00, 0xf1, 0xff, 0x98, 0x00, 0xfd, 0xff, 0xaf, 0x00, 0xff, 0xff, 0x5e, 0x01, 0x04,
0xff, 0x5e, 0x01, 0x15, 0xff, 0x8c, 0x00, 0x08, 0x00, 0x40, 0xff, 0xaf, 0x00, 0x6e, 0xff, 0xa3,
0x00, 0xda, 0xff, 0x98, 0x00, 0xe7, 0xff, 0xbb, 0x00, 0xff, 0xff, 0xaf, 0x01, 0x04, 0xff, 0x69,
0x01, 0x14, 0xff, 0x80, 0x01, 0x15, 0xff, 0x5e, 0x00, 0x03, 0x00, 0xda, 0xff, 0x98, 0x00, 0xff,
0xff, 0xbb, 0x01, 0x04, 0xff, 0x69, 0x00, 0x04, 0x00, 0xff, 0xff, 0xa3, 0x01, 0x04, 0xff, 0x8c,
0x01, 0x0b, 0xff, 0xba, 0x01, 0x14, 0xff, 0x98, 0x00, 0x08, 0x00, 0x40, 0xff, 0x98, 0x00, 0x43,
0xff, 0x74, 0x00, 0x60, 0xff, 0xbc, 0x00, 0xda, 0xff, 0x80, 0x00, 0xff, 0xff, 0x98, 0x01, 0x04,
0xff, 0x2f, 0x01, 0x08, 0xff, 0xa3, 0x01, 0x14, 0xff, 0x98, 0x00, 0x02, 0x00, 0xff, 0xff, 0xbb,
0x01, 0x04, 0xff, 0x80, 0x00, 0x01, 0x01, 0x15, 0xff, 0xe3, 0x00, 0x02, 0x00, 0x5e, 0x00, 0x45,
0x02, 0x5b, 0x00, 0x45, 0x00, 0x02, 0x01, 0x04, 0xff, 0x52, 0x01, 0x14, 0xff, 0x75, 0x00, 0x03,
0x00, 0x7a, 0x00, 0x00, 0x01, 0x04, 0xff, 0xaf, 0x01, 0x14, 0xff, 0xbb, 0x00, 0x01, 0x01, 0x04,
0xff, 0xc6, 0x00, 0x01, 0x00, 0xda, 0xff, 0xbb, 0x00, 0x13, 0x00, 0x01, 0xff, 0xaf, 0x00, 0x02,
0xff, 0xaf, 0x00, 0x03, 0xff, 0xaf, 0x00, 0x04, 0xff, 0xaf, 0x00, 0x05, 0xff, 0xaf, 0x00, 0x06,
0xff, 0xaf, 0x00, 0x07, 0xff, 0xaf, 0x00, 0x08, 0xff, 0xaf, 0x00, 0x20, 0xff, 0xaf, 0x00, 0x31,
0xff, 0x8c, 0x00, 0x37, 0xff, 0x98, 0x00, 0x3c, 0xff, 0xaf, 0x00, 0xf4, 0xff, 0x98, 0x00, 0xfa,
0xff, 0x2f, 0x00, 0xfb, 0xff, 0x2f, 0x02, 0x4f, 0xff, 0x2f, 0x02, 0x52, 0xff, 0xaf, 0x02, 0x64,
0xff, 0x2f, 0x02, 0x65, 0xff, 0x2f, 0x00, 0x05, 0x00, 0x5c, 0x00, 0x45, 0x00, 0x5f, 0x00, 0x45,
0x00, 0x60, 0x00, 0x45, 0x00, 0x61, 0x00, 0x45, 0x02, 0x5a, 0x00, 0x45, 0x00, 0x0f, 0x00, 0x31,
0xff, 0x8c, 0x00, 0x37, 0xff, 0x80, 0x00, 0x38, 0xff, 0xaf, 0x00, 0x3a, 0xff, 0x69, 0x00, 0x3b,
0xff, 0x69, 0x00, 0x86, 0xff, 0xbb, 0x00, 0x87, 0xff, 0xbb, 0x00, 0x89, 0xff, 0xbb, 0x00, 0x8a,
0xff, 0xbb, 0x00, 0x8b, 0xff, 0xbb, 0x01, 0x1c, 0xff, 0xaf, 0x01, 0x1d, 0xff, 0xaf, 0x01, 0x1e,
0xff, 0xaf, 0x01, 0x1f, 0xff, 0xaf, 0x02, 0x60, 0xff, 0xbb, 0x00, 0x04, 0x00, 0x31, 0xff, 0x75,
0x00, 0x37, 0xff, 0xbb, 0x00, 0x3a, 0xff, 0x75, 0x00, 0x3b, 0xff, 0x75, 0x00, 0x08, 0x00, 0x31,
0xff, 0xaf, 0x00, 0x37, 0xff, 0x9c, 0x00, 0x38, 0xff, 0x8b, 0x00, 0x86, 0xff, 0x98, 0x00, 0x89,
0xff, 0x98, 0x00, 0x8a, 0xff, 0x98, 0x00, 0x8b, 0xff, 0x98, 0x02, 0x60, 0xff, 0x98, 0x00, 0x05,
0x00, 0x31, 0xff, 0x5e, 0x00, 0x37, 0xff, 0xaf, 0x00, 0x39, 0xff, 0xa3, 0x00, 0x3a, 0xff, 0x98,
0x00, 0x3b, 0xff, 0x98, 0x00, 0x10, 0x00, 0x01, 0xff, 0xcc, 0x00, 0x02, 0xff, 0xcc, 0x00, 0x03,
0xff, 0xcc, 0x00, 0x04, 0xff, 0xcc, 0x00, 0x05, 0xff, 0xcc, 0x00, 0x06, 0xff, 0xcc, 0x00, 0x07,
0xff, 0xcc, 0x00, 0x08, 0xff, 0xcc, 0x00, 0x31, 0xff, 0x5e, 0x00, 0x37, 0xff, 0x69, 0x00, 0x38,
0xff, 0x69, 0x00, 0x39, 0xff, 0x8c, 0x00, 0x3a, 0xff, 0x46, 0x00, 0x3b, 0xff, 0x46, 0x00, 0x3c,
0xff, 0x80, 0x02, 0x52, 0xff, 0xcc, 0x00, 0x01, 0x00, 0x31, 0xff, 0x8c, 0x00, 0x01, 0x00, 0x31,
0xff, 0x98, 0x00, 0x4c, 0x00, 0x09, 0x00, 0x45, 0x00, 0x0a, 0xff, 0xaf, 0x00, 0x0b, 0xff, 0xaf,
0x00, 0x0c, 0x00, 0x45, 0x00, 0x0d, 0x00, 0x45, 0x00, 0x0e, 0x00, 0x45, 0x00, 0x0f, 0x00, 0x45,
0x00, 0x10, 0x00, 0x45, 0x00, 0x11, 0x00, 0x45, 0x00, 0x12, 0x00, 0x45, 0x00, 0x13, 0xff, 0xaf,
0x00, 0x14, 0xff, 0xaf, 0x00, 0x15, 0x00, 0x45, 0x00, 0x16, 0x00, 0x45, 0x00, 0x18, 0x00, 0x45,
0x00, 0x19, 0x00, 0x45, 0x00, 0x1b, 0x00, 0x45, 0x00, 0x21, 0x00, 0x45, 0x00, 0x22, 0x00, 0x45,
0x00, 0x23, 0x00, 0x45, 0x00, 0x24, 0x00, 0x45, 0x00, 0x25, 0x00, 0x45, 0x00, 0x26, 0xff, 0xaf,
0x00, 0x27, 0xff, 0xaf, 0x00, 0x28, 0xff, 0xaf, 0x00, 0x29, 0xff, 0xaf, 0x00, 0x2a, 0xff, 0xaf,
0x00, 0x2b, 0xff, 0xaf, 0x00, 0x2c, 0xff, 0xaf, 0x00, 0x2d, 0x00, 0x45, 0x00, 0x2e, 0xff, 0xaf,
0x00, 0x2f, 0x00, 0x45, 0x00, 0x31, 0xff, 0x8c, 0x00, 0x32, 0xff, 0xaf, 0x00, 0x33, 0xff, 0xaf,
0x00, 0x34, 0xff, 0xaf, 0x00, 0x35, 0xff, 0xaf, 0x00, 0x36, 0xff, 0xaf, 0x00, 0x37, 0xff, 0x5e,
0x00, 0x4c, 0x00, 0x45, 0x00, 0x4d, 0x00, 0x45, 0x00, 0x57, 0x00, 0x45, 0x00, 0x59, 0x00, 0x45,
0x00, 0x5b, 0x00, 0x45, 0x00, 0x5c, 0x00, 0x2c, 0x00, 0x5f, 0x00, 0x2c, 0x00, 0x60, 0x00, 0x2c,
0x00, 0x61, 0x00, 0x2c, 0x00, 0x63, 0x00, 0xc5, 0x00, 0x64, 0x00, 0x45, 0x00, 0x65, 0x00, 0x45,
0x00, 0x66, 0x00, 0x45, 0x00, 0x67, 0x00, 0x45, 0x00, 0x68, 0x00, 0x45, 0x00, 0x69, 0x00, 0x45,
0x00, 0x6a, 0x00, 0x45, 0x00, 0x6b, 0x00, 0x45, 0x00, 0x73, 0x00, 0x45, 0x00, 0x75, 0x00, 0x45,
0x00, 0x77, 0x00, 0x45, 0x00, 0x78, 0x00, 0x45, 0x00, 0x7a, 0x00, 0x45, 0x00, 0x81, 0x00, 0x45,
0x00, 0x86, 0xff, 0x5e, 0x00, 0x89, 0xff, 0x5e, 0x00, 0x8a, 0xff, 0x5e, 0x00, 0x8b, 0xff, 0x5e,
0x00, 0x8d, 0x00, 0x45, 0x02, 0x53, 0x00, 0x45, 0x02, 0x55, 0xff, 0xaf, 0x02, 0x56, 0xff, 0xaf,
0x02, 0x5a, 0x00, 0x2c, 0x02, 0x5c, 0x00, 0xc5, 0x02, 0x5d, 0x00, 0x45, 0x02, 0x60, 0xff, 0x5e,
0x02, 0x62, 0x00, 0x45, 0x00, 0x01, 0x00, 0xda, 0xff, 0xaf, 0x00, 0x01, 0x01, 0x04, 0xff, 0xcc,
0x00, 0x01, 0x01, 0x15, 0xff, 0x98, 0x00, 0x03, 0x00, 0x5f, 0x00, 0x45, 0x00, 0x61, 0x00, 0x45,
0x01, 0xc3, 0x00, 0x97, 0x00, 0x01, 0x01, 0x15, 0x00, 0x19, 0x00, 0x02, 0x01, 0x04, 0xff, 0xbb,
0x01, 0x15, 0xff, 0x5e, 0x00, 0x03, 0x01, 0x04, 0xff, 0xaf, 0x01, 0x14, 0xff, 0xbb, 0x01, 0x15,
0xff, 0xbb, 0x00, 0x01, 0x01, 0x15, 0xff, 0xaf, 0x00, 0x02, 0x00, 0x3a, 0xff, 0xbb, 0x00, 0x3b,
0xff, 0xbb, 0x00, 0x02, 0x37, 0xc0, 0x00, 0x04, 0x00, 0x00, 0x38, 0xf0, 0x3d, 0x32, 0x00, 0x58,
0x00, 0x51, 0x00, 0x00, 0x00, 0x00, 0x00, 0x00, 0x00, 0x00, 0x00, 0x00, 0x00, 0x00, 0x00, 0x1e,
0x00, 0x00, 0x00, 0x00, 0x00, 0x00, 0x00, 0x11, 0x00, 0x00, 0x00, 0x00, 0x00, 0x00, 0x00, 0x00,
0x00, 0x00, 0x00, 0x00, 0x00, 0x00, 0x00, 0x00, 0x00, 0x00, 0x00, 0x00, 0x00, 0x00, 0x00, 0x00,
0x00, 0x00, 0x00, 0x00, 0x00, 0x00, 0x00, 0x00, 0x00, 0x00, 0x00, 0x00, 0x00, 0x00, 0x00, 0x00,
0x00, 0x00, 0x00, 0x7f, 0x00, 0x00, 0x00, 0x00, 0x00, 0x00, 0x00, 0x00, 0x00, 0x00, 0x00, 0x00,
0x00, 0x00, 0x00, 0x00, 0x00, 0x00, 0x00, 0x00, 0x00, 0x00, 0x00, 0x00, 0x00, 0x00, 0x00, 0x19,
0x00, 0x00, 0x00, 0x00, 0x00, 0x00, 0x00, 0x00, 0x00, 0x00, 0x00, 0x00, 0x00, 0x00, 0x00, 0x00,
0x00, 0x00, 0x00, 0x00, 0x00, 0x00, 0x00, 0x00, 0x00, 0x00, 0x00, 0x00, 0x00, 0x00, 0x00, 0x45,
0x00, 0x00, 0x00, 0x00, 0x00, 0x00, 0x00, 0x3c, 0x00, 0x00, 0x00, 0x00, 0x00, 0x00, 0x00, 0x00,
0x00, 0x00, 0x00, 0x00, 0x00, 0x00, 0x00, 0x00, 0x00, 0x00, 0x00, 0x00, 0x00, 0x00, 0x00, 0x00,
0x00, 0x00, 0x00, 0x00, 0x00, 0x00, 0x00, 0x00, 0x00, 0x00, 0x00, 0x00, 0x00, 0x00, 0xff, 0xbb,
0x00, 0x00, 0x00, 0x14, 0x00, 0x00, 0x00, 0x00, 0xff, 0xda, 0x00, 0x00, 0x00, 0x00, 0xff, 0x2b,
0xff, 0x60, 0x00, 0x00, 0x00, 0x00, 0x00, 0x00, 0x00, 0x00, 0xff, 0xc6, 0x00, 0x00, 0x00, 0x00,
0x00, 0x00, 0x00, 0x00, 0x00, 0x00, 0xff, 0xdb, 0x00, 0x00, 0xff, 0x8a, 0xff, 0xd5, 0x00, 0x00,
0xff, 0xe1, 0xff, 0x99, 0x00, 0x00, 0x00, 0x00, 0x00, 0x00, 0x00, 0x00, 0x00, 0x00, 0x00, 0x00,
0x00, 0x00, 0xff, 0xdb, 0x00, 0x00, 0xff, 0xbb, 0x00, 0x00, 0x00, 0x00, 0x00, 0x00, 0x00, 0x00,
0xff, 0xe7, 0x00, 0x00, 0x00, 0x00, 0x00, 0x00, 0x00, 0x00, 0x00, 0x00, 0x00, 0x00, 0x00, 0x00,
0x00, 0x00, 0x00, 0x00, 0x00, 0x00, 0x00, 0x00, 0xff, 0xbb, 0xff, 0xe9, 0x00, 0x00, 0x00, 0x00,
0x00, 0x00, 0xff, 0x8a, 0x00, 0x00, 0x00, 0x00, 0x00, 0x00, 0x00, 0x00, 0x00, 0x00, 0x00, 0x00,
0x00, 0x00, 0x00, 0x00, 0x00, 0x00, 0x00, 0x00, 0x00, 0x00, 0x00, 0x00, 0x00, 0x00, 0x00, 0x00,
0x00, 0x00, 0x00, 0x00, 0x00, 0x00, 0x00, 0x00, 0x00, 0x00, 0x00, 0x00, 0x00, 0x00, 0x00, 0x00,
0x00, 0x00, 0x00, 0x00, 0x00, 0x00, 0x00, 0x00, 0x00, 0x00, 0xff, 0xde, 0x00, 0x00, 0x00, 0x00,
0xff, 0x4a, 0xff, 0x70, 0x00, 0x00, 0x00, 0x00, 0x00, 0x00, 0x00, 0x00, 0x00, 0x00, 0x00, 0x00,
0x00, 0x00, 0x00, 0x00, 0x00, 0x00, 0x00, 0x00, 0x00, 0x00, 0x00, 0x00, 0xff, 0x98, 0x00, 0x00,
0x00, 0x00, 0x00, 0x00, 0xff, 0x98, 0x00, 0x00, 0x00, 0x00, 0x00, 0x00, 0x00, 0x00, 0x00, 0x00,
0x00, 0x00, 0x00, 0x00, 0xff, 0xe3, 0x00, 0x00, 0x00, 0x00, 0x00, 0x00, 0x00, 0x00, 0x00, 0x00,
0x00, 0x00, 0x00, 0x00, 0x00, 0x00, 0x00, 0x00, 0x00, 0x00, 0x00, 0x00, 0x00, 0x00, 0x00, 0x00,
0x00, 0x00, 0x00, 0x00, 0x00, 0x00, 0x00, 0x00, 0x00, 0x00, 0xff, 0xaf, 0xff, 0xef, 0x00, 0x00,
0x00, 0x00, 0x00, 0x00, 0xff, 0x98, 0x00, 0x00, 0x00, 0x00, 0x00, 0x00, 0x00, 0x00, 0x00, 0x00,
0x00, 0x00, 0x00, 0x00, 0x00, 0x00, 0x00, 0x00, 0x00, 0x00, 0x00, 0x00, 0x00, 0x00, 0x00, 0x00,
0x00, 0x00, 0x00, 0x00, 0x00, 0x00, 0x00, 0x00, 0x00, 0x00, 0x00, 0x00, 0x00, 0x00, 0x00, 0x00,
0x00, 0x00, 0x00, 0x00, 0x00, 0x00, 0x00, 0x00, 0x00, 0x00, 0x00, 0x00, 0x00, 0x00, 0x00, 0x00,
0x00, 0x00, 0xff, 0x8c, 0xff, 0x98, 0xff, 0xb3, 0x00, 0x00, 0x00, 0x00, 0x00, 0x00, 0x00, 0x00,
0x00, 0x00, 0x00, 0x00, 0x00, 0x00, 0x00, 0x00, 0x00, 0x00, 0x00, 0x00, 0x00, 0x00, 0x00, 0x00,
0x00, 0x00, 0x00, 0x00, 0x00, 0x00, 0x00, 0x00, 0x00, 0x00, 0x00, 0x00, 0x00, 0x00, 0x00, 0x00,
0x00, 0x00, 0x00, 0x00, 0x00, 0x00, 0x00, 0x00, 0x00, 0x00, 0x00, 0x00, 0x00, 0x00, 0x00, 0x00,
0x00, 0x00, 0x00, 0x00, 0x00, 0x00, 0x00, 0x00, 0x00, 0x00, 0x00, 0x00, 0x00, 0x00, 0xff, 0xae,
0x00, 0x00, 0x00, 0x00, 0x00, 0x00, 0x00, 0x00, 0x00, 0x00, 0x00, 0x00, 0x00, 0x00, 0x00, 0x00,
0x00, 0x00, 0x00, 0x00, 0x00, 0x00, 0x00, 0x00, 0x00, 0x00, 0x00, 0x00, 0x00, 0x5d, 0x00, 0x00,
0x00, 0x00, 0x00, 0x00, 0x00, 0x00, 0x00, 0x00, 0x00, 0x00, 0x00, 0x00, 0x00, 0x00, 0x00, 0x00,
0x00, 0x00, 0xff, 0xbb, 0x00, 0x00, 0x00, 0x00, 0x00, 0x00, 0x00, 0x00, 0x00, 0x00, 0x00, 0x00,
0x00, 0x00, 0x00, 0x00, 0xff, 0xaf, 0x00, 0x00, 0x00, 0x00, 0x00, 0x00, 0x00, 0x00, 0x00, 0x00,
0xff, 0xb0, 0x00, 0x00, 0xff, 0xae, 0xff, 0xc0, 0x00, 0x00, 0x00, 0x00, 0x00, 0x00, 0x00, 0x00,
0xff, 0xa1, 0x00, 0x00, 0x00, 0x00, 0xff, 0xb0, 0x00, 0x00, 0x00, 0x00, 0x00, 0x00, 0x00, 0x00,
0xff, 0xb2, 0x00, 0x00, 0x00, 0x00, 0x00, 0x00, 0xff, 0xdf, 0x00, 0x00, 0x00, 0x00, 0xff, 0xa6,
0x00, 0x00, 0x00, 0x00, 0x00, 0x00, 0x00, 0x00, 0x00, 0x00, 0x00, 0x00, 0x00, 0x00, 0x00, 0x00,
0x00, 0x00, 0x00, 0x00, 0x00, 0x00, 0x00, 0x00, 0x00, 0x00, 0x00, 0x00, 0x00, 0x00, 0x00, 0x00,
0xff, 0x34, 0x00, 0x00, 0x00, 0x00, 0x00, 0x00, 0x00, 0x00, 0x00, 0x00, 0x00, 0x00, 0x00, 0x00,
0xff, 0xf5, 0x00, 0x00, 0x00, 0x00, 0x00, 0x00, 0xff, 0xb2, 0x00, 0x00, 0x00, 0x00, 0x00, 0x00,
0x00, 0x00, 0x00, 0x00, 0x00, 0x00, 0x00, 0x00, 0x00, 0x00, 0x00, 0x00, 0x00, 0x00, 0x00, 0x00,
0x00, 0x00, 0x00, 0x00, 0xff, 0xaf, 0x00, 0x00, 0x00, 0x00, 0x00, 0x00, 0x00, 0x00, 0x00, 0x00,
0xff, 0xe1, 0x00, 0x00, 0xff, 0xaf, 0x00, 0x1e, 0xff, 0xce, 0x00, 0x00, 0x00, 0x00, 0xff, 0xd8,
0xff, 0x75, 0x00, 0x00, 0xff, 0xf1, 0xff, 0x62, 0xff, 0x4d, 0xff, 0xbb, 0x00, 0x07, 0xff, 0x98,
0xff, 0xeb, 0x00, 0x00, 0x00, 0x00, 0x00, 0x00, 0x00, 0x00, 0xff, 0xbb, 0x00, 0x00, 0x00, 0x00,
0x00, 0x00, 0xff, 0x66, 0x00, 0x00, 0x00, 0x00, 0xff, 0x75, 0xff, 0x77, 0x00, 0x00, 0xff, 0xaf,
0x00, 0x00, 0x00, 0x00, 0x00, 0x00, 0x00, 0x00, 0xff, 0xf4, 0xff, 0x5e, 0x00, 0x00, 0xff, 0x69,
0x00, 0x00, 0xff, 0xe1, 0xff, 0x49, 0x00, 0x00, 0x00, 0x00, 0xff, 0x80, 0x00, 0x00, 0x00, 0x00,
0x00, 0x00, 0x00, 0x00, 0x00, 0x00, 0xff, 0xbb, 0xff, 0xbb, 0x00, 0x00, 0x00, 0x00, 0xff, 0x98,
0xff, 0xa5, 0xff, 0x6f, 0x00, 0x00, 0x00, 0x00, 0x00, 0x00, 0xff, 0x66, 0xff, 0xeb, 0x00, 0x00,
0xff, 0x46, 0x00, 0x00, 0x00, 0x00, 0xff, 0xeb, 0x00, 0x00, 0x00, 0x00, 0x00, 0x00, 0x00, 0x00,
0x00, 0x00, 0x00, 0x00, 0x00, 0x00, 0x00, 0x1d, 0x00, 0x00, 0x00, 0x00, 0x00, 0x00, 0x00, 0x00,
0x00, 0x04, 0xff, 0xec, 0x00, 0x00, 0x00, 0x00, 0x00, 0x00, 0xff, 0xf2, 0x00, 0x0a, 0x00, 0x00,
0x00, 0x00, 0x00, 0x2c, 0x00, 0x00, 0xff, 0xef, 0xff, 0xec, 0xff, 0xbb, 0xff, 0xdc, 0x00, 0x00,
0x00, 0x00, 0x00, 0x00, 0x00, 0x00, 0x00, 0x04, 0x00, 0x00, 0x00, 0x00, 0xff, 0xf1, 0x00, 0x00,
0x00, 0x00, 0x00, 0x10, 0xff, 0xf3, 0x00, 0x00, 0x00, 0x00, 0x00, 0x25, 0xff, 0xf3, 0x00, 0x00,
0x00, 0x00, 0x00, 0x00, 0x00, 0x00, 0x00, 0x00, 0x00, 0x00, 0xff, 0xc3, 0x00, 0x00, 0x00, 0x00,
0x00, 0x00, 0x00, 0x00, 0xff, 0xec, 0x00, 0x00, 0x00, 0x00, 0x00, 0x00, 0x00, 0x00, 0x00, 0x00,
0x00, 0x00, 0xff, 0xed, 0x00, 0x2c, 0x00, 0x00, 0x00, 0x00, 0x00, 0x00, 0x00, 0x00, 0x00, 0x00,
0x00, 0x00, 0x00, 0x00, 0x00, 0x00, 0x00, 0x00, 0x00, 0x00, 0x00, 0x00, 0xff, 0xf3, 0x00, 0x00,
0x00, 0x00, 0x00, 0x00, 0x00, 0x00, 0x00, 0x00, 0x00, 0x00, 0x00, 0x00, 0x00, 0x00, 0x00, 0x00,
0x00, 0x00, 0x00, 0x00, 0x00, 0x00, 0x00, 0x00, 0x00, 0x00, 0x00, 0x00, 0x00, 0x00, 0x00, 0x00,
0x00, 0x00, 0x00, 0x00, 0x00, 0x00, 0x00, 0x00, 0x00, 0x00, 0x00, 0x00, 0x00, 0x00, 0x00, 0x00,
0x00, 0x00, 0x00, 0x00, 0x00, 0x00, 0x00, 0x00, 0x00, 0x00, 0x00, 0x00, 0x00, 0x00, 0x00, 0x00,
0x00, 0x00, 0x00, 0x00, 0x00, 0x00, 0x00, 0x00, 0x00, 0x00, 0x00, 0x00, 0x00, 0x00, 0x00, 0x00,
0x00, 0x00, 0x00, 0x00, 0x00, 0x00, 0x00, 0x00, 0x00, 0x00, 0x00, 0x00, 0x00, 0x00, 0x00, 0x00,
0x00, 0x97, 0x00, 0x00, 0x00, 0x00, 0x00, 0x00, 0x00, 0x00, 0x00, 0x00, 0x00, 0x00, 0x00, 0x00,
0x00, 0x00, 0x00, 0x00, 0x00, 0x00, 0x00, 0x00, 0x00, 0x00, 0x00, 0x00, 0x00, 0x00, 0x00, 0x00,
0x00, 0x00, 0x00, 0x00, 0x00, 0x00, 0x00, 0x00, 0x00, 0x00, 0x00, 0x00, 0x00, 0x00, 0x00, 0x00,
0x00, 0x00, 0x00, 0x00, 0x00, 0x00, 0x00, 0x00, 0x00, 0x00, 0x00, 0x00, 0x00, 0x00, 0x00, 0x00,
0x00, 0x00, 0x00, 0x00, 0x00, 0x00, 0x00, 0x00, 0x00, 0x00, 0x00, 0x00, 0x00, 0x00, 0x00, 0x00,
0x00, 0x00, 0x00, 0x00, 0x00, 0x00, 0x00, 0x00, 0x00, 0x00, 0x00, 0x00, 0x00, 0x00, 0x00, 0x00,
0x00, 0x00, 0x00, 0x00, 0x00, 0x00, 0x00, 0x00, 0x00, 0x00, 0x00, 0x00, 0xff, 0xd8, 0x00, 0x00,
0x00, 0x00, 0x00, 0x00, 0x00, 0x00, 0x00, 0x00, 0x00, 0x00, 0x00, 0x00, 0x00, 0x00, 0x00, 0x00,
0x00, 0x00, 0x00, 0x00, 0x00, 0x00, 0x00, 0x00, 0x00, 0x00, 0x00, 0x00, 0x00, 0x00, 0x00, 0x00,
0x00, 0x00, 0x00, 0x00, 0x00, 0x00, 0x00, 0x00, 0x00, 0x00, 0x00, 0x00, 0x00, 0x00, 0x00, 0x00,
0x00, 0x00, 0x00, 0x00, 0x00, 0x00, 0xff, 0xbb, 0x00, 0x00, 0x00, 0x00, 0x00, 0x00, 0x00, 0x00,
0x00, 0x00, 0x00, 0x00, 0x00, 0x00, 0x00, 0x00, 0x00, 0x00, 0x00, 0x00, 0x00, 0x00, 0x00, 0x00,
0x00, 0x00, 0x00, 0x00, 0x00, 0x00, 0x00, 0x00, 0x00, 0x00, 0x00, 0x00, 0x00, 0x00, 0x00, 0x00,
0x00, 0x00, 0x00, 0x00, 0x00, 0x00, 0x00, 0x00, 0x00, 0x00, 0x00, 0x00, 0x00, 0x00, 0x00, 0x00,
0x00, 0x00, 0x00, 0x00, 0x00, 0x00, 0x00, 0x00, 0x00, 0x00, 0x00, 0x00, 0x00, 0x00, 0x00, 0x00,
0x00, 0x00, 0x00, 0x00, 0x00, 0x00, 0x00, 0x00, 0x00, 0x00, 0x00, 0x00, 0xff, 0x8c, 0x00, 0x00,
0x00, 0x00, 0x00, 0x00, 0x00, 0x00, 0x00, 0x00, 0x00, 0x00, 0x00, 0x00, 0x00, 0x00, 0x00, 0x00,
0x00, 0x00, 0x00, 0x00, 0x00, 0x00, 0x00, 0x00, 0x00, 0x00, 0x00, 0x00, 0x00, 0x00, 0x00, 0x00,
0x00, 0x00, 0x00, 0x00, 0x00, 0x00, 0x00, 0x00, 0x00, 0x00, 0x00, 0x00, 0x00, 0x00, 0x00, 0x00,
0x00, 0x00, 0x00, 0x00, 0x00, 0x00, 0x00, 0x00, 0x00, 0x00, 0x00, 0x00, 0x00, 0x00, 0x00, 0x00,
0x00, 0x00, 0x00, 0x00, 0x00, 0x7e, 0x00, 0x00, 0x00, 0x00, 0x00, 0x34, 0x00, 0x00, 0x00, 0x00,
0x00, 0x00, 0x00, 0x00, 0x00, 0x00, 0x00, 0x00, 0x00, 0x00, 0x00, 0x00, 0x00, 0x00, 0x00, 0x00,
0x00, 0x00, 0x00, 0x00, 0x00, 0x00, 0x00, 0x00, 0x00, 0x00, 0x00, 0x00, 0x00, 0x00, 0x00, 0x00,
0x00, 0x00, 0x00, 0x00, 0x00, 0x00, 0x00, 0x00, 0x00, 0x00, 0x00, 0x00, 0x00, 0x00, 0x00, 0x00,
0x00, 0x00, 0x00, 0x00, 0x00, 0x00, 0x00, 0x00, 0x00, 0x00, 0x00, 0x00, 0x00, 0x00, 0x00, 0x00,
0x00, 0x00, 0x00, 0x00, 0x00, 0x00, 0x00, 0x00, 0x00, 0x00, 0x00, 0x00, 0x00, 0x00, 0x00, 0x00,
0x00, 0x00, 0x00, 0x00, 0x00, 0x00, 0x00, 0x00, 0x00, 0x20, 0xff, 0xd3, 0x00, 0x14, 0x00, 0x00,
0xff, 0xaf, 0x00, 0x25, 0xff, 0xed, 0x00, 0x00, 0x00, 0x00, 0x00, 0x20, 0x00, 0x00, 0x00, 0x00,
0x00, 0x00, 0xff, 0x8c, 0xff, 0xb3, 0x00, 0x0d, 0x00, 0x00, 0x00, 0x00, 0x00, 0x00, 0x00, 0x20,
0x00, 0x00, 0x00, 0x00, 0x00, 0x00, 0xff, 0xbb, 0x00, 0x00, 0x00, 0x1f, 0x00, 0x00, 0x00, 0x20,
0x00, 0x00, 0x00, 0x11, 0x00, 0x00, 0x00, 0x2c, 0x00, 0x00, 0xff, 0x80, 0x00, 0x00, 0x00, 0x00,
0xff, 0x8c, 0x00, 0x25, 0x00, 0x00, 0x00, 0x00, 0x00, 0x00, 0x00, 0x00, 0xff, 0xd3, 0x00, 0x00,
0x00, 0x00, 0x00, 0x00, 0x00, 0x00, 0x00, 0x00, 0x00, 0x00, 0x00, 0x00, 0xff, 0xbd, 0x00, 0x00,
0x00, 0x00, 0x00, 0x00, 0x00, 0x00, 0x00, 0x00, 0x00, 0x00, 0x00, 0x00, 0x00, 0x00, 0x00, 0x00,
0x00, 0x00, 0x00, 0x00, 0x00, 0x00, 0x00, 0x00, 0x00, 0x00, 0x00, 0x48, 0x00, 0x00, 0x00, 0x00,
0x00, 0x00, 0x00, 0x00, 0x00, 0x00, 0x00, 0x00, 0x00, 0x00, 0x00, 0x00, 0x00, 0x00, 0x00, 0x00,
0xff, 0xbf, 0x00, 0x00, 0x00, 0x00, 0x00, 0x00, 0x00, 0x00, 0x00, 0x06, 0xff, 0xda, 0x00, 0x00,
0x00, 0x00, 0xff, 0x75, 0x00, 0x22, 0xff, 0xef, 0x00, 0x00, 0x00, 0x00, 0x00, 0x00, 0x00, 0x00,
0x00, 0x00, 0xff, 0xbb, 0xff, 0xbb, 0xff, 0xaf, 0x00, 0x00, 0xff, 0xaf, 0x00, 0x00, 0x00, 0x00,
0x00, 0x06, 0x00, 0x00, 0x00, 0x00, 0x00, 0x00, 0x00, 0x00, 0x00, 0x00, 0x00, 0x00, 0x00, 0x00,
0x00, 0x00, 0x00, 0x00, 0x00, 0x00, 0x00, 0x00, 0x00, 0x21, 0x00, 0x00, 0xff, 0xad, 0x00, 0x00,
0x00, 0x00, 0xff, 0x80, 0x00, 0x1e, 0x00, 0x00, 0x00, 0x00, 0x00, 0x00, 0x00, 0x00, 0xff, 0xda,
0x00, 0x00, 0x00, 0x00, 0x00, 0x00, 0x00, 0x00, 0x00, 0x00, 0x00, 0x00, 0x00, 0x00, 0xff, 0xbd,
0x00, 0x00, 0xff, 0xaf, 0x00, 0x00, 0x00, 0x00, 0x00, 0x00, 0x00, 0x00, 0x00, 0x00, 0x00, 0x00,
0x00, 0x00, 0x00, 0x00, 0x00, 0x00, 0x00, 0x00, 0x00, 0x00, 0x00, 0x00, 0x00, 0x00, 0x00, 0x00,
0x00, 0x00, 0x00, 0x00, 0x00, 0x00, 0x00, 0x00, 0x00, 0x00, 0x00, 0x00, 0x00, 0x00, 0x00, 0x00,
0x00, 0x00, 0xff, 0x8c, 0x00, 0x00, 0x00, 0x00, 0x00, 0x00, 0x00, 0x00, 0x00, 0x00, 0xff, 0x36,
0xff, 0xb0, 0xff, 0xae, 0xff, 0x62, 0x00, 0x00, 0xff, 0x45, 0xff, 0xaf, 0x00, 0x00, 0x00, 0x00,
0xfe, 0xb0, 0xff, 0x75, 0x00, 0x00, 0x00, 0x1a, 0xff, 0x73, 0xff, 0xd0, 0xff, 0x3b, 0x00, 0x00,
0x00, 0x00, 0x00, 0x00, 0x00, 0x00, 0xfe, 0xb0, 0xff, 0xaf, 0x00, 0x00, 0x00, 0x00, 0x00, 0x00,
0x00, 0x00, 0x00, 0x00, 0xff, 0x80, 0x00, 0x00, 0x00, 0x00, 0x00, 0x00, 0xff, 0xae, 0xff, 0x91,
0x00, 0x00, 0x00, 0x00, 0xff, 0xbb, 0x00, 0x00, 0x00, 0x00, 0x00, 0x00, 0x00, 0x00, 0x00, 0x00,
0xff, 0x36, 0x00, 0x00, 0x00, 0x00, 0x00, 0x00, 0x00, 0x00, 0x00, 0x00, 0x00, 0x00, 0xff, 0x75,
0xfe, 0x8a, 0x00, 0x00, 0xff, 0x46, 0xff, 0x80, 0x00, 0x00, 0x00, 0x00, 0x00, 0x00, 0x00, 0x00,
0xff, 0xef, 0x00, 0x00, 0x00, 0x00, 0x00, 0x00, 0x00, 0x00, 0x00, 0x00, 0x00, 0x00, 0x00, 0x00,
0x00, 0x00, 0x00, 0x00, 0x00, 0x00, 0x00, 0x00, 0x00, 0x00, 0xff, 0xaf, 0x00, 0x00, 0x00, 0x00,
0x00, 0x00, 0x00, 0x00, 0x00, 0x00, 0x00, 0x00, 0x00, 0x00, 0x00, 0x00, 0x00, 0x00, 0x00, 0x00,
0xff, 0x60, 0xff, 0x8c, 0xff, 0xc0, 0xff, 0x4d, 0xff, 0x2f, 0xff, 0x6a, 0xff, 0x69, 0x00, 0x00,
0xff, 0x80, 0x00, 0x00, 0xff, 0x69, 0x00, 0x1a, 0x00, 0x00, 0xff, 0x87, 0x00, 0x00, 0xff, 0xbb,
0xff, 0xf9, 0x00, 0x00, 0x00, 0x00, 0x00, 0x00, 0x00, 0x00, 0xff, 0xbb, 0x00, 0x00, 0xff, 0xa3,
0x00, 0x00, 0x00, 0x00, 0xff, 0xaa, 0xff, 0xbb, 0xff, 0x80, 0x00, 0x00, 0x00, 0xba, 0xff, 0xc0,
0xff, 0xbb, 0x00, 0x00, 0x00, 0x00, 0xff, 0x46, 0x00, 0x00, 0x00, 0x00, 0x00, 0x00, 0x00, 0x00,
0x00, 0x00, 0xff, 0x60, 0x00, 0x00, 0x00, 0x00, 0x00, 0x00, 0x00, 0x00, 0xff, 0xbb, 0x00, 0x00,
0xff, 0x75, 0xff, 0x5c, 0x00, 0x00, 0xfe, 0xf5, 0xff, 0x98, 0x00, 0x00, 0x00, 0x00, 0x00, 0x00,
0x00, 0x00, 0x00, 0x00, 0x00, 0x00, 0x00, 0x00, 0x00, 0x00, 0x00, 0x00, 0xff, 0xf9, 0x00, 0x00,
0x00, 0x00, 0x00, 0x00, 0x00, 0x00, 0x00, 0x00, 0x00, 0x00, 0x00, 0x00, 0xff, 0x69, 0x00, 0x00,
0xff, 0x5e, 0x00, 0x00, 0xff, 0x9c, 0xff, 0x5e, 0x00, 0x00, 0x00, 0x00, 0x00, 0x00, 0x00, 0x00,
0x00, 0x00, 0x00, 0x00, 0x00, 0x00, 0xff, 0xb0, 0x00, 0x00, 0x00, 0x00, 0x00, 0x00, 0x00, 0x00,
0x00, 0x00, 0xff, 0xbd, 0x00, 0x00, 0x00, 0x00, 0xfe, 0xb0, 0xff, 0x5c, 0x00, 0x00, 0x00, 0x00,
0x00, 0x00, 0x00, 0x00, 0x00, 0x00, 0x00, 0x00, 0x00, 0x00, 0x00, 0x00, 0x00, 0x00, 0x00, 0x00,
0x00, 0x00, 0x00, 0x00, 0xfe, 0xf4, 0x00, 0x00, 0x00, 0x00, 0x00, 0x00, 0xff, 0x44, 0x00, 0x00,
0xff, 0xb0, 0x00, 0x00, 0x00, 0x00, 0x00, 0x00, 0x00, 0x00, 0x00, 0x00, 0x00, 0x00, 0x00, 0x00,
0x00, 0x00, 0x00, 0x00, 0x00, 0x00, 0x00, 0x00, 0x00, 0x00, 0x00, 0x00, 0x00, 0x00, 0x00, 0x00,
0x00, 0x00, 0x00, 0x00, 0xff, 0xca, 0x00, 0x00, 0x00, 0x00, 0x00, 0x00, 0x00, 0x00, 0x00, 0x00,
0x00, 0x00, 0xff, 0x89, 0x00, 0x00, 0x00, 0x00, 0x00, 0x00, 0x00, 0x00, 0xfe, 0xf4, 0x00, 0x00,
0x00, 0x00, 0x00, 0x00, 0x00, 0x00, 0x00, 0x00, 0x00, 0x00, 0x00, 0x00, 0x00, 0x00, 0x00, 0x00,
0x00, 0x00, 0x00, 0x00, 0xff, 0xe2, 0x00, 0x00, 0x00, 0x00, 0x00, 0x00, 0x00, 0x00, 0x00, 0x00,
0x00, 0x00, 0x00, 0x00, 0x00, 0x00, 0x00, 0x00, 0x00, 0x00, 0x00, 0x00, 0x00, 0x00, 0x00, 0x00,
0x00, 0x00, 0x00, 0x00, 0x00, 0x00, 0x00, 0x00, 0x00, 0x00, 0xff, 0x69, 0xff, 0x69, 0x00, 0x00,
0x00, 0x00, 0x00, 0x00, 0x00, 0x00, 0x00, 0x00, 0x00, 0x00, 0x00, 0x00, 0x00, 0x00, 0x00, 0x00,
0x00, 0x00, 0x00, 0x00, 0x00, 0x00, 0xff, 0xa3, 0x00, 0x00, 0x00, 0x00, 0x00, 0x00, 0xff, 0xbb,
0x00, 0x00, 0x00, 0x00, 0x00, 0x00, 0x00, 0x00, 0x00, 0x00, 0x00, 0x00, 0x00, 0x00, 0xff, 0xf5,
0x00, 0x00, 0x00, 0x00, 0x00, 0x00, 0x00, 0x00, 0x00, 0x00, 0x00, 0x00, 0x00, 0x00, 0x00, 0x00,
0x00, 0x00, 0x00, 0x00, 0x00, 0x00, 0x00, 0x00, 0x00, 0x00, 0x00, 0x00, 0x00, 0x00, 0x00, 0x00,
0x00, 0x00, 0x00, 0x00, 0x00, 0x00, 0xff, 0xef, 0x00, 0x00, 0x00, 0x00, 0x00, 0x00, 0xff, 0xa3,
0x00, 0x00, 0x00, 0x00, 0x00, 0x00, 0x00, 0x00, 0x00, 0x00, 0x00, 0x00, 0x00, 0x00, 0x00, 0x00,
0x00, 0x00, 0x00, 0x00, 0x00, 0x00, 0x00, 0x00, 0x00, 0x00, 0x00, 0x00, 0x00, 0x00, 0x00, 0x00,
0x00, 0x00, 0x00, 0x00, 0x00, 0x00, 0x00, 0x00, 0x00, 0x00, 0x00, 0x00, 0xff, 0xbb, 0x00, 0x00,
0x00, 0x00, 0x00, 0x00, 0x00, 0x00, 0x00, 0x00, 0x00, 0x00, 0x00, 0x00, 0xff, 0x73, 0xff, 0x65,
0x00, 0x00, 0x00, 0x00, 0x00, 0x00, 0x00, 0x00, 0xff, 0xb2, 0x00, 0x00, 0x00, 0x00, 0x00, 0x00,
0x00, 0x00, 0x00, 0x00, 0x00, 0x00, 0x00, 0x00, 0xff, 0xa0, 0xff, 0xd2, 0x00, 0x00, 0x00, 0x00,
0xff, 0xbd, 0x00, 0x00, 0x00, 0x00, 0x00, 0x00, 0x00, 0x00, 0x00, 0x00, 0xff, 0xa3, 0x00, 0x00,
0x00, 0x00, 0x00, 0x00, 0x00, 0x00, 0x00, 0x00, 0x00, 0x00, 0x00, 0x00, 0x00, 0x00, 0x00, 0x00,
0x00, 0x00, 0x00, 0x00, 0x00, 0x00, 0x00, 0x00, 0x00, 0x00, 0x00, 0x00, 0x00, 0x00, 0x00, 0x00,
0x00, 0x00, 0x00, 0x00, 0x00, 0x00, 0x00, 0x00, 0x00, 0x00, 0x00, 0x00, 0x00, 0x00, 0x00, 0x00,
0x00, 0x00, 0x00, 0x00, 0x00, 0x00, 0x00, 0x00, 0x00, 0x00, 0x00, 0x00, 0x00, 0x00, 0x00, 0x00,
0x00, 0x00, 0x00, 0x00, 0x00, 0x00, 0x00, 0x00, 0x00, 0x00, 0x00, 0x00, 0x00, 0x00, 0x00, 0x00,
0x00, 0x00, 0x00, 0x00, 0x00, 0x00, 0x00, 0x00, 0x00, 0x00, 0x00, 0x00, 0x00, 0x00, 0xff, 0x98,
0x00, 0x00, 0x00, 0x00, 0x00, 0x00, 0x00, 0x00, 0xff, 0xaf, 0x00, 0x00, 0x00, 0x00, 0xff, 0x3b,
0xff, 0xa3, 0x00, 0x00, 0x00, 0x00, 0x00, 0x00, 0x00, 0x00, 0xff, 0x98, 0x00, 0x00, 0x00, 0x00,
0x00, 0x00, 0x00, 0x00, 0x00, 0x00, 0x00, 0x00, 0x00, 0x00, 0xff, 0x75, 0xff, 0xbb, 0x00, 0x00,
0x00, 0x00, 0xff, 0x80, 0x00, 0x00, 0x00, 0x00, 0x00, 0x00, 0x00, 0x00, 0x00, 0x00, 0x00, 0x00,
0x00, 0x00, 0x00, 0x00, 0x00, 0x00, 0x00, 0x00, 0x00, 0x00, 0x00, 0x00, 0x00, 0x00, 0x00, 0x00,
0x00, 0x00, 0x00, 0x00, 0x00, 0x00, 0x00, 0x00, 0x00, 0x00, 0x00, 0x00, 0x00, 0x00, 0x00, 0x00,
0x00, 0x00, 0x00, 0x00, 0x00, 0x00, 0x00, 0x00, 0x00, 0x00, 0x00, 0x00, 0x00, 0x00, 0x00, 0x00,
0x00, 0x00, 0x00, 0x00, 0x00, 0x00, 0x00, 0x00, 0x00, 0x00, 0x00, 0x00, 0x00, 0x00, 0x00, 0x00,
0x00, 0x00, 0x00, 0x00, 0x00, 0x00, 0x00, 0x00, 0x00, 0x00, 0x00, 0x00, 0x00, 0x00, 0x00, 0x00,
0x00, 0x00, 0x00, 0x00, 0x00, 0x00, 0x00, 0x00, 0x00, 0x00, 0x00, 0x00, 0x00, 0x00, 0x00, 0x00,
0xff, 0xeb, 0x00, 0x00, 0x00, 0x00, 0x00, 0x00, 0x00, 0x00, 0x00, 0x00, 0x00, 0x00, 0x00, 0x00,
0x00, 0x00, 0xff, 0xf2, 0x00, 0x00, 0x00, 0x00, 0x00, 0x00, 0x00, 0x00, 0xff, 0xe8, 0x00, 0x00,
0x00, 0x00, 0x00, 0x00, 0x00, 0x00, 0x00, 0x00, 0x00, 0x00, 0x00, 0x00, 0x00, 0x00, 0x00, 0x00,
0x00, 0x00, 0x00, 0x00, 0x00, 0x00, 0x00, 0x5d, 0x00, 0x00, 0x00, 0x00, 0x00, 0x00, 0x00, 0x00,
0x00, 0x00, 0x00, 0x00, 0x00, 0x00, 0x00, 0x00, 0x00, 0x00, 0x00, 0x00, 0x00, 0x00, 0x00, 0x00,
0x00, 0x00, 0x00, 0x00, 0x00, 0x00, 0x00, 0x00, 0x00, 0x00, 0x00, 0x00, 0xff, 0x7f, 0x00, 0x00,
0x00, 0x00, 0x00, 0x00, 0x00, 0x00, 0x00, 0x00, 0x00, 0x00, 0x00, 0x00, 0x00, 0x00, 0x00, 0x00,
0x00, 0x00, 0x00, 0x00, 0x00, 0x00, 0x00, 0x00, 0x00, 0x00, 0x00, 0x00, 0x00, 0x00, 0x00, 0x00,
0x00, 0x00, 0x00, 0x00, 0x00, 0x00, 0x00, 0x00, 0x00, 0x00, 0x00, 0x00, 0x00, 0x00, 0x00, 0x00,
0x00, 0x00, 0x00, 0x00, 0x00, 0x00, 0x00, 0x00, 0x00, 0x00, 0x00, 0x00, 0x00, 0x00, 0x00, 0x00,
0x00, 0x00, 0x00, 0x00, 0x00, 0x00, 0x00, 0x00, 0x00, 0x00, 0x00, 0x00, 0x00, 0x00, 0x00, 0x00,
0x00, 0x00, 0x00, 0x00, 0xff, 0x8c, 0x00, 0x00, 0x00, 0x00, 0x00, 0x00, 0x00, 0x00, 0x00, 0x00,
0x00, 0x00, 0x00, 0x00, 0x00, 0x00, 0x00, 0x00, 0x00, 0x00, 0x00, 0x00, 0x00, 0x00, 0x00, 0x00,
0x00, 0x00, 0x00, 0x00, 0x00, 0x00, 0x00, 0x00, 0x00, 0x45, 0x00, 0x00, 0x00, 0x00, 0x00, 0x00,
0x00, 0x00, 0x00, 0x00, 0x00, 0x00, 0x00, 0x00, 0x00, 0x00, 0x00, 0x00, 0x00, 0x00, 0x00, 0x00,
0x00, 0x00, 0x00, 0x00, 0x00, 0x00, 0x00, 0x00, 0x00, 0x00, 0x00, 0x00, 0x00, 0x00, 0x00, 0x00,
0x00, 0x00, 0x00, 0x00, 0x00, 0x00, 0x00, 0x00, 0x00, 0x00, 0x00, 0x00, 0x00, 0x00, 0x00, 0x00,
0x00, 0x00, 0x00, 0x00, 0x00, 0x00, 0x00, 0x00, 0x00, 0x00, 0x00, 0x00, 0x00, 0x00, 0x00, 0x00,
0x00, 0x00, 0x00, 0x00, 0x00, 0x00, 0x00, 0x00, 0x00, 0x00, 0x00, 0x00, 0x00, 0x00, 0x00, 0x00,
0x00, 0x00, 0x00, 0x00, 0x00, 0x00, 0x00, 0x00, 0x00, 0x00, 0x00, 0x00, 0x00, 0x00, 0xff, 0xdb,
0x00, 0x00, 0x00, 0x00, 0x00, 0x00, 0x00, 0x00, 0x00, 0x00, 0x00, 0x00, 0x00, 0x00, 0x00, 0x00,
0x00, 0x00, 0x00, 0x00, 0x00, 0x00, 0xff, 0xbb, 0x00, 0x00, 0x00, 0x00, 0x00, 0x00, 0x00, 0x00,
0x00, 0x00, 0x00, 0x00, 0x00, 0x00, 0x00, 0x00, 0x00, 0x00, 0x00, 0x00, 0x00, 0x00, 0x00, 0x00,
0x00, 0x00, 0x00, 0x00, 0x00, 0x00, 0x00, 0x00, 0x00, 0x00, 0x00, 0x00, 0x00, 0x00, 0x00, 0x00,
0x00, 0x00, 0x00, 0x00, 0x00, 0x00, 0x00, 0x00, 0x00, 0x00, 0x00, 0x00, 0x00, 0x00, 0x00, 0x00,
0xff, 0xdb, 0x00, 0x00, 0x00, 0x00, 0x00, 0x00, 0x00, 0x00, 0x00, 0x00, 0x00, 0x00, 0x00, 0x00,
0x00, 0x00, 0x00, 0x00, 0x00, 0x00, 0x00, 0x00, 0x00, 0x00, 0x00, 0x00, 0x00, 0x00, 0x00, 0x00,
0x00, 0x00, 0x00, 0x00, 0x00, 0x00, 0x00, 0x00, 0x00, 0x00, 0x00, 0x00, 0x00, 0x00, 0x00, 0x00,
0x00, 0x00, 0x00, 0x00, 0x00, 0x00, 0x00, 0x00, 0x00, 0x00, 0x00, 0x00, 0x00, 0x00, 0x00, 0x00,
0x00, 0x00, 0x00, 0x00, 0x00, 0x00, 0x00, 0x00, 0x00, 0x00, 0x00, 0x00, 0x00, 0x00, 0x00, 0x00,
0xff, 0xe6, 0x00, 0x00, 0x00, 0x00, 0x00, 0x00, 0x00, 0x00, 0xff, 0xf6, 0x00, 0x00, 0x00, 0x00,
0x00, 0x00, 0x00, 0x00, 0x00, 0x00, 0xff, 0xc8, 0x00, 0x00, 0x00, 0x00, 0x00, 0x00, 0x00, 0x00,
0x00, 0x00, 0x00, 0x00, 0x00, 0x00, 0x00, 0x00, 0x00, 0x00, 0x00, 0x00, 0x00, 0x00, 0x00, 0x00,
0x00, 0x00, 0xff, 0xda, 0x00, 0x00, 0x00, 0x00, 0x00, 0x00, 0x00, 0x00, 0x00, 0x5d, 0x00, 0x00,
0x00, 0x00, 0x00, 0x00, 0x00, 0x00, 0x00, 0x00, 0x00, 0x00, 0x00, 0x00, 0x00, 0x00, 0x00, 0x00,
0x00, 0x00, 0xff, 0xe6, 0x00, 0x00, 0x00, 0x00, 0x00, 0x00, 0x00, 0x00, 0x00, 0x00, 0x00, 0x00,
0x00, 0x00, 0x00, 0x00, 0x00, 0x00, 0x00, 0x00, 0x00, 0x00, 0x00, 0x00, 0x00, 0x00, 0x00, 0x00,
0x00, 0x00, 0x00, 0x00, 0x00, 0x00, 0x00, 0x00, 0x00, 0x00, 0xff, 0xda, 0x00, 0x00, 0x00, 0x00,
0x00, 0x00, 0x00, 0x00, 0x00, 0x00, 0x00, 0x00, 0x00, 0x00, 0x00, 0x00, 0x00, 0x00, 0x00, 0x00,
0x00, 0x00, 0x00, 0x00, 0x00, 0x00, 0x00, 0x00, 0x00, 0x00, 0x00, 0x00, 0x00, 0x00, 0x00, 0x00,
0x00, 0x00, 0xff, 0xaf, 0x00, 0x00, 0xff, 0xb2, 0x00, 0x00, 0x00, 0x00, 0x00, 0x00, 0xff, 0xbb,
0x00, 0x00, 0xff, 0xaf, 0x00, 0x00, 0x00, 0x00, 0x00, 0x00, 0x00, 0x00, 0xff, 0x4d, 0x00, 0x14,
0xff, 0xbb, 0xff, 0xec, 0x00, 0x00, 0x00, 0x00, 0x00, 0x00, 0x00, 0x00, 0xff, 0xbb, 0x00, 0x00,
0x00, 0x00, 0x00, 0x00, 0x00, 0x00, 0x00, 0x00, 0x00, 0x00, 0xff, 0x80, 0x00, 0x00, 0x00, 0xae,
0xff, 0xb2, 0x00, 0x00, 0x00, 0x00, 0x00, 0x00, 0x00, 0x00, 0x00, 0x00, 0x00, 0x00, 0x00, 0x00,
0x00, 0x00, 0x00, 0x00, 0xff, 0xaf, 0x00, 0x00, 0x00, 0x00, 0x00, 0x00, 0x00, 0x00, 0x00, 0x00,
0x00, 0x00, 0x00, 0x00, 0x00, 0x00, 0x00, 0x00, 0xff, 0x98, 0x00, 0x00, 0x00, 0x00, 0x00, 0x00,
0x00, 0x00, 0x00, 0x00, 0xff, 0xe2, 0x00, 0x00, 0x00, 0x00, 0x00, 0x00, 0x00, 0x00, 0xff, 0xec,
0x00, 0x00, 0x00, 0x00, 0x00, 0x00, 0x00, 0x00, 0x00, 0x00, 0x00, 0x00, 0x00, 0x00, 0xff, 0xbb,
0x00, 0x00, 0x00, 0x00, 0x00, 0x00, 0x00, 0x00, 0x00, 0x00, 0x00, 0x00, 0x00, 0x00, 0x00, 0x00,
0x00, 0x00, 0x00, 0x00, 0x00, 0x00, 0x00, 0x00, 0xff, 0xb0, 0x00, 0x00, 0x00, 0x00, 0x00, 0x00,
0x00, 0x00, 0x00, 0x00, 0xff, 0xbd, 0x00, 0x00, 0x00, 0x00, 0xfe, 0xb0, 0xff, 0x5c, 0x00, 0x00,
0x00, 0x00, 0x00, 0x00, 0x00, 0x00, 0x00, 0x00, 0x00, 0x00, 0x00, 0x00, 0x00, 0x00, 0x00, 0x00,
0x00, 0x00, 0x00, 0x00, 0x00, 0x00, 0xfe, 0xf4, 0x00, 0x00, 0x00, 0x00, 0x00, 0x00, 0xff, 0x44,
0x00, 0x00, 0x00, 0x00, 0x00, 0x00, 0x00, 0x00, 0x00, 0x00, 0x00, 0x00, 0x00, 0x00, 0x00, 0x00,
0x00, 0x00, 0x00, 0x00, 0x00, 0x00, 0x00, 0x00, 0x00, 0x00, 0x00, 0x00, 0x00, 0x00, 0x00, 0x00,
0x00, 0x00, 0x00, 0x00, 0x00, 0x00, 0x00, 0x00, 0x00, 0x00, 0x00, 0x00, 0x00, 0x00, 0x00, 0x00,
0x00, 0x00, 0x00, 0x00, 0x00, 0x00, 0x00, 0x00, 0x00, 0x00, 0x00, 0x00, 0x00, 0x00, 0x00, 0x00,
0x00, 0x00, 0x00, 0x00, 0x00, 0x00, 0x00, 0x00, 0x00, 0x00, 0x00, 0x00, 0x00, 0x00, 0x00, 0x00,
0x00, 0x00, 0x00, 0x00, 0x00, 0x00, 0x00, 0x00, 0x00, 0x00, 0x00, 0x00, 0x00, 0x00, 0x00, 0x00,
0x00, 0x00, 0x00, 0x00, 0x00, 0x00, 0xff, 0xd2, 0x00, 0x00, 0x00, 0x00, 0x00, 0x00, 0x00, 0x00,
0x00, 0x00, 0x00, 0x00, 0x00, 0x00, 0x00, 0x0a, 0x00, 0x00, 0x00, 0x00, 0x00, 0x00, 0xff, 0x8c,
0xff, 0x92, 0x00, 0x00, 0x00, 0x00, 0x00, 0x00, 0x00, 0x00, 0x00, 0x00, 0x00, 0x00, 0x00, 0x00,
0x00, 0x00, 0x00, 0x00, 0x00, 0x00, 0x00, 0x00, 0x00, 0x00, 0x00, 0x00, 0x00, 0x00, 0x00, 0x00,
0x00, 0x00, 0x00, 0x00, 0x00, 0x00, 0x00, 0x00, 0x00, 0x00, 0x00, 0x00, 0x00, 0x00, 0x00, 0x00,
0x00, 0x00, 0x00, 0x00, 0x00, 0x00, 0x00, 0x00, 0xff, 0xd2, 0x00, 0x00, 0x00, 0x00, 0x00, 0x00,
0x00, 0x00, 0x00, 0x00, 0x00, 0x00, 0xff, 0xa3, 0x00, 0x00, 0x00, 0x00, 0xff, 0x98, 0x00, 0x00,
0x00, 0x00, 0x00, 0x00, 0x00, 0x00, 0x00, 0x00, 0x00, 0x00, 0x00, 0x00, 0x00, 0x00, 0x00, 0x00,
0x00, 0x00, 0x00, 0x00, 0x00, 0x00, 0x00, 0x00, 0x00, 0x00, 0x00, 0x00, 0x00, 0x00, 0x00, 0x00,
0x00, 0x00, 0x00, 0x00, 0x00, 0x00, 0x00, 0x00, 0x00, 0x00, 0x00, 0x00, 0x00, 0x00, 0x00, 0x00,
0x00, 0x00, 0x00, 0x00, 0x00, 0x00, 0x00, 0x00, 0xff, 0xc6, 0x00, 0x00, 0xff, 0xa1, 0x00, 0x00,
0x00, 0x00, 0xff, 0x8c, 0x00, 0x00, 0x00, 0x00, 0x00, 0x00, 0x00, 0x00, 0x00, 0x00, 0x00, 0x00,
0xff, 0xaf, 0xff, 0xb2, 0x00, 0x00, 0xff, 0x98, 0xff, 0xe8, 0x00, 0x00, 0x00, 0x00, 0x00, 0x00,
0x00, 0x00, 0xff, 0xa3, 0x00, 0x00, 0x00, 0x00, 0x00, 0x00, 0x00, 0x00, 0x00, 0x00, 0x00, 0x00,
0x00, 0x00, 0x00, 0x00, 0x00, 0x00, 0xff, 0xa1, 0x00, 0x00, 0x00, 0x00, 0x00, 0x00, 0x00, 0x00,
0x00, 0x00, 0x00, 0x00, 0x00, 0x00, 0x00, 0x00, 0x00, 0x00, 0xff, 0xc6, 0x00, 0x00, 0x00, 0x00,
0x00, 0x00, 0x00, 0x00, 0xff, 0xb6, 0x00, 0x00, 0xff, 0xaf, 0x00, 0x00, 0x00, 0x00, 0xff, 0xaf,
0x00, 0x00, 0x00, 0x00, 0x00, 0x00, 0x00, 0x00, 0x00, 0x00, 0xff, 0xf2, 0xff, 0xd4, 0x00, 0x00,
0x00, 0x00, 0x00, 0x00, 0xff, 0xe8, 0xff, 0xd4, 0x00, 0x00, 0x00, 0x00, 0x00, 0x00, 0x00, 0x00,
0x00, 0x00, 0x00, 0x00, 0x00, 0x00, 0x00, 0x00, 0x00, 0x00, 0x00, 0x00, 0x00, 0x00, 0x00, 0x00,
0x00, 0x00, 0x00, 0x00, 0x00, 0x00, 0x00, 0x00, 0x00, 0x00, 0x00, 0x00, 0x00, 0x00, 0x00, 0x00,
0x00, 0x00, 0x00, 0x00, 0x00, 0x00, 0x00, 0x00, 0x00, 0x00, 0x00, 0x00, 0x00, 0x00, 0x00, 0x00,
0x00, 0x00, 0x00, 0x00, 0x00, 0x00, 0x00, 0x00, 0x00, 0x00, 0x00, 0x00, 0x00, 0x00, 0x00, 0x00,
0x00, 0x00, 0x00, 0x00, 0x00, 0x00, 0x00, 0x00, 0x00, 0x00, 0x00, 0x00, 0x00, 0x00, 0x00, 0x00,
0x00, 0x00, 0x00, 0x00, 0x00, 0x00, 0x00, 0x41, 0x00, 0x00, 0x00, 0x00, 0x00, 0x59, 0x00, 0x00,
0x00, 0x00, 0x00, 0x00, 0x00, 0x00, 0x00, 0x00, 0x00, 0x00, 0x00, 0x00, 0x00, 0x00, 0x00, 0x00,
0x00, 0x00, 0x00, 0x00, 0x00, 0x00, 0x00, 0x00, 0x00, 0x00, 0x00, 0x00, 0x00, 0x00, 0x00, 0x00,
0x00, 0x00, 0x00, 0x00, 0x00, 0x00, 0x00, 0x00, 0x00, 0x00, 0x00, 0x00, 0x00, 0x00, 0x00, 0x00,
0x00, 0x00, 0x00, 0x00, 0x00, 0x00, 0x00, 0x00, 0x00, 0x00, 0x00, 0x00, 0x00, 0x00, 0x00, 0x00,
0x00, 0x00, 0x00, 0x00, 0x00, 0x00, 0x00, 0x00, 0x00, 0x00, 0x00, 0x00, 0x00, 0x00, 0x00, 0x00,
0x00, 0x00, 0x00, 0x00, 0x00, 0x00, 0x00, 0x00, 0x00, 0x00, 0x00, 0x00, 0x00, 0x00, 0x00, 0x00,
0x00, 0x00, 0xff, 0xcd, 0x00, 0x00, 0x00, 0x00, 0x00, 0x00, 0x00, 0x00, 0x00, 0x08, 0x00, 0x00,
0x00, 0x00, 0x00, 0x00, 0x00, 0x00, 0x00, 0x00, 0x00, 0x00, 0x00, 0x00, 0x00, 0x00, 0xff, 0xe8,
0x00, 0x00, 0x00, 0x00, 0x00, 0x00, 0x00, 0x00, 0x00, 0x00, 0x00, 0x00, 0x00, 0x00, 0x00, 0x00,
0x00, 0x00, 0x00, 0x00, 0x00, 0x00, 0x00, 0x00, 0x00, 0x45, 0x00, 0x00, 0x00, 0x00, 0x00, 0x00,
0x00, 0x00, 0x00, 0x00, 0x00, 0x00, 0x00, 0x00, 0x00, 0x00, 0x00, 0x00, 0x00, 0x00, 0x00, 0x00,
0x00, 0x00, 0x00, 0x00, 0x00, 0x00, 0x00, 0x00, 0x00, 0x00, 0x00, 0x00, 0x00, 0x00, 0x00, 0x00,
0x00, 0x00, 0x00, 0x00, 0x00, 0x00, 0x00, 0x00, 0x00, 0x00, 0x00, 0x00, 0x00, 0x00, 0x00, 0x00,
0x00, 0x00, 0x00, 0x00, 0x00, 0x00, 0x00, 0x00, 0x00, 0x00, 0x00, 0x00, 0x00, 0x00, 0x00, 0x00,
0x00, 0x00, 0x00, 0x00, 0x00, 0x00, 0x00, 0x00, 0x00, 0x00, 0x00, 0x00, 0x00, 0x00, 0x00, 0x00,
0x00, 0x00, 0x00, 0x00, 0x00, 0x00, 0x00, 0x00, 0x00, 0x00, 0x00, 0x00, 0x00, 0x00, 0x00, 0x00,
0x00, 0x00, 0xff, 0xc6, 0x00, 0x00, 0xff, 0xd2, 0x00, 0x00, 0x00, 0x00, 0x00, 0x00, 0xff, 0x75,
0x00, 0x00, 0x00, 0x00, 0xff, 0x73, 0xff, 0x42, 0xff, 0x6b, 0x00, 0x00, 0x00, 0x00, 0x00, 0x00,
0x00, 0x00, 0x00, 0x00, 0x00, 0x00, 0x00, 0x00, 0xff, 0xbb, 0x00, 0x00, 0x00, 0x00, 0x00, 0x00,
0xff, 0x68, 0x00, 0x00, 0x00, 0x00, 0x00, 0x00, 0xff, 0xce, 0x00, 0x00, 0xff, 0xc6, 0x00, 0x00,
0x00, 0x00, 0x00, 0x00, 0x00, 0x00, 0x00, 0x00, 0xff, 0x46, 0x00, 0x00, 0xff, 0x3b, 0x00, 0x00,
0x00, 0x00, 0xfe, 0xf5, 0x00, 0x00, 0x00, 0x00, 0x00, 0x00, 0x00, 0x00, 0x00, 0x00, 0x00, 0x00,
0x00, 0x00, 0x00, 0x00, 0xff, 0x80, 0x00, 0x00, 0x00, 0x00, 0x00, 0x00, 0xff, 0x5a, 0xff, 0xa3,
0xff, 0x5b, 0x00, 0x00, 0x00, 0x00, 0x00, 0x00, 0xff, 0x68, 0x00, 0x00, 0x00, 0x00, 0xfe, 0xc6,
0x00, 0x00, 0x00, 0x00, 0x00, 0x00, 0x00, 0x00, 0x00, 0x00, 0x00, 0x00, 0x00, 0x00, 0x00, 0x00,
0x00, 0x00, 0x00, 0x00, 0x00, 0x00, 0x00, 0x00, 0x00, 0x00, 0x00, 0x00, 0x00, 0x00, 0x00, 0x00,
0x00, 0x00, 0x00, 0x00, 0x00, 0x00, 0xff, 0xbb, 0x00, 0x00, 0x00, 0x00, 0x00, 0x00, 0x00, 0x00,
0x00, 0x00, 0x00, 0x00, 0x00, 0x00, 0xff, 0xa3, 0xff, 0xbb, 0x00, 0x00, 0x00, 0x00, 0x00, 0x00,
0x00, 0x00, 0xff, 0xa3, 0x00, 0x00, 0x00, 0x00, 0x00, 0x00, 0x00, 0x00, 0x00, 0x00, 0x00, 0x00,
0x00, 0x00, 0xff, 0xaf, 0x00, 0x00, 0x00, 0x00, 0x00, 0x00, 0x00, 0x00, 0x00, 0x00, 0x00, 0x00,
0x00, 0x00, 0x00, 0x00, 0x00, 0x00, 0x00, 0x00, 0x00, 0x00, 0x00, 0x00, 0x00, 0x00, 0x00, 0x00,
0x00, 0x00, 0x00, 0x00, 0x00, 0x00, 0x00, 0x00, 0x00, 0x00, 0x00, 0x00, 0x00, 0x00, 0x00, 0x00,
0x00, 0x00, 0x00, 0x00, 0x00, 0x00, 0x00, 0x00, 0x00, 0x00, 0x00, 0x00, 0x00, 0x00, 0x00, 0x00,
0x00, 0x00, 0x00, 0x00, 0x00, 0x00, 0x00, 0x00, 0x00, 0x00, 0x00, 0x00, 0x00, 0x00, 0x00, 0x00,
0x00, 0x00, 0x00, 0x00, 0x00, 0x00, 0x00, 0x00, 0x00, 0x00, 0x00, 0x00, 0x00, 0x00, 0x00, 0x00,
0x00, 0x00, 0x00, 0x00, 0x00, 0x00, 0x00, 0x00, 0x00, 0x00, 0x00, 0x00, 0x00, 0x00, 0x00, 0x00,
0x00, 0x00, 0x00, 0x00, 0x00, 0x00, 0x00, 0x00, 0x00, 0x00, 0x00, 0x00, 0x00, 0x00, 0x00, 0x00,
0x00, 0x00, 0x00, 0x00, 0x00, 0x00, 0x00, 0x00, 0x00, 0x00, 0xff, 0x98, 0x00, 0x00, 0x00, 0x00,
0x00, 0x00, 0x00, 0x00, 0x00, 0x00, 0x00, 0x00, 0x00, 0x00, 0x00, 0x00, 0x00, 0x00, 0x00, 0x00,
0x00, 0x00, 0x00, 0x0c, 0x00, 0x00, 0x00, 0x00, 0x00, 0x00, 0x00, 0x00, 0x00, 0x00, 0x00, 0x00,
0x00, 0x00, 0x00, 0x00, 0x00, 0x00, 0x00, 0x00, 0x00, 0x00, 0x00, 0x00, 0x00, 0x00, 0x00, 0x00,
0x00, 0x00, 0x00, 0x00, 0x00, 0x00, 0x00, 0x00, 0x00, 0x00, 0x00, 0x00, 0x00, 0x00, 0x00, 0x00,
0x00, 0x00, 0x00, 0x00, 0x00, 0x00, 0x00, 0x00, 0x00, 0x00, 0x00, 0x00, 0x00, 0x00, 0x00, 0x00,
0x00, 0x00, 0x00, 0x00, 0x00, 0x00, 0x00, 0x00, 0x00, 0x00, 0x00, 0x00, 0x00, 0x00, 0x00, 0x00,
0x00, 0x00, 0x00, 0x00, 0x00, 0x00, 0x00, 0x00, 0x00, 0x00, 0x00, 0x00, 0x00, 0x00, 0x00, 0x00,
0x00, 0x00, 0x00, 0x00, 0x00, 0x00, 0x00, 0x00, 0x00, 0x00, 0x00, 0x00, 0x00, 0x00, 0x00, 0x00,
0x00, 0x00, 0x00, 0x00, 0x00, 0x00, 0x00, 0x00, 0x00, 0x00, 0xff, 0xc6, 0x00, 0x00, 0x00, 0x00,
0x00, 0x00, 0x00, 0x00, 0x00, 0x00, 0x00, 0x00, 0x00, 0x00, 0xff, 0xca, 0xff, 0xc2, 0x00, 0x00,
0x00, 0x00, 0x00, 0x00, 0x00, 0x00, 0xff, 0xe8, 0x00, 0x00, 0x00, 0x00, 0x00, 0x00, 0x00, 0x00,
0x00, 0x00, 0x00, 0x00, 0x00, 0x00, 0xff, 0xd2, 0x00, 0x00, 0x00, 0x00, 0x00, 0x00, 0x00, 0x00,
0x00, 0x45, 0x00, 0x00, 0x00, 0x00, 0x00, 0x00, 0x00, 0x00, 0x00, 0x00, 0x00, 0x00, 0x00, 0x00,
0x00, 0x00, 0x00, 0x00, 0x00, 0x00, 0x00, 0x00, 0x00, 0x00, 0x00, 0x00, 0x00, 0x00, 0x00, 0x00,
0x00, 0x00, 0x00, 0x00, 0x00, 0x00, 0x00, 0x00, 0x00, 0x00, 0x00, 0x00, 0x00, 0x00, 0x00, 0x00,
0x00, 0x00, 0x00, 0x00, 0x00, 0x00, 0x00, 0x00, 0x00, 0x00, 0x00, 0x00, 0x00, 0x00, 0xff, 0xd2,
0x00, 0x00, 0x00, 0x00, 0x00, 0x00, 0x00, 0x00, 0x00, 0x00, 0x00, 0x00, 0x00, 0x00, 0x00, 0x00,
0x00, 0x00, 0x00, 0x00, 0x00, 0x00, 0x00, 0x00, 0x00, 0x00, 0x00, 0x00, 0x00, 0x00, 0x00, 0x00,
0x00, 0x00, 0x00, 0x00, 0x00, 0x00, 0x00, 0x00, 0x00, 0x00, 0xff, 0xbb, 0x00, 0x00, 0x00, 0x00,
0x00, 0x00, 0x00, 0x00, 0x00, 0x00, 0x00, 0x00, 0x00, 0x00, 0x00, 0x00, 0x00, 0x00, 0x00, 0x00,
0xff, 0xb3, 0x00, 0x00, 0x00, 0x00, 0x00, 0x00, 0x00, 0x00, 0x00, 0x00, 0x00, 0x00, 0x00, 0x00,
0x00, 0x00, 0x00, 0x00, 0x00, 0x00, 0x00, 0x00, 0x00, 0x00, 0x00, 0x00, 0x00, 0x00, 0x00, 0x00,
0x00, 0x00, 0x00, 0xae, 0xff, 0xbb, 0x00, 0x00, 0x00, 0x00, 0x00, 0x00, 0x00, 0x00, 0x00, 0x00,
0x00, 0x00, 0x00, 0x00, 0x00, 0x00, 0x00, 0x00, 0x00, 0x00, 0x00, 0x00, 0x00, 0x00, 0x00, 0x00,
0x00, 0x00, 0x00, 0x00, 0x00, 0x00, 0x00, 0x00, 0x00, 0x00, 0x00, 0x00, 0xff, 0xbb, 0x00, 0x00,
0x00, 0x00, 0x00, 0x00, 0x00, 0x00, 0x00, 0x00, 0x00, 0x00, 0x00, 0x00, 0x00, 0x00, 0x00, 0x00,
0x00, 0x00, 0x00, 0x00, 0x00, 0x00, 0x00, 0x00, 0x00, 0x00, 0x00, 0x00, 0x00, 0x00, 0x00, 0x00,
0x00, 0x00, 0x00, 0x00, 0x00, 0x00, 0x00, 0x00, 0x00, 0x00, 0x00, 0x00, 0x00, 0x00, 0x00, 0x00,
0x00, 0x00, 0x00, 0x00, 0x00, 0x00, 0x00, 0x00, 0xff, 0xcf, 0x00, 0x00, 0x00, 0x00, 0xff, 0xbb,
0xff, 0xb3, 0xff, 0xdb, 0x00, 0x00, 0x00, 0x00, 0x00, 0x00, 0x00, 0x00, 0xff, 0xd8, 0x00, 0x0d,
0x00, 0x00, 0xff, 0xd0, 0x00, 0x0c, 0x00, 0x00, 0x00, 0x00, 0x00, 0x00, 0x00, 0x00, 0x00, 0x00,
0x00, 0x00, 0xff, 0xd8, 0x00, 0x00, 0x00, 0x00, 0x00, 0x07, 0x00, 0x00, 0x00, 0x00, 0x00, 0x00,
0x00, 0x25, 0x00, 0x00, 0x00, 0xd1, 0x00, 0x00, 0xff, 0x8c, 0x00, 0x00, 0x00, 0x00, 0xff, 0x80,
0xff, 0xac, 0x00, 0x00, 0x00, 0x00, 0x00, 0x00, 0x00, 0x00, 0xff, 0xcf, 0x00, 0x00, 0x00, 0x00,
0x00, 0x00, 0x00, 0x00, 0x00, 0x00, 0x00, 0x00, 0xff, 0x80, 0xff, 0xcc, 0x00, 0x00, 0xff, 0xaf,
0x00, 0x00, 0x00, 0x00, 0x00, 0x00, 0x00, 0x00, 0x00, 0x00, 0x00, 0x00, 0x00, 0x00, 0x00, 0x00,
0x00, 0x00, 0x00, 0x00, 0x00, 0x00, 0x00, 0x00, 0x00, 0x00, 0x00, 0x00, 0x00, 0x00, 0x00, 0x00,
0x00, 0x00, 0x00, 0x00, 0x00, 0x00, 0x00, 0x00, 0x00, 0x00, 0x00, 0x00, 0x00, 0x00, 0xff, 0xdb,
0x00, 0x00, 0x00, 0x00, 0x00, 0x00, 0x00, 0x00, 0x00, 0x00, 0x00, 0x00, 0x00, 0x00, 0x00, 0x00,
0x00, 0x00, 0x00, 0x1e, 0x00, 0x00, 0x00, 0x00, 0x00, 0x00, 0x00, 0x11, 0x00, 0x00, 0x00, 0x00,
0x00, 0x00, 0x00, 0x00, 0x00, 0x00, 0x00, 0x00, 0x00, 0x00, 0x00, 0x00, 0x00, 0x00, 0x00, 0x00,
0x00, 0x00, 0x00, 0x00, 0x00, 0x00, 0x00, 0x00, 0x00, 0x00, 0x00, 0x00, 0x00, 0x00, 0x00, 0x00,
0x00, 0x00, 0x00, 0x00, 0x00, 0x00, 0x00, 0x7f, 0x00, 0x00, 0x00, 0x00, 0x00, 0x00, 0x00, 0x00,
0x00, 0x00, 0x00, 0x00, 0x00, 0x00, 0x00, 0x00, 0x00, 0x00, 0x00, 0x00, 0x00, 0x00, 0x00, 0x00,
0x00, 0x00, 0x00, 0x00, 0x00, 0x00, 0x00, 0x00, 0x00, 0x00, 0x00, 0x00, 0x00, 0x00, 0x00, 0x00,
0x00, 0x00, 0x00, 0x00, 0x00, 0x00, 0x00, 0x00, 0x00, 0x00, 0x00, 0x00, 0x00, 0x00, 0x00, 0x00,
0x00, 0x00, 0x00, 0x45, 0x00, 0x00, 0x00, 0x00, 0x00, 0x00, 0x00, 0x00, 0x00, 0x00, 0x00, 0x00,
0x00, 0x00, 0x00, 0x00, 0x00, 0x00, 0x00, 0x00, 0x00, 0x00, 0x00, 0x00, 0x00, 0x00, 0x00, 0x00,
0x00, 0x00, 0x00, 0x00, 0x00, 0x00, 0x00, 0x00, 0x00, 0x00, 0x00, 0x00, 0xff, 0xd5, 0x00, 0x00,
0x00, 0x00, 0x00, 0x00, 0x00, 0x21, 0xff, 0xfd, 0x00, 0x00, 0x00, 0x00, 0x00, 0x00, 0x00, 0x00,
0x00, 0x00, 0x00, 0x00, 0xff, 0xaa, 0xff, 0xd2, 0x00, 0x00, 0xff, 0xbb, 0x00, 0x00, 0x00, 0x00,
0x00, 0x00, 0x00, 0x00, 0x00, 0x00, 0x00, 0x00, 0x00, 0x00, 0x00, 0x00, 0x00, 0x00, 0x00, 0x00,
0x00, 0x00, 0x00, 0x00, 0x00, 0x00, 0x00, 0x00, 0x00, 0x00, 0x00, 0x00, 0x00, 0x00, 0x00, 0x00,
0x00, 0x00, 0x00, 0x00, 0x00, 0x21, 0x00, 0x00, 0x00, 0x00, 0x00, 0x00, 0x00, 0x00, 0xff, 0xd5,
0x00, 0x00, 0x00, 0x00, 0x00, 0x00, 0x00, 0x00, 0x00, 0x00, 0x00, 0x00, 0x00, 0x00, 0x00, 0x00,
0x00, 0x00, 0xff, 0xbb, 0x00, 0x00, 0x00, 0x00, 0x00, 0x00, 0x00, 0x00, 0x00, 0x00, 0x00, 0x00,
0x00, 0x00, 0x00, 0x00, 0x00, 0x00, 0x00, 0x00, 0x00, 0x00, 0x00, 0x00, 0x00, 0x00, 0x00, 0x00,
0x00, 0x00, 0x00, 0x00, 0x00, 0x00, 0x00, 0x00, 0x00, 0x00, 0x00, 0x00, 0x00, 0x00, 0x00, 0x00,
0x00, 0x00, 0x00, 0x00, 0x00, 0x00, 0x00, 0x00, 0x00, 0x00, 0x00, 0x00, 0x00, 0x00, 0xff, 0xe1,
0x00, 0x00, 0x00, 0x00, 0xff, 0x75, 0x00, 0x00, 0xff, 0xfc, 0x00, 0x00, 0x00, 0x00, 0x00, 0x00,
0x00, 0x00, 0x00, 0x00, 0x00, 0x00, 0xff, 0x98, 0x00, 0x00, 0x00, 0x00, 0x00, 0x00, 0x00, 0x00,
0x00, 0x00, 0x00, 0x00, 0x00, 0x00, 0x00, 0x00, 0x00, 0x00, 0xff, 0xbb, 0x00, 0x00, 0x00, 0x00,
0x00, 0x00, 0x00, 0x00, 0x00, 0x00, 0x00, 0x00, 0x00, 0x00, 0x00, 0x00, 0x00, 0x00, 0xff, 0x69,
0x00, 0x00, 0x00, 0x00, 0xff, 0x8c, 0x00, 0x00, 0x00, 0x00, 0x00, 0x00, 0x00, 0x00, 0x00, 0x00,
0xff, 0xe1, 0x00, 0x00, 0x00, 0x00, 0x00, 0x00, 0x00, 0x00, 0x00, 0x00, 0x00, 0x00, 0x00, 0x00,
0x00, 0x00, 0x00, 0x00, 0xff, 0xbb, 0x00, 0x00, 0x00, 0x00, 0x00, 0x00, 0x00, 0x00, 0x00, 0x00,
0x00, 0x00, 0x00, 0x00, 0x00, 0x00, 0x00, 0x00, 0x00, 0x00, 0x00, 0x00, 0x00, 0x00, 0x00, 0x00,
0x00, 0x00, 0x00, 0x00, 0x00, 0x00, 0x00, 0x00, 0x00, 0x00, 0x00, 0x00, 0x00, 0x00, 0x00, 0x00,
0x00, 0x00, 0x00, 0x00, 0x00, 0x00, 0x00, 0x00, 0x00, 0x00, 0x00, 0x00, 0x00, 0x00, 0x00, 0x00,
0xff, 0x99, 0xff, 0xba, 0xff, 0xdf, 0xff, 0x77, 0x00, 0x00, 0xff, 0x8f, 0x00, 0x00, 0x00, 0x00,
0x00, 0x00, 0xff, 0x44, 0xff, 0xbb, 0x00, 0x00, 0x00, 0x00, 0xff, 0xa5, 0x00, 0x00, 0xff, 0x80,
0xff, 0xf8, 0x00, 0x00, 0x00, 0x00, 0x00, 0x00, 0xff, 0x44, 0x00, 0x00, 0x00, 0x00, 0x00, 0x00,
0x00, 0x00, 0x00, 0x0a, 0x00, 0x00, 0xff, 0x98, 0x00, 0x00, 0x00, 0x2e, 0x00, 0x00, 0xff, 0xdf,
0xff, 0x3b, 0x00, 0x00, 0x00, 0x00, 0xff, 0x80, 0x00, 0x00, 0x00, 0x00, 0x00, 0x00, 0x00, 0x00,
0x00, 0x00, 0xff, 0x99, 0x00, 0x00, 0x00, 0x00, 0x00, 0x00, 0x00, 0x00, 0x00, 0x00, 0x00, 0x00,
0xff, 0xbb, 0xff, 0x20, 0x00, 0x00, 0xff, 0x8c, 0x00, 0x00, 0xff, 0xd6, 0x00, 0x00, 0x00, 0x00,
0x00, 0x00, 0x00, 0x00, 0x00, 0x00, 0x00, 0x00, 0x00, 0x00, 0x00, 0x0a, 0xff, 0xf8, 0x00, 0x00,
0x00, 0x00, 0x00, 0x00, 0x00, 0x00, 0x00, 0x00, 0x00, 0x00, 0x00, 0x00, 0x00, 0x00, 0x00, 0x00,
0x00, 0x00, 0x00, 0x00, 0x00, 0x00, 0xff, 0xd5, 0x00, 0x00, 0x00, 0x00, 0x00, 0x00, 0x00, 0x00,
0x00, 0x00, 0xff, 0x8a, 0xff, 0xf5, 0xff, 0xb2, 0xff, 0x66, 0x00, 0x00, 0xff, 0x8c, 0x00, 0x00,
0x00, 0x00, 0x00, 0x00, 0xfe, 0xf4, 0xff, 0xa3, 0x00, 0x00, 0x00, 0x00, 0xff, 0x8f, 0x00, 0x00,
0xff, 0x80, 0x00, 0x00, 0x00, 0x00, 0x00, 0x00, 0x00, 0x00, 0xfe, 0xf4, 0xff, 0xaf, 0x00, 0x00,
0x00, 0x00, 0x00, 0x00, 0x00, 0x1e, 0x00, 0x00, 0xff, 0x80, 0x00, 0x00, 0x00, 0x00, 0x00, 0xae,
0xff, 0xb2, 0xff, 0x3b, 0x00, 0x00, 0x00, 0x00, 0xff, 0x3b, 0x00, 0x00, 0x00, 0x00, 0x00, 0x00,
0x00, 0x00, 0x00, 0x00, 0xff, 0x8a, 0x00, 0x00, 0x00, 0x00, 0x00, 0x00, 0x00, 0x00, 0xff, 0xd6,
0x00, 0x00, 0xff, 0xbb, 0xfe, 0xce, 0x00, 0x00, 0xff, 0x8c, 0x00, 0x00, 0xff, 0xd6, 0x00, 0x00,
0x00, 0x00, 0x00, 0x00, 0x00, 0x00, 0x00, 0x00, 0x00, 0x00, 0x00, 0x00, 0x00, 0x1e, 0x00, 0x00,
0x00, 0x00, 0x00, 0x00, 0x00, 0x00, 0x00, 0x00, 0x00, 0x00, 0x00, 0x00, 0x00, 0x00, 0x00, 0x00,
0x00, 0x00, 0x00, 0x00, 0x00, 0x00, 0xff, 0x9c, 0xff, 0x9c, 0x00, 0x00, 0x00, 0x00, 0x00, 0x00,
0x00, 0x00, 0x00, 0x00, 0xff, 0xf1, 0x00, 0x00, 0x00, 0x00, 0xff, 0x5c, 0x00, 0x00, 0xff, 0xee,
0x00, 0x00, 0x00, 0x00, 0x00, 0x00, 0x00, 0x00, 0x00, 0x00, 0x00, 0x00, 0x00, 0x00, 0xff, 0xc4,
0x00, 0x00, 0x00, 0x00, 0x00, 0x00, 0x00, 0x00, 0x00, 0x00, 0x00, 0x00, 0x00, 0x00, 0x00, 0x00,
0x00, 0x00, 0x00, 0x00, 0x00, 0x00, 0x00, 0x00, 0x00, 0x00, 0x00, 0x00, 0x00, 0x00, 0x00, 0x00,
0x00, 0x00, 0x00, 0x00, 0xff, 0xaf, 0x00, 0x00, 0x00, 0x00, 0xff, 0x3b, 0x00, 0x00, 0x00, 0x00,
0x00, 0x00, 0x00, 0x00, 0x00, 0x00, 0xff, 0xf1, 0x00, 0x00, 0x00, 0x00, 0x00, 0x00, 0x00, 0x00,
0x00, 0x00, 0x00, 0x00, 0x00, 0x00, 0xff, 0x98, 0x00, 0x00, 0x00, 0x00, 0x00, 0x00, 0x00, 0x00,
0x00, 0x00, 0x00, 0x00, 0x00, 0x00, 0x00, 0x00, 0x00, 0x00, 0x00, 0x00, 0x00, 0x00, 0x00, 0x00,
0x00, 0x00, 0x00, 0x00, 0x00, 0x00, 0x00, 0x00, 0x00, 0x00, 0x00, 0x00, 0x00, 0x00, 0x00, 0x00,
0x00, 0x00, 0x00, 0x00, 0x00, 0x00, 0x00, 0x00, 0x00, 0x00, 0x00, 0x00, 0x00, 0x00, 0x00, 0x00,
0x00, 0x00, 0x00, 0x00, 0x00, 0x7f, 0x00, 0x00, 0x00, 0x2c, 0x00, 0x00, 0x00, 0x00, 0x00, 0x68,
0x00, 0x00, 0x00, 0x00, 0x00, 0x00, 0x00, 0x00, 0x00, 0x00, 0x00, 0x00, 0x00, 0x00, 0x00, 0xba,
0x00, 0x00, 0x00, 0x7e, 0x00, 0x00, 0x00, 0x00, 0x00, 0x00, 0x00, 0x7f, 0x00, 0x41, 0x00, 0x00,
0x00, 0x00, 0x00, 0xba, 0x00, 0x00, 0x00, 0x7e, 0x00, 0xae, 0x00, 0x00, 0x00, 0x00, 0x00, 0x00,
0x00, 0x00, 0x01, 0x49, 0x00, 0x00, 0x00, 0x00, 0x00, 0x00, 0x00, 0x00, 0x00, 0x00, 0x00, 0x51,
0x00, 0x00, 0x00, 0x00, 0x00, 0x00, 0x00, 0x00, 0x00, 0x00, 0x00, 0x00, 0x00, 0x00, 0x00, 0x00,
0x00, 0x00, 0x00, 0x00, 0x00, 0x00, 0x00, 0x00, 0x00, 0x00, 0x00, 0x00, 0x00, 0x00, 0x00, 0x00,
0x00, 0x00, 0x00, 0x00, 0x00, 0x00, 0x00, 0x5d, 0x00, 0x00, 0x00, 0x00, 0x00, 0x00, 0x00, 0x00,
0x00, 0xae, 0x00, 0x00, 0x00, 0x00, 0x00, 0x00, 0x00, 0x00, 0x00, 0x00, 0x00, 0x00, 0x00, 0x00,
0x00, 0x00, 0x00, 0x00, 0x00, 0x00, 0x00, 0xba, 0x00, 0x00, 0x00, 0x00, 0x00, 0x00, 0x00, 0x00,
0x00, 0x00, 0x00, 0x00, 0x00, 0x00, 0x00, 0x00, 0x00, 0x00, 0x00, 0x00, 0x00, 0x00, 0x00, 0x00,
0x00, 0x00, 0x00, 0x00, 0x00, 0x00, 0x00, 0x00, 0x00, 0x00, 0x00, 0x00, 0x00, 0x00, 0x00, 0x00,
0xff, 0x5e, 0x00, 0x00, 0x00, 0x00, 0x00, 0x00, 0x00, 0x00, 0x00, 0x00, 0x00, 0x00, 0x00, 0x00,
0x00, 0x00, 0x00, 0x00, 0x00, 0x00, 0x00, 0x00, 0x00, 0x00, 0x00, 0x00, 0x00, 0x00, 0x00, 0x00,
0x00, 0x00, 0x00, 0x00, 0x00, 0x00, 0x00, 0x00, 0x00, 0x00, 0x00, 0x00, 0x00, 0x00, 0x00, 0x00,
0x00, 0x00, 0x00, 0x00, 0x00, 0x00, 0x00, 0x00, 0x00, 0x00, 0x00, 0x00, 0x00, 0x00, 0x00, 0x00,
0x00, 0x00, 0x00, 0x00, 0x00, 0x00, 0x00, 0x00, 0x00, 0x00, 0x00, 0x00, 0x00, 0x00, 0x00, 0x00,
0x00, 0x00, 0x00, 0x00, 0x00, 0x00, 0x00, 0x00, 0x00, 0x00, 0x00, 0x00, 0x00, 0x00, 0x00, 0x00,
0x00, 0x00, 0x00, 0x00, 0x00, 0x00, 0x00, 0x00, 0x00, 0x00, 0x00, 0x00, 0x00, 0x00, 0x00, 0x00,
0x00, 0x00, 0x00, 0x00, 0x00, 0x00, 0x00, 0x00, 0x00, 0x00, 0x00, 0x00, 0x00, 0x00, 0x00, 0x00,
0x00, 0x00, 0x00, 0x00, 0x00, 0x00, 0x00, 0x00, 0x00, 0x00, 0x00, 0x00, 0x00, 0x00, 0x00, 0x00,
0x00, 0x00, 0x00, 0x00, 0x00, 0x00, 0x00, 0x00, 0x00, 0x00, 0x00, 0x00, 0x00, 0x00, 0x00, 0x00,
0x00, 0x00, 0xff, 0xbb, 0x00, 0x00, 0x00, 0x00, 0x00, 0x00, 0x00, 0x00, 0x00, 0x00, 0x00, 0x00,
0x00, 0x00, 0x00, 0x00, 0x00, 0x00, 0x00, 0x00, 0x00, 0x00, 0x00, 0x00, 0xff, 0x80, 0x00, 0x00,
0x00, 0x00, 0x00, 0x00, 0x00, 0x00, 0x00, 0x00, 0x00, 0x00, 0x00, 0x00, 0x00, 0x00, 0x00, 0x00,
0x00, 0x00, 0x00, 0x00, 0x00, 0x00, 0x00, 0x00, 0x00, 0x00, 0x00, 0x00, 0x00, 0x00, 0x00, 0x00,
0x00, 0x00, 0x00, 0x00, 0x00, 0x00, 0x00, 0x00, 0x00, 0x00, 0x00, 0x00, 0x00, 0x00, 0x00, 0x00,
0x00, 0x00, 0x00, 0x00, 0x00, 0x00, 0x00, 0x00, 0x00, 0x00, 0x00, 0x00, 0x00, 0x00, 0x00, 0x00,
0x00, 0x00, 0x00, 0x00, 0x00, 0x00, 0x00, 0x00, 0x00, 0x00, 0x00, 0x00, 0x00, 0x00, 0x00, 0x00,
0x00, 0x00, 0x00, 0x00, 0x00, 0x00, 0x00, 0x00, 0x00, 0x00, 0x00, 0x00, 0x00, 0x00, 0x00, 0x00,
0x00, 0x00, 0x00, 0x00, 0x00, 0x00, 0x00, 0x00, 0x00, 0x00, 0x00, 0x00, 0x00, 0x00, 0x00, 0x00,
0xff, 0xa6, 0x00, 0x00, 0x00, 0x00, 0x00, 0x00, 0x00, 0x00, 0x00, 0x00, 0x00, 0x00, 0x00, 0x00,
0x00, 0x00, 0xff, 0x91, 0xff, 0xbb, 0x00, 0x00, 0x00, 0x00, 0x00, 0x00, 0x00, 0x00, 0x00, 0x00,
0x00, 0x00, 0x00, 0x00, 0x00, 0x00, 0x00, 0x00, 0x00, 0x00, 0x00, 0x00, 0x00, 0x00, 0x00, 0x00,
0x00, 0x00, 0x00, 0x00, 0x00, 0x00, 0x00, 0x00, 0x00, 0x00, 0x00, 0x00, 0x00, 0x00, 0x00, 0x00,
0x00, 0x00, 0x00, 0x00, 0x00, 0x00, 0x00, 0x00, 0x00, 0x00, 0x00, 0x00, 0x00, 0x00, 0x00, 0x00,
0x00, 0x00, 0x00, 0x00, 0x00, 0x00, 0x00, 0x00, 0x00, 0x00, 0x00, 0x00, 0x00, 0x00, 0x00, 0x00,
0x00, 0x00, 0x00, 0x00, 0x00, 0x00, 0x00, 0x00, 0x00, 0x00, 0x00, 0x00, 0x00, 0x00, 0x00, 0x00,
0x00, 0x00, 0x00, 0x00, 0x00, 0x00, 0x00, 0x00, 0x00, 0x00, 0x00, 0x00, 0x00, 0x00, 0x00, 0x00,
0x00, 0x00, 0x00, 0x00, 0x00, 0x00, 0x00, 0x00, 0x00, 0x00, 0x00, 0x00, 0x00, 0x00, 0x00, 0x00,
0x00, 0x00, 0x00, 0x00, 0x00, 0x00, 0x00, 0x00, 0x00, 0x00, 0x00, 0x00, 0x00, 0x00, 0xff, 0xe1,
0x00, 0x00, 0xff, 0xaf, 0x00, 0x1e, 0xff, 0xce, 0x00, 0x00, 0x00, 0x00, 0xff, 0xd8, 0xff, 0x75,
0x00, 0x00, 0xff, 0xf1, 0xff, 0x62, 0xff, 0x4d, 0x00, 0x00, 0x00, 0x07, 0x00, 0x00, 0xff, 0xeb,
0x00, 0x00, 0x00, 0x00, 0x00, 0x00, 0x00, 0x00, 0x00, 0x00, 0x00, 0x00, 0x00, 0x00, 0x00, 0x00,
0xff, 0x66, 0x00, 0x00, 0x00, 0x00, 0xff, 0x75, 0xff, 0x77, 0x00, 0x00, 0x00, 0x00, 0x00, 0x00,
0x00, 0x00, 0x00, 0x00, 0x00, 0x00, 0xff, 0xf4, 0x00, 0x00, 0x00, 0x00, 0xff, 0x69, 0x00, 0x00,
0x00, 0x00, 0x00, 0x00, 0x00, 0x00, 0x00, 0x00, 0x00, 0x00, 0x00, 0x00, 0x00, 0x00, 0x00, 0x00,
0x00, 0x00, 0x00, 0x00, 0x00, 0x00, 0x00, 0x00, 0x00, 0x00, 0x00, 0x00, 0x00, 0x00, 0x00, 0x00,
0x00, 0x00, 0x00, 0x00, 0x00, 0x00, 0x00, 0x00, 0x00, 0x00, 0x00, 0x00, 0x00, 0x00, 0x00, 0x00,
0x00, 0x00, 0x00, 0x00, 0x00, 0x00, 0x00, 0x00, 0x00, 0x00, 0x00, 0x00, 0x00, 0x00, 0x00, 0x00,
0x00, 0x00, 0x00, 0x00, 0x00, 0x00, 0x00, 0x00, 0x00, 0x00, 0x00, 0x00, 0x00, 0x00, 0x00, 0x00,
0x00, 0x00, 0x00, 0x00, 0x00, 0x00, 0x00, 0x00, 0x00, 0x00, 0x00, 0x00, 0x00, 0x00, 0x00, 0x00,
0x00, 0x00, 0x00, 0x00, 0x00, 0x00, 0x00, 0x00, 0x00, 0x00, 0x00, 0x00, 0x00, 0x2a, 0x00, 0x00,
0x00, 0x00, 0x00, 0x00, 0x00, 0x00, 0x00, 0x59, 0x00, 0x00, 0x00, 0x00, 0x00, 0x00, 0x00, 0x00,
0x00, 0x49, 0x00, 0x00, 0x00, 0x00, 0x00, 0x00, 0x00, 0x00, 0x00, 0x00, 0x00, 0x00, 0x00, 0x00,
0x00, 0x00, 0x00, 0x00, 0x00, 0x00, 0x00, 0x00, 0x00, 0x00, 0x00, 0x00, 0x00, 0x00, 0x00, 0x00,
0x00, 0x00, 0x00, 0x00, 0x00, 0x00, 0x00, 0x00, 0x00, 0x00, 0x00, 0x00, 0x00, 0x00, 0x00, 0x00,
0x00, 0x00, 0x00, 0x00, 0x00, 0x00, 0x00, 0x00, 0x00, 0x00, 0x00, 0x00, 0x00, 0x00, 0x00, 0x00,
0x00, 0x00, 0x00, 0x00, 0x00, 0x00, 0x00, 0x00, 0x00, 0x00, 0x00, 0x00, 0x00, 0x00, 0x00, 0x00,
0x00, 0x00, 0x00, 0x00, 0x00, 0x00, 0x00, 0x00, 0x00, 0x00, 0x00, 0x00, 0x00, 0x00, 0x00, 0x00,
0x00, 0x00, 0x00, 0x00, 0x00, 0x00, 0x00, 0x00, 0x00, 0x00, 0x00, 0x00, 0x00, 0x00, 0x00, 0x00,
0x00, 0x00, 0xff, 0xbe, 0xff, 0xd1, 0x00, 0x00, 0xff, 0x46, 0x00, 0x00, 0xff, 0xd9, 0xff, 0xbb,
0x00, 0x00, 0xff, 0xbb, 0x00, 0x00, 0x00, 0x00, 0x00, 0x00, 0x00, 0x00, 0x00, 0x00, 0x00, 0x00,
0x00, 0x00, 0x00, 0x00, 0x00, 0x00, 0x00, 0x00, 0x00, 0x00, 0x00, 0x00, 0x00, 0x00, 0x00, 0x00,
0xff, 0xbb, 0x00, 0x00, 0x00, 0x00, 0x00, 0x00, 0x00, 0x00, 0x00, 0x00, 0x00, 0x00, 0x00, 0x00,
0x00, 0x00, 0xff, 0xaf, 0x00, 0x00, 0x00, 0x00, 0xff, 0x75, 0x00, 0x00, 0x00, 0x00, 0x00, 0x00,
0x00, 0x00, 0x00, 0x00, 0xff, 0xbe, 0x00, 0x00, 0x00, 0x00, 0x00, 0x00, 0x00, 0x00, 0x00, 0x00,
0x00, 0x00, 0x00, 0x00, 0xff, 0xb6, 0x00, 0x00, 0x00, 0x00, 0x00, 0x00, 0x00, 0x00, 0x00, 0x00,
0x00, 0x00, 0x00, 0x00, 0x00, 0x00, 0x00, 0x00, 0x00, 0x00, 0x00, 0x00, 0x00, 0x00, 0x00, 0x00,
0x00, 0x00, 0x00, 0x00, 0x00, 0x00, 0x00, 0x00, 0x00, 0x00, 0x00, 0x00, 0x00, 0x00, 0xff, 0xbb,
0x00, 0x00, 0x00, 0x00, 0x00, 0x00, 0x00, 0x00, 0x00, 0x00, 0x00, 0x00, 0x00, 0x00, 0x00, 0x00,
0x00, 0x00, 0x00, 0x00, 0x00, 0x00, 0x00, 0x00, 0x00, 0x00, 0xff, 0xaf, 0x00, 0x00, 0x00, 0x00,
0x00, 0x00, 0x00, 0x00, 0x00, 0x00, 0xff, 0xb0, 0x00, 0x00, 0xff, 0xae, 0xff, 0xc0, 0x00, 0x00,
0x00, 0x00, 0x00, 0x00, 0x00, 0x00, 0xff, 0xa1, 0x00, 0x00, 0x00, 0x00, 0x00, 0x00, 0x00, 0x00,
0x00, 0x00, 0x00, 0x00, 0x00, 0x00, 0xff, 0xb2, 0x00, 0x00, 0x00, 0x00, 0x00, 0x00, 0xff, 0xdf,
0x00, 0x00, 0x00, 0x00, 0x00, 0x00, 0x00, 0x00, 0x00, 0x00, 0x00, 0x00, 0x00, 0x00, 0x00, 0x00,
0x00, 0x00, 0x00, 0x00, 0x00, 0x00, 0x00, 0x00, 0x00, 0x00, 0x00, 0x00, 0x00, 0x00, 0x00, 0x00,
0x00, 0x00, 0x00, 0x00, 0x00, 0x00, 0x00, 0x00, 0x00, 0x00, 0x00, 0x00, 0x00, 0x00, 0x00, 0x00,
0x00, 0x00, 0x00, 0x00, 0x00, 0x00, 0x00, 0x00, 0x00, 0x00, 0x00, 0x00, 0x00, 0x00, 0x00, 0x00,
0x00, 0x00, 0x00, 0x00, 0x00, 0x00, 0x00, 0x00, 0x00, 0x00, 0x00, 0x00, 0x00, 0x00, 0x00, 0x00,
0x00, 0x00, 0x00, 0x00, 0x00, 0x00, 0x00, 0x00, 0x00, 0x00, 0x00, 0x00, 0x00, 0x00, 0x00, 0x00,
0x00, 0x00, 0x00, 0x00, 0x00, 0x00, 0x00, 0x00, 0x00, 0x00, 0x00, 0x00, 0x00, 0x00, 0x00, 0x00,
0x00, 0x00, 0x00, 0x00, 0x00, 0x00, 0x00, 0x00, 0x00, 0x00, 0x00, 0x00, 0x00, 0x00, 0x00, 0x00,
0x00, 0x00, 0x00, 0x00, 0x00, 0x00, 0x00, 0x00, 0x00, 0x00, 0x00, 0x00, 0x00, 0x00, 0x00, 0x00,
0x00, 0x00, 0x00, 0x00, 0x00, 0x00, 0x00, 0x00, 0x00, 0x00, 0x00, 0x00, 0x00, 0x00, 0x00, 0x00,
0x00, 0x00, 0x00, 0x00, 0x00, 0x00, 0x00, 0x00, 0x00, 0x00, 0x00, 0x00, 0x00, 0x00, 0x00, 0x00,
0x00, 0x00, 0x00, 0x00, 0x00, 0x00, 0x00, 0x00, 0x00, 0x00, 0x00, 0x00, 0x00, 0x00, 0x00, 0x00,
0x00, 0x00, 0x00, 0x00, 0x00, 0x00, 0x00, 0x00, 0x00, 0x00, 0x00, 0x00, 0x00, 0x00, 0x00, 0x00,
0x00, 0x00, 0x00, 0x00, 0x00, 0x00, 0x00, 0x00, 0x00, 0x00, 0x00, 0x00, 0xff, 0xf9, 0x00, 0x00,
0x00, 0x00, 0x00, 0x00, 0x00, 0x00, 0x00, 0x00, 0x00, 0x00, 0x00, 0x00, 0xff, 0xe0, 0x00, 0x00,
0x00, 0x00, 0x00, 0x00, 0x00, 0x00, 0x00, 0x00, 0x00, 0x00, 0x00, 0x00, 0x00, 0x00, 0x00, 0x00,
0xff, 0xfd, 0xff, 0xf1, 0x00, 0x00, 0x00, 0x00, 0xff, 0xdb, 0x00, 0x00, 0x00, 0x00, 0x00, 0x00,
0xff, 0xc3, 0x00, 0x00, 0x00, 0x00, 0x00, 0x00, 0xff, 0xca, 0x00, 0x00, 0x00, 0x00, 0x00, 0x00,
0x00, 0x00, 0xff, 0xbd, 0x00, 0x00, 0x00, 0x00, 0x00, 0x00, 0x00, 0x00, 0x00, 0x00, 0x00, 0x00,
0x00, 0x00, 0x00, 0x00, 0x00, 0x00, 0x00, 0x00, 0x00, 0x00, 0x00, 0x00, 0x00, 0x00, 0x00, 0x00,
0xff, 0xc3, 0x00, 0x00, 0x00, 0x00, 0x00, 0x00, 0x00, 0x25, 0x00, 0x00, 0x00, 0x00, 0x00, 0x00,
0xff, 0xc3, 0xff, 0xbd, 0x00, 0x00, 0x00, 0x00, 0x00, 0x00, 0xff, 0xdb, 0xff, 0xbd, 0x00, 0x00,
0x00, 0x00, 0x00, 0x00, 0xff, 0xe1, 0x00, 0x00, 0xff, 0xe0, 0x00, 0x00, 0x00, 0x00, 0x00, 0x00,
0x00, 0x00, 0x00, 0x00, 0x00, 0x00, 0xff, 0xc3, 0x00, 0x00, 0x00, 0x00, 0x00, 0x00, 0x00, 0x00,
0x00, 0x00, 0x00, 0x00, 0x00, 0x00, 0xff, 0xec, 0x00, 0x00, 0x00, 0x00, 0x00, 0x00, 0x00, 0x00,
0x00, 0x00, 0x00, 0x00, 0x00, 0x00, 0x00, 0x00, 0x00, 0x00, 0x00, 0x00, 0xff, 0xe9, 0x00, 0x00,
0x00, 0x00, 0x00, 0x00, 0x00, 0x00, 0x00, 0x00, 0x00, 0x00, 0xff, 0xdb, 0x00, 0x00, 0x00, 0x00,
0xff, 0x5e, 0x00, 0x00, 0x00, 0x00, 0x00, 0x00, 0x00, 0x00, 0x00, 0x00, 0x00, 0x00, 0xff, 0xf5,
0x00, 0x00, 0x00, 0x00, 0x00, 0x00, 0x00, 0x00, 0x00, 0x00, 0x00, 0x00, 0x00, 0x00, 0x00, 0x00,
0x00, 0x00, 0x00, 0x00, 0x00, 0x00, 0x00, 0x00, 0x00, 0x00, 0x00, 0x00, 0x00, 0x00, 0x00, 0x00,
0x00, 0x00, 0x00, 0x00, 0x00, 0x00, 0x00, 0x00, 0x00, 0x00, 0x00, 0x00, 0x00, 0x00, 0x00, 0x00,
0xfe, 0xaf, 0x00, 0x00, 0x00, 0x00, 0x00, 0x00, 0x00, 0x00, 0x00, 0x00, 0x00, 0x00, 0x00, 0x00,
0x00, 0x00, 0x00, 0x00, 0x00, 0x00, 0x00, 0x00, 0x00, 0x00, 0x00, 0x00, 0x00, 0x00, 0x00, 0x00,
0x00, 0x00, 0x00, 0x00, 0x00, 0x00, 0x00, 0x00, 0x00, 0x00, 0x00, 0x00, 0x00, 0x00, 0x00, 0x00,
0x00, 0x00, 0x00, 0x00, 0x00, 0x00, 0x00, 0x00, 0x00, 0x00, 0x00, 0x00, 0x00, 0x00, 0x00, 0x00,
0x00, 0x00, 0x00, 0x00, 0x00, 0x00, 0x00, 0x00, 0x00, 0x00, 0x00, 0x00, 0x00, 0x00, 0x00, 0x00,
0x00, 0x00, 0x00, 0x00, 0x00, 0x00, 0x00, 0x00, 0x00, 0x00, 0x00, 0x00, 0xff, 0xbb, 0x00, 0x00,
0x00, 0x00, 0xff, 0x69, 0x00, 0x00, 0x00, 0x00, 0x00, 0x00, 0x00, 0x00, 0x00, 0x00, 0x00, 0x00,
0x00, 0x00, 0x00, 0x00, 0x00, 0x00, 0x00, 0x00, 0x00, 0x00, 0x00, 0x00, 0x00, 0x00, 0x00, 0x00,
0x00, 0x00, 0x00, 0x00, 0x00, 0x00, 0x00, 0x00, 0x00, 0x00, 0x00, 0x00, 0x00, 0x00, 0x00, 0x00,
0x00, 0x00, 0x00, 0x00, 0x00, 0x00, 0x00, 0x00, 0x00, 0x00, 0x00, 0x00, 0x00, 0x00, 0x00, 0x00,
0x00, 0x00, 0xff, 0x69, 0x00, 0x00, 0x00, 0x00, 0x00, 0x00, 0x00, 0x00, 0x00, 0x00, 0xff, 0xbb,
0x00, 0x00, 0x00, 0x00, 0x00, 0x00, 0x00, 0x00, 0x00, 0x00, 0x00, 0x00, 0x00, 0x00, 0x00, 0x00,
0x00, 0x00, 0x00, 0x00, 0x00, 0x00, 0x00, 0x00, 0x00, 0x00, 0x00, 0x00, 0x00, 0x00, 0x00, 0x00,
0x00, 0x00, 0x00, 0x00, 0x00, 0x00, 0x00, 0x00, 0x00, 0x00, 0x00, 0x00, 0x00, 0x00, 0x00, 0x00,
0x00, 0x00, 0x00, 0x00, 0x00, 0x00, 0x00, 0x00, 0x00, 0x00, 0x00, 0x00, 0x00, 0x00, 0x00, 0x00,
0x00, 0x00, 0x00, 0x00, 0x00, 0x00, 0x00, 0x00, 0x00, 0x00, 0x00, 0x00, 0x00, 0x00, 0x00, 0x00,
0x00, 0x00, 0x00, 0x00, 0xff, 0xbb, 0x00, 0x00, 0x00, 0x14, 0x00, 0x00, 0x00, 0x00, 0xff, 0xda,
0x00, 0x00, 0x00, 0x00, 0xff, 0x2b, 0xff, 0x60, 0x00, 0x00, 0x00, 0x00, 0x00, 0x00, 0x00, 0x00,
0xff, 0xc6, 0x00, 0x00, 0x00, 0x00, 0x00, 0x00, 0x00, 0x00, 0x00, 0x00, 0xff, 0xdb, 0x00, 0x00,
0xff, 0x8a, 0xff, 0xd5, 0x00, 0x00, 0xff, 0xe1, 0xff, 0x99, 0x00, 0x00, 0x00, 0x00, 0x00, 0x00,
0x00, 0x00, 0x00, 0x00, 0x00, 0x00, 0x00, 0x00, 0x00, 0x00, 0x00, 0x00, 0xff, 0xbb, 0x00, 0x00,
0x00, 0x00, 0x00, 0x00, 0x00, 0x00, 0x00, 0x00, 0x00, 0x00, 0x00, 0x00, 0x00, 0x00, 0x00, 0x00,
0x00, 0x00, 0x00, 0x00, 0x00, 0x00, 0x00, 0x00, 0x00, 0x00, 0x00, 0x00, 0x00, 0x00, 0x00, 0x00,
0x00, 0x00, 0x00, 0x00, 0x00, 0x00, 0x00, 0x00, 0x00, 0x00, 0x00, 0x00, 0x00, 0x00, 0x00, 0x00,
0x00, 0x00, 0x00, 0x00, 0x00, 0x00, 0x00, 0x00, 0x00, 0x00, 0x00, 0x00, 0x00, 0x00, 0x00, 0x00,
0x00, 0x00, 0x00, 0x00, 0x00, 0x00, 0x00, 0x00, 0x00, 0x00, 0x00, 0x00, 0x00, 0x00, 0x00, 0x00,
0x00, 0x00, 0x00, 0x00, 0xff, 0xe1, 0xff, 0x49, 0x00, 0x00, 0x00, 0x00, 0x00, 0x00, 0x00, 0x00,
0x00, 0x00, 0x00, 0x00, 0x00, 0x00, 0x00, 0x00, 0x00, 0x00, 0x00, 0x00, 0x00, 0x00, 0x00, 0x00,
0x00, 0x00, 0x00, 0x00, 0x00, 0x00, 0x00, 0x00, 0x00, 0x00, 0x00, 0x00, 0x00, 0x00, 0x00, 0x00,
0x00, 0x00, 0x00, 0x00, 0x00, 0x00, 0x00, 0x00, 0x00, 0x00, 0x00, 0x00, 0x00, 0x00, 0x00, 0x00,
0x00, 0x00, 0x00, 0x00, 0x00, 0x00, 0xff, 0x3b, 0x00, 0x00, 0x00, 0x00, 0x00, 0x00, 0x00, 0x00,
0x00, 0x00, 0x00, 0x00, 0x00, 0x00, 0x00, 0x00, 0x00, 0x00, 0x00, 0x00, 0x00, 0x00, 0x00, 0x00,
0x00, 0x00, 0x00, 0x00, 0x00, 0x00, 0x00, 0x00, 0x00, 0x00, 0x00, 0x00, 0x00, 0x00, 0x00, 0x00,
0x00, 0x00, 0x00, 0x00, 0x00, 0x00, 0x00, 0x00, 0x00, 0x19, 0x00, 0x00, 0x00, 0x00, 0x00, 0x00,
0x00, 0x00, 0x00, 0x00, 0x00, 0x00, 0x00, 0x00, 0x00, 0x00, 0x00, 0x00, 0x00, 0x00, 0x00, 0x00,
0x00, 0x00, 0x00, 0x00, 0x00, 0x00, 0x00, 0x00, 0x00, 0x00, 0x00, 0x00, 0x00, 0x00, 0x00, 0x00,
0x00, 0x19, 0xff, 0xf1, 0x00, 0x19, 0x00, 0x00, 0x00, 0x00, 0x00, 0x00, 0x00, 0x00, 0x00, 0x00,
0x00, 0x00, 0x00, 0x00, 0x00, 0x00, 0x00, 0x00, 0x00, 0x00, 0x00, 0x00, 0x00, 0x00, 0x00, 0x00,
0x00, 0x00, 0x00, 0x00, 0x00, 0x00, 0x00, 0x00, 0x00, 0x00, 0x00, 0x00, 0x00, 0x00, 0x00, 0x00,
0x00, 0x00, 0x00, 0x25, 0x00, 0x00, 0x00, 0x00, 0x00, 0x00, 0x00, 0x00, 0x00, 0x00, 0x00, 0x00,
0x00, 0x00, 0x00, 0x00, 0x00, 0x00, 0x00, 0x00, 0x00, 0x00, 0x00, 0x00, 0x00, 0x00, 0x00, 0x00,
0x00, 0x00, 0x00, 0x00, 0x00, 0x00, 0x00, 0x00, 0x00, 0x00, 0x00, 0x00, 0x00, 0x00, 0x00, 0x00,
0x00, 0x00, 0x00, 0x00, 0x00, 0x00, 0x00, 0x00, 0x00, 0x00, 0x00, 0x00, 0x00, 0x00, 0x00, 0x00,
0x00, 0x00, 0x00, 0x00, 0x00, 0x00, 0x00, 0x00, 0x00, 0x00, 0x00, 0x00, 0x00, 0x00, 0x00, 0x00,
0x00, 0x00, 0x00, 0x00, 0x00, 0x00, 0x00, 0x00, 0x00, 0x00, 0x00, 0x00, 0x00, 0x00, 0x00, 0x00,
0x00, 0x00, 0x00, 0x00, 0x00, 0x00, 0x00, 0x00, 0x00, 0x00, 0x00, 0x00, 0x00, 0x00, 0x00, 0x00,
0x00, 0x00, 0x00, 0x00, 0x00, 0x00, 0x00, 0x00, 0x00, 0x00, 0x00, 0x00, 0x00, 0x00, 0x00, 0x00,
0x00, 0x00, 0x00, 0x00, 0x00, 0x00, 0x00, 0x00, 0x00, 0x00, 0x00, 0x00, 0x00, 0x00, 0x00, 0x00,
0x00, 0x00, 0x00, 0x00, 0x00, 0x00, 0x00, 0x00, 0x00, 0x00, 0x00, 0x00, 0x00, 0x00, 0x00, 0x00,
0x00, 0x00, 0x00, 0x00, 0x00, 0x00, 0x00, 0x00, 0x00, 0x00, 0x00, 0x00, 0x00, 0x00, 0x00, 0x00,
0x00, 0x00, 0x00, 0x00, 0x00, 0x00, 0x00, 0x00, 0x00, 0x00, 0x00, 0x00, 0x00, 0x00, 0x00, 0x00,
0x00, 0x00, 0x00, 0x00, 0x00, 0x00, 0x00, 0x00, 0x00, 0x00, 0x00, 0x00, 0x00, 0x00, 0x00, 0x00,
0x00, 0x00, 0x00, 0x00, 0x00, 0x00, 0x00, 0x00, 0x00, 0x00, 0x00, 0x00, 0x00, 0x00, 0x00, 0x00,
0x00, 0x00, 0x00, 0x00, 0x00, 0x00, 0x00, 0x00, 0x00, 0x00, 0x00, 0x00, 0x00, 0x00, 0x00, 0x00,
0x00, 0x00, 0x00, 0x00, 0x00, 0x00, 0x00, 0x00, 0x00, 0x00, 0x00, 0x00, 0x00, 0x00, 0x00, 0x00,
0x00, 0x00, 0x00, 0x00, 0x00, 0x00, 0x00, 0x00, 0x00, 0x00, 0x00, 0x00, 0x00, 0x00, 0x00, 0x00,
0x00, 0x00, 0x00, 0x00, 0x00, 0x00, 0x00, 0x00, 0x00, 0x00, 0x00, 0x00, 0x00, 0x00, 0x00, 0x00,
0x00, 0x00, 0x00, 0x00, 0x00, 0x00, 0x00, 0x00, 0x00, 0x00, 0x00, 0x00, 0x00, 0x00, 0x00, 0x00,
0x00, 0x00, 0x00, 0x00, 0x00, 0x00, 0x00, 0x00, 0xff, 0xd4, 0x00, 0x00, 0x00, 0x00, 0x00, 0x00,
0x00, 0x00, 0x00, 0x00, 0x00, 0x00, 0x00, 0x00, 0x00, 0x00, 0x00, 0x00, 0x00, 0x00, 0x00, 0x00,
0x00, 0x00, 0x00, 0x00, 0x00, 0x00, 0x00, 0x00, 0x00, 0x00, 0x00, 0x00, 0x00, 0x00, 0x00, 0x00,
0x00, 0x00, 0x00, 0x00, 0x00, 0x00, 0x00, 0x00, 0x00, 0x00, 0x00, 0x00, 0x00, 0x00, 0x00, 0x00,
0x00, 0x00, 0x00, 0x00, 0x00, 0x00, 0x00, 0x00, 0x00, 0x00, 0x00, 0x00, 0x00, 0x00, 0x00, 0x00,
0x00, 0x00, 0x00, 0x00, 0x00, 0x00, 0x00, 0x00, 0x00, 0x00, 0x00, 0x00, 0x00, 0x00, 0x00, 0x00,
0x00, 0x00, 0x00, 0x00, 0x00, 0x00, 0x00, 0x00, 0x00, 0x00, 0x00, 0x00, 0x00, 0x00, 0x00, 0x00,
0x00, 0x00, 0x00, 0x00, 0x00, 0x00, 0x00, 0x00, 0x00, 0x00, 0x00, 0x00, 0x00, 0x00, 0x00, 0x00,
0x00, 0x00, 0x00, 0x00, 0x00, 0x00, 0x00, 0x00, 0x00, 0x00, 0x00, 0x00, 0x00, 0x00, 0xff, 0x80,
0x00, 0x00, 0x00, 0x00, 0x00, 0x00, 0x00, 0x00, 0x00, 0x00, 0x00, 0x00, 0x00, 0x00, 0x00, 0x00,
0x00, 0x00, 0x00, 0x00, 0x00, 0x00, 0x00, 0x00, 0x00, 0x00, 0x00, 0x00, 0x00, 0x00, 0x00, 0x00,
0x00, 0x00, 0x00, 0x00, 0x00, 0x00, 0x00, 0x00, 0x00, 0x00, 0x00, 0x00, 0x00, 0x00, 0x00, 0x00,
0x00, 0x00, 0x00, 0x00, 0x00, 0x00, 0x00, 0x00, 0x00, 0x00, 0x00, 0x00, 0x00, 0x00, 0x00, 0x00,
0x00, 0x00, 0x00, 0x00, 0x00, 0x00, 0x00, 0x00, 0x00, 0x00, 0x00, 0x00, 0x00, 0x00, 0x00, 0x00,
0x00, 0x00, 0x00, 0x00, 0x00, 0x00, 0x00, 0x00, 0x00, 0x00, 0x00, 0x00, 0x00, 0x00, 0x00, 0x00,
0x00, 0x00, 0x00, 0x00, 0x00, 0x00, 0x00, 0x00, 0x00, 0x00, 0x00, 0x00, 0x00, 0x00, 0x00, 0x00,
0x00, 0x00, 0x00, 0x00, 0x00, 0x00, 0x00, 0x00, 0x00, 0x00, 0x00, 0x00, 0x00, 0x00, 0x00, 0x00,
0x00, 0x00, 0x00, 0x00, 0x00, 0x00, 0x00, 0x00, 0x00, 0x00, 0x00, 0x00, 0x00, 0x00, 0x00, 0x00,
0x00, 0x00, 0x00, 0x00, 0x00, 0x00, 0x00, 0x00, 0x00, 0x00, 0x00, 0x00, 0x00, 0x00, 0x00, 0x00,
0x00, 0x00, 0x00, 0x22, 0x00, 0x00, 0x00, 0x00, 0x00, 0x00, 0x00, 0x00, 0x00, 0x00, 0x00, 0x00,
0xff, 0xbb, 0x00, 0x00, 0x00, 0x00, 0x00, 0x00, 0x00, 0x00, 0x00, 0x00, 0xff, 0xb6, 0x00, 0x00,
0x00, 0x00, 0x00, 0x00, 0x00, 0x00, 0x00, 0x00, 0x00, 0x00, 0x00, 0x00, 0xff, 0xd6, 0x00, 0x00,
0x00, 0x00, 0x00, 0x00, 0x00, 0x00, 0x00, 0x00, 0x00, 0x00, 0x00, 0x00, 0x00, 0x00, 0x00, 0x00,
0x00, 0x00, 0x00, 0x00, 0x00, 0x00, 0x00, 0x00, 0x00, 0x00, 0x00, 0x00, 0x00, 0x00, 0x00, 0x00,
0x00, 0x00, 0x00, 0x00, 0x00, 0x00, 0x00, 0x00, 0x00, 0x00, 0x00, 0x00, 0x00, 0x00, 0x00, 0x00,
0x00, 0x00, 0x00, 0x00, 0x00, 0x00, 0x00, 0x00, 0x00, 0x00, 0x00, 0x00, 0x00, 0x00, 0x00, 0x00,
0x00, 0x00, 0x00, 0x00, 0x00, 0x00, 0x00, 0x00, 0x00, 0x00, 0x00, 0x00, 0x00, 0x00, 0x00, 0x00,
0x00, 0x00, 0x00, 0x00, 0x00, 0x00, 0x00, 0x00, 0x00, 0x00, 0x00, 0x00, 0x00, 0x00, 0x00, 0x00,
0x00, 0x00, 0x00, 0x00, 0x00, 0x00, 0x00, 0x00, 0x00, 0x00, 0x00, 0x00, 0x00, 0x00, 0x00, 0x00,
0x00, 0x00, 0x00, 0x00, 0x00, 0x00, 0x00, 0x00, 0x00, 0x00, 0x00, 0x00, 0x00, 0x00, 0x00, 0x00,
0x00, 0x00, 0x00, 0x00, 0x00, 0x00, 0x00, 0x00, 0x00, 0x00, 0x00, 0x00, 0x00, 0x00, 0x00, 0x00,
0x00, 0x00, 0x00, 0x00, 0x00, 0x00, 0x00, 0x00, 0x00, 0x00, 0x00, 0x00, 0x00, 0x00, 0x00, 0x00,
0x00, 0x00, 0x00, 0x00, 0x00, 0x00, 0x00, 0x00, 0x00, 0x00, 0x00, 0x00, 0x00, 0x00, 0x00, 0x00,
0xff, 0xf6, 0x00, 0x00, 0x00, 0x00, 0x00, 0x00, 0x00, 0x11, 0x00, 0x00, 0x00, 0x11, 0x00, 0x00,
0x00, 0x00, 0x00, 0x00, 0x00, 0x00, 0x00, 0x00, 0x00, 0x00, 0x00, 0x00, 0x00, 0x00, 0x00, 0x00,
0x00, 0x00, 0x00, 0x00, 0x00, 0x00, 0x00, 0x00, 0x00, 0x00, 0x00, 0x00, 0x00, 0x00, 0x00, 0x00,
0x00, 0x00, 0x00, 0x00, 0x00, 0x00, 0x00, 0x00, 0x00, 0x00, 0x00, 0x00, 0x00, 0x00, 0x00, 0x00,
0x00, 0x00, 0x00, 0x00, 0x00, 0x00, 0x00, 0x18, 0x00, 0x00, 0x00, 0x00, 0x00, 0x00, 0x00, 0x00,
0x00, 0x00, 0x00, 0x00, 0x00, 0x00, 0x00, 0x00, 0x00, 0x00, 0x00, 0x00, 0x00, 0x00, 0x00, 0x00,
0x00, 0x00, 0x00, 0x00, 0x00, 0x00, 0x00, 0x00, 0x00, 0x00, 0x00, 0x00, 0x00, 0x00, 0x00, 0x00,
0x00, 0x00, 0x00, 0x00, 0x00, 0x00, 0x00, 0x00, 0x00, 0x00, 0x00, 0x00, 0x00, 0x00, 0x00, 0x00,
0x00, 0x00, 0x00, 0x00, 0x00, 0x00, 0x00, 0x00, 0x00, 0x00, 0x00, 0x00, 0x00, 0x00, 0x00, 0x00,
0x00, 0x00, 0x00, 0x00, 0x00, 0x00, 0x00, 0x00, 0x00, 0x00, 0x00, 0x00, 0x00, 0x00, 0x00, 0x00,
0x00, 0x00, 0x00, 0x00, 0x00, 0x00, 0x00, 0x00, 0x00, 0x00, 0x00, 0x00, 0x00, 0x00, 0x00, 0x00,
0x00, 0x00, 0x00, 0x00, 0x00, 0x00, 0x00, 0x00, 0x00, 0x00, 0x00, 0x00, 0x00, 0x11, 0x00, 0x00,
0x00, 0x00, 0x00, 0x00, 0x00, 0x00, 0x00, 0x00, 0x00, 0x00, 0x00, 0x00, 0x00, 0x00, 0x00, 0x00,
0x00, 0x00, 0x00, 0x00, 0x00, 0x0c, 0x00, 0x00, 0x00, 0x00, 0x00, 0x00, 0x00, 0x00, 0x00, 0x00,
0x00, 0x00, 0x00, 0x00, 0x00, 0x00, 0x00, 0x00, 0x00, 0x13, 0x00, 0x00, 0x00, 0x00, 0x00, 0x00,
0x00, 0x00, 0x00, 0x00, 0x00, 0x00, 0x00, 0x00, 0x00, 0x00, 0x00, 0x00, 0x00, 0x00, 0x00, 0x00,
0x00, 0x00, 0x00, 0x00, 0x00, 0x00, 0x00, 0x00, 0x00, 0x00, 0x00, 0x00, 0x00, 0x00, 0x00, 0x00,
0x00, 0x00, 0xff, 0xe2, 0x00, 0x00, 0x00, 0x00, 0x00, 0x00, 0x00, 0x00, 0x00, 0x00, 0x00, 0x00,
0x00, 0x00, 0x00, 0x00, 0x00, 0x00, 0x00, 0x00, 0x00, 0x00, 0x00, 0x00, 0x00, 0x00, 0x00, 0x00,
0x00, 0x00, 0x00, 0x00, 0x00, 0x00, 0x00, 0x00, 0x00, 0x00, 0x00, 0x00, 0x00, 0x00, 0x00, 0x00,
0x00, 0x00, 0x00, 0x00, 0x00, 0x00, 0x00, 0x00, 0x00, 0x00, 0x00, 0x00, 0x00, 0x00, 0x00, 0x00,
0x00, 0x00, 0x00, 0x00, 0x00, 0x00, 0x00, 0x00, 0x00, 0x00, 0x00, 0x00, 0x00, 0x00, 0x00, 0x00,
0x00, 0x00, 0x00, 0x00, 0x00, 0x00, 0x00, 0x00, 0x00, 0x00, 0x00, 0x00, 0x00, 0x00, 0x00, 0x00,
0x00, 0x00, 0x00, 0x00, 0x00, 0x00, 0x00, 0x00, 0x00, 0x00, 0x00, 0x00, 0x00, 0x00, 0x00, 0x00,
0x00, 0x00, 0x00, 0x00, 0x00, 0x00, 0x00, 0x00, 0x00, 0x00, 0x00, 0x00, 0x00, 0x00, 0x00, 0x00,
0x00, 0x00, 0x00, 0x00, 0x00, 0x00, 0x00, 0x00, 0x00, 0x00, 0x00, 0x00, 0x00, 0x00, 0x00, 0x00,
0x00, 0x00, 0x00, 0x00, 0x00, 0x00, 0x00, 0x00, 0x00, 0x00, 0x00, 0x00, 0x00, 0x00, 0x00, 0x00,
0x00, 0x00, 0x00, 0x00, 0x00, 0x00, 0x00, 0x00, 0x00, 0x00, 0x00, 0x00, 0x00, 0x00, 0x00, 0x00,
0x00, 0x00, 0x00, 0x00, 0x00, 0x00, 0x00, 0x00, 0x00, 0x00, 0x00, 0x00, 0x00, 0x00, 0x00, 0x00,
0x00, 0x00, 0x00, 0x00, 0x00, 0x00, 0x00, 0x00, 0x00, 0x00, 0x00, 0x00, 0x00, 0x00, 0x00, 0x00,
0x00, 0x00, 0x00, 0x00, 0x00, 0x00, 0x00, 0x00, 0x00, 0x00, 0x00, 0x00, 0x00, 0x00, 0x00, 0x00,
0x00, 0x00, 0x00, 0x00, 0x00, 0x00, 0x00, 0x00, 0x00, 0x00, 0x00, 0x00, 0x00, 0x00, 0x00, 0x00,
0x00, 0x00, 0x00, 0x00, 0x00, 0x00, 0x00, 0x00, 0x00, 0x00, 0x00, 0x00, 0x00, 0x00, 0x00, 0x00,
0x00, 0x00, 0x00, 0x00, 0x00, 0x00, 0x00, 0x00, 0x00, 0x00, 0x00, 0x00, 0x00, 0x00, 0x00, 0x00,
0x00, 0x00, 0x00, 0x00, 0x00, 0x00, 0x00, 0x00, 0x00, 0x00, 0x00, 0x00, 0x00, 0x08, 0x00, 0x00,
0x00, 0x00, 0x00, 0x00, 0x00, 0x00, 0x00, 0x00, 0x00, 0x00, 0x00, 0x00, 0x00, 0x00, 0x00, 0x00,
0x00, 0x00, 0x00, 0x00, 0x00, 0x00, 0x00, 0x00, 0x00, 0x00, 0xff, 0xbb, 0x00, 0x00, 0x00, 0x00,
0x00, 0x00, 0x00, 0x00, 0x00, 0x00, 0x00, 0x00, 0x00, 0x00, 0xff, 0x80, 0xff, 0x98, 0x00, 0x00,
0x00, 0x00, 0x00, 0x00, 0x00, 0x00, 0x00, 0x00, 0x00, 0x00, 0x00, 0x00, 0x00, 0x00, 0x00, 0x00,
0x00, 0x00, 0x00, 0x00, 0x00, 0x00, 0x00, 0x00, 0x00, 0x00, 0x00, 0x00, 0x00, 0x00, 0x00, 0x00,
0x00, 0x00, 0x00, 0x00, 0x00, 0x00, 0x00, 0x00, 0x00, 0x00, 0x00, 0x00, 0x00, 0x00, 0x00, 0x00,
0x00, 0x00, 0x00, 0x00, 0x00, 0x00, 0x00, 0x00, 0x00, 0x00, 0x00, 0x00, 0x00, 0x00, 0x00, 0x00,
0x00, 0x00, 0x00, 0x00, 0x00, 0x00, 0x00, 0x00, 0x00, 0x00, 0x00, 0x00, 0x00, 0x00, 0x00, 0x00,
0x00, 0x00, 0x00, 0x00, 0x00, 0x00, 0x00, 0x00, 0x00, 0x00, 0x00, 0x00, 0x00, 0x00, 0x00, 0x00,
0x00, 0x00, 0x00, 0x00, 0x00, 0x00, 0x00, 0x00, 0x00, 0x00, 0x00, 0x00, 0x00, 0x00, 0x00, 0x00,
0x00, 0x00, 0x00, 0x00, 0x00, 0x00, 0x00, 0x00, 0x00, 0x00, 0x00, 0x00, 0x00, 0x00, 0x00, 0x00,
0x00, 0x00, 0x00, 0x00, 0x00, 0x00, 0x00, 0x00, 0x00, 0x00, 0x00, 0x00, 0xff, 0xbb, 0x00, 0x00,
0x00, 0x00, 0x00, 0x00, 0x00, 0x00, 0xff, 0xbb, 0x00, 0x00, 0x00, 0x00, 0xff, 0x46, 0xfe, 0xf5,
0x00, 0x00, 0x00, 0x00, 0x00, 0x00, 0x00, 0x00, 0xff, 0xaf, 0x00, 0x00, 0x00, 0x00, 0x00, 0x00,
0x00, 0x00, 0xff, 0xbb, 0x00, 0x00, 0x00, 0x00, 0xff, 0x80, 0xff, 0xbb, 0x00, 0x00, 0xff, 0xbb,
0xff, 0x8c, 0x00, 0x00, 0x00, 0x00, 0x00, 0x00, 0x00, 0x00, 0x00, 0x00, 0x00, 0x00, 0x00, 0x00,
0x00, 0x00, 0x00, 0x00, 0x00, 0x00, 0x00, 0x00, 0x00, 0x00, 0x00, 0x00, 0x00, 0x00, 0x00, 0x00,
0x00, 0x00, 0x00, 0x00, 0x00, 0x00, 0x00, 0x00, 0x00, 0x00, 0x00, 0x00, 0x00, 0x00, 0x00, 0x00,
0x00, 0x00, 0x00, 0x00, 0x00, 0x00, 0x00, 0x00, 0x00, 0x00, 0x00, 0x00, 0x00, 0x00, 0x00, 0x00,
0x00, 0x00, 0x00, 0x00, 0x00, 0x00, 0x00, 0x00, 0x00, 0x00, 0x00, 0x00, 0x00, 0x00, 0x00, 0x00,
0x00, 0x00, 0x00, 0x00, 0x00, 0x00, 0x00, 0x00, 0x00, 0x00, 0x00, 0x00, 0x00, 0x00, 0x00, 0x00,
0x00, 0x00, 0x00, 0x00, 0x00, 0x00, 0x00, 0x00, 0x00, 0x00, 0x00, 0x00, 0x00, 0x00, 0x00, 0x00,
0x00, 0x00, 0x00, 0x00, 0x00, 0x00, 0x00, 0x00, 0x00, 0x00, 0x00, 0x00, 0x00, 0x00, 0x00, 0x00,
0x00, 0x00, 0x00, 0x00, 0x00, 0x00, 0x00, 0x00, 0x00, 0x00, 0x00, 0x00, 0x00, 0x00, 0x00, 0x00,
0x00, 0x00, 0x00, 0x00, 0x00, 0x00, 0x00, 0x00, 0x00, 0x00, 0x00, 0x00, 0x00, 0x00, 0x00, 0x00,
0x00, 0x00, 0x00, 0x00, 0x00, 0x00, 0x00, 0x00, 0x00, 0x00, 0x00, 0x00, 0x00, 0x00, 0x00, 0x00,
0x00, 0x00, 0x00, 0x00, 0x00, 0x00, 0x00, 0x00, 0x00, 0x00, 0x00, 0x00, 0x00, 0x00, 0x00, 0x00,
0x00, 0x00, 0x00, 0x00, 0x00, 0x00, 0x00, 0x2e, 0x00, 0x00, 0x00, 0x00, 0x00, 0x00, 0x00, 0x00,
0x00, 0x00, 0x00, 0x00, 0x00, 0x00, 0x00, 0x00, 0x00, 0x00, 0x00, 0x00, 0x00, 0x00, 0x00, 0x00,
0x00, 0x00, 0x00, 0x00, 0x00, 0x00, 0x00, 0x00, 0x00, 0x00, 0x00, 0x00, 0x00, 0x00, 0x00, 0x00,
0x00, 0x00, 0x00, 0x00, 0x00, 0x00, 0x00, 0x00, 0x00, 0x00, 0x00, 0x00, 0x00, 0x00, 0x00, 0x00,
0x00, 0x00, 0x00, 0x00, 0x00, 0x00, 0x00, 0x00, 0x00, 0x00, 0x00, 0x00, 0x00, 0x00, 0x00, 0x00,
0x00, 0x00, 0x00, 0x00, 0x00, 0x00, 0x00, 0x00, 0x00, 0x00, 0x00, 0x00, 0x00, 0x00, 0x00, 0x00,
0x00, 0x00, 0xff, 0x75, 0x00, 0x00, 0x00, 0x00, 0x00, 0x00, 0x00, 0x00, 0x00, 0x00, 0x00, 0x00,
0x00, 0x00, 0x00, 0x00, 0x00, 0x00, 0x00, 0x00, 0x00, 0x00, 0x00, 0x00, 0xff, 0x2b, 0x00, 0x00,
0x00, 0x00, 0x00, 0x00, 0xff, 0x4a, 0x00, 0x00, 0x00, 0x00, 0x00, 0x00, 0x00, 0x00, 0x00, 0x00,
0x00, 0x00, 0x00, 0x00, 0x00, 0x00, 0x00, 0x00, 0x00, 0x00, 0x00, 0x00, 0x00, 0x00, 0x00, 0x00,
0x00, 0x00, 0x00, 0x00, 0x00, 0x00, 0x00, 0x00, 0x00, 0x00, 0x00, 0x00, 0x00, 0x00, 0x00, 0x00,
0x00, 0x00, 0x00, 0x00, 0x00, 0x00, 0x00, 0x00, 0x00, 0x00, 0x00, 0x00, 0x00, 0x00, 0x00, 0x00,
0x00, 0x00, 0x00, 0x00, 0x00, 0x00, 0x00, 0x00, 0x00, 0x00, 0x00, 0x00, 0x00, 0x00, 0x00, 0x00,
0x00, 0x00, 0x00, 0x00, 0x00, 0x00, 0x00, 0x00, 0x00, 0x00, 0x00, 0x00, 0x00, 0x00, 0x00, 0x00,
0x00, 0x00, 0x00, 0x00, 0x00, 0x00, 0x00, 0x00, 0x00, 0x00, 0x00, 0x00, 0x00, 0x00, 0x00, 0x00,
0x00, 0x00, 0x00, 0x00, 0x00, 0x00, 0x00, 0x00, 0x00, 0x00, 0x00, 0x00, 0x00, 0x00, 0x00, 0x00,
0x00, 0x00, 0x00, 0x00, 0x00, 0x00, 0x00, 0x00, 0x00, 0x00, 0x00, 0x00, 0x00, 0x00, 0x00, 0x00,
0x00, 0x00, 0x00, 0x00, 0x00, 0x00, 0x00, 0x00, 0x00, 0x00, 0x00, 0x00, 0x00, 0x00, 0x00, 0x00,
0x00, 0x00, 0x00, 0x00, 0x00, 0x00, 0x00, 0x00, 0x00, 0x00, 0x00, 0x00, 0x00, 0x00, 0x00, 0x00,
0x00, 0x00, 0x00, 0x00, 0x00, 0x00, 0x00, 0x00, 0x00, 0x00, 0x00, 0x00, 0x00, 0x00, 0x00, 0x00,
0x00, 0x00, 0x00, 0x00, 0x00, 0x00, 0x00, 0x00, 0x00, 0x00, 0x00, 0x00, 0x00, 0x00, 0x00, 0x00,
0x00, 0x00, 0x00, 0x00, 0x00, 0x00, 0x00, 0x00, 0x00, 0x00, 0x00, 0x00, 0x00, 0x00, 0x00, 0x00,
0x00, 0x00, 0x00, 0x00, 0x00, 0x00, 0x00, 0x00, 0x00, 0x00, 0x00, 0x00, 0x00, 0x00, 0x00, 0x00,
0x00, 0x00, 0x00, 0x00, 0x00, 0x00, 0x00, 0x00, 0x00, 0x00, 0x00, 0x00, 0x00, 0x00, 0x00, 0x00,
0x00, 0x00, 0x00, 0x00, 0x00, 0x00, 0x00, 0x00, 0xff, 0xe2, 0x00, 0x00, 0x00, 0x00, 0x00, 0x00,
0x00, 0x00, 0x00, 0x00, 0x00, 0x00, 0x00, 0x00, 0x00, 0x00, 0x00, 0x00, 0x00, 0x00, 0x00, 0x00,
0x00, 0x00, 0x00, 0x00, 0x00, 0x00, 0x00, 0x00, 0x00, 0x00, 0x00, 0x00, 0x00, 0x00, 0x00, 0x00,
0x00, 0x00, 0x00, 0x00, 0x00, 0x00, 0x00, 0x00, 0x00, 0x00, 0x00, 0x00, 0x00, 0x00, 0x00, 0x00,
0x00, 0x00, 0x00, 0x00, 0x00, 0x00, 0x00, 0x00, 0x00, 0x00, 0x00, 0x00, 0x00, 0x00, 0x00, 0x00,
0x00, 0x00, 0x00, 0x00, 0x00, 0x00, 0x00, 0x00, 0x00, 0x00, 0x00, 0x00, 0x00, 0x00, 0x00, 0x00,
0x00, 0x00, 0x00, 0x00, 0x00, 0x00, 0x00, 0x00, 0x00, 0x00, 0x00, 0x00, 0x00, 0x00, 0x00, 0x00,
0x00, 0x00, 0x00, 0x00, 0x00, 0x00, 0x00, 0x00, 0x00, 0x00, 0x00, 0x00, 0x00, 0x00, 0x00, 0x00,
0x00, 0x00, 0x00, 0x00, 0x00, 0x0c, 0x00, 0x00, 0x00, 0x00, 0x00, 0x00, 0x00, 0x00, 0x00, 0x00,
0x00, 0x00, 0x00, 0x00, 0x00, 0x00, 0x00, 0x00, 0x00, 0x13, 0x00, 0x00, 0x00, 0x00, 0x00, 0x00,
0x00, 0x00, 0x00, 0x00, 0x00, 0x00, 0x00, 0x00, 0x00, 0x00, 0x00, 0x00, 0x00, 0x00, 0x00, 0x00,
0xff, 0xc6, 0x00, 0x00, 0xff, 0xf5, 0xff, 0x6f, 0x00, 0x00, 0xff, 0xe9, 0x00, 0x00, 0x00, 0x00,
0x00, 0x00, 0x00, 0x00, 0xff, 0xe9, 0xff, 0xef, 0x00, 0x00, 0x00, 0x00, 0x00, 0x00, 0x00, 0x00,
0x00, 0x00, 0xff, 0xf2, 0x00, 0x00, 0x00, 0x00, 0x00, 0x00, 0x00, 0x00, 0x00, 0x00, 0x00, 0x00,
0x00, 0x00, 0x00, 0x00, 0x00, 0x00, 0x00, 0x00, 0x00, 0x00, 0x00, 0x00, 0x00, 0x00, 0x00, 0x00,
0x00, 0x00, 0x00, 0x00, 0x00, 0x00, 0xff, 0x6f, 0x00, 0x00, 0x00, 0x00, 0x00, 0x00, 0x00, 0x00,
0x00, 0x00, 0x00, 0x00, 0x00, 0x00, 0x00, 0x00, 0x00, 0x00, 0x00, 0x00, 0x00, 0x00, 0x00, 0x00,
0x00, 0x00, 0x00, 0x00, 0x00, 0x00, 0x00, 0x00, 0x00, 0x00, 0x00, 0x00, 0x00, 0x00, 0x00, 0x00,
0x00, 0x00, 0x00, 0x00, 0x00, 0x00, 0x00, 0x00, 0x00, 0x00, 0x00, 0x00, 0x00, 0x00, 0x00, 0x00,
0x00, 0x00, 0x00, 0x00, 0x00, 0x00, 0x00, 0x00, 0x00, 0x00, 0x00, 0x00, 0x00, 0x00, 0x00, 0x00,
0x00, 0x00, 0x00, 0x00, 0x00, 0x00, 0x00, 0x00, 0x00, 0x00, 0x00, 0x00, 0x00, 0x00, 0x00, 0x00,
0x00, 0x00, 0x00, 0x00, 0x00, 0x00, 0x00, 0x00, 0x00, 0x00, 0x00, 0x00, 0x00, 0x00, 0x00, 0x00,
0x00, 0x00, 0x00, 0x00, 0x00, 0x00, 0x00, 0x00, 0x00, 0x00, 0x00, 0x00, 0x00, 0x00, 0x00, 0x00,
0x00, 0x00, 0x00, 0x00, 0x00, 0x00, 0x00, 0x00, 0x00, 0x00, 0x00, 0x00, 0x00, 0x00, 0x00, 0x00,
0x00, 0x00, 0x00, 0x00, 0x00, 0x00, 0x00, 0x00, 0x00, 0x00, 0x00, 0x00, 0x00, 0x00, 0x00, 0x00,
0x00, 0x00, 0x00, 0x00, 0x00, 0x00, 0xff, 0xe7, 0x00, 0x00, 0x00, 0x00, 0x00, 0x00, 0x00, 0x04,
0x00, 0x00, 0x00, 0x00, 0x00, 0x00, 0x00, 0x00, 0x00, 0x00, 0x00, 0x00, 0x00, 0x00, 0x00, 0x00,
0x00, 0x00, 0x00, 0x00, 0x00, 0x00, 0x00, 0x00, 0x00, 0x00, 0x00, 0x00, 0x00, 0x00, 0xff, 0xcb,
0x00, 0x00, 0x00, 0x00, 0x00, 0x00, 0x00, 0x00, 0x00, 0x00, 0x00, 0x00, 0x00, 0x00, 0x00, 0x00,
0x00, 0x00, 0x00, 0x00, 0xff, 0xcb, 0x00, 0x14, 0x00, 0x00, 0x00, 0x00, 0x00, 0x36, 0x00, 0x00,
0x00, 0x00, 0x00, 0x00, 0x00, 0x00, 0x00, 0x00, 0x00, 0x00, 0x00, 0x16, 0x00, 0x00, 0x00, 0x00,
0x00, 0x00, 0x00, 0x00, 0x00, 0x00, 0x00, 0x00, 0x00, 0x00, 0xff, 0xeb, 0x00, 0x00, 0x00, 0x00,
0x00, 0x00, 0x00, 0x00, 0x00, 0x00, 0x00, 0x00, 0x00, 0x00, 0x00, 0x00, 0xff, 0xf2, 0x00, 0x00,
0x00, 0x00, 0x00, 0x00, 0x00, 0x00, 0xff, 0xe8, 0x00, 0x00, 0x00, 0x00, 0x00, 0x00, 0x00, 0x00,
0x00, 0x00, 0x00, 0x00, 0x00, 0x00, 0x00, 0x00, 0x00, 0x00, 0x00, 0x00, 0x00, 0x00, 0x00, 0x00,
0x00, 0x5d, 0x00, 0x00, 0x00, 0x00, 0x00, 0x00, 0x00, 0x00, 0x00, 0x00, 0x00, 0x00, 0x00, 0x00,
0x00, 0x00, 0x00, 0x00, 0x00, 0x00, 0x00, 0x00, 0x00, 0x00, 0x00, 0x00, 0x00, 0x00, 0x00, 0x00,
0x00, 0x00, 0x00, 0x00, 0x00, 0x00, 0x00, 0x00, 0x00, 0x00, 0x00, 0x00, 0x00, 0x00, 0x00, 0x00,
0x00, 0x00, 0x00, 0x00, 0x00, 0x00, 0x00, 0x00, 0x00, 0x00, 0x00, 0x00, 0x00, 0x00, 0x00, 0x00,
0x00, 0x00, 0x00, 0x00, 0x00, 0x00, 0x00, 0x00, 0x00, 0x00, 0x00, 0x00, 0x00, 0x00, 0x00, 0x00,
0x00, 0x00, 0x00, 0x00, 0x00, 0x00, 0x00, 0x00, 0x00, 0x00, 0x00, 0x00, 0x00, 0x00, 0x00, 0x00,
0x00, 0x00, 0x00, 0x00, 0x00, 0x21, 0x00, 0x00, 0x00, 0x00, 0x00, 0x00, 0xff, 0x46, 0x00, 0x45,
0x00, 0x00, 0x00, 0x00, 0x00, 0x00, 0x00, 0x00, 0x00, 0x00, 0x00, 0x00, 0x00, 0x00, 0x00, 0x00,
0x00, 0x00, 0x00, 0x00, 0x00, 0x00, 0x00, 0x00, 0x00, 0x00, 0x00, 0x00, 0x00, 0x00, 0x00, 0x00,
0x00, 0x00, 0x00, 0x00, 0x00, 0x00, 0x00, 0x00, 0x00, 0x00, 0x00, 0x00, 0x00, 0x00, 0x00, 0x00,
0x00, 0x00, 0x00, 0x00, 0x00, 0x00, 0x00, 0x00, 0x00, 0x00, 0x00, 0x00, 0xff, 0x18, 0x00, 0x00,
0x00, 0x00, 0x00, 0x00, 0x00, 0x00, 0x00, 0x00, 0x00, 0x00, 0x00, 0x00, 0x00, 0x00, 0x00, 0x00,
0x00, 0x00, 0x00, 0x00, 0x00, 0x00, 0x00, 0x00, 0x00, 0x00, 0x00, 0x00, 0x00, 0x00, 0x00, 0x00,
0x00, 0x00, 0x00, 0x00, 0x00, 0x00, 0x00, 0x00, 0x00, 0x00, 0x00, 0x00, 0x00, 0x00, 0x00, 0x00,
0x00, 0x00, 0x00, 0x00, 0x00, 0x00, 0x00, 0x00, 0x00, 0x00, 0x00, 0x00, 0x00, 0x00, 0x00, 0x00,
0x00, 0x00, 0x00, 0x00, 0x00, 0x00, 0x00, 0x00, 0x00, 0x00, 0x00, 0x00, 0x00, 0x00, 0x00, 0x00,
0x00, 0x00, 0x00, 0x00, 0x00, 0x00, 0x00, 0x00, 0x00, 0x00, 0x00, 0x00, 0x00, 0x00, 0x00, 0x00,
0x00, 0x00, 0x00, 0x00, 0x00, 0x00, 0x00, 0x00, 0x00, 0x00, 0x00, 0x00, 0x00, 0x00, 0x00, 0x00,
0x00, 0x00, 0x00, 0x00, 0x00, 0x00, 0x00, 0x00, 0x00, 0x00, 0x00, 0x00, 0x00, 0x00, 0x00, 0x00,
0x00, 0x00, 0x00, 0x00, 0x00, 0x00, 0x00, 0x00, 0x00, 0x00, 0x00, 0x00, 0x00, 0x00, 0x00, 0x00,
0x00, 0x00, 0x00, 0x00, 0x00, 0x00, 0x00, 0x00, 0x00, 0x00, 0x00, 0x00, 0x00, 0x00, 0x00, 0x00,
0x00, 0x00, 0x00, 0x00, 0x00, 0x00, 0x00, 0x00, 0x00, 0x00, 0x00, 0x00, 0x00, 0x00, 0x00, 0x00,
0x00, 0x00, 0x00, 0x00, 0x00, 0x00, 0x00, 0x00, 0x00, 0x00, 0x00, 0x00, 0x00, 0x00, 0x00, 0x00,
0x00, 0x00, 0x00, 0x00, 0x00, 0x00, 0x00, 0x00, 0x00, 0x00, 0x00, 0x00, 0x00, 0x00, 0xff, 0xcb,
0x00, 0x00, 0x00, 0x00, 0x00, 0x00, 0x00, 0x00, 0x00, 0x00, 0x00, 0x00, 0x00, 0x00, 0x00, 0x00,
0x00, 0x00, 0x00, 0x00, 0x00, 0x00, 0x00, 0x00, 0x00, 0x00, 0x00, 0x00, 0x00, 0x00, 0x00, 0x00,
0x00, 0x00, 0x00, 0x00, 0xff, 0xd2, 0x00, 0x00, 0x00, 0x00, 0x00, 0x00, 0x00, 0x00, 0x00, 0x00,
0x00, 0x00, 0x00, 0x00, 0x00, 0x00, 0x00, 0x00, 0x00, 0x00, 0x00, 0x00, 0x00, 0x00, 0x00, 0x00,
0x00, 0x00, 0x00, 0x00, 0x00, 0x00, 0x00, 0x00, 0x00, 0x00, 0x00, 0x00, 0x00, 0x00, 0x00, 0x00,
0x00, 0x00, 0x00, 0x00, 0x00, 0x00, 0x00, 0x00, 0x00, 0x00, 0x00, 0x00, 0x00, 0x00, 0x00, 0x00,
0x00, 0x00, 0x00, 0x00, 0x00, 0x00, 0x00, 0x00, 0x00, 0x00, 0x00, 0x00, 0x00, 0x00, 0xff, 0xe4,
0x00, 0x00, 0x00, 0x00, 0x00, 0x00, 0x00, 0x00, 0x00, 0x00, 0x00, 0x00, 0x00, 0x00, 0x00, 0x00,
0x00, 0x00, 0x00, 0x00, 0x00, 0x00, 0x00, 0x00, 0x00, 0x00, 0x00, 0x00, 0x00, 0x00, 0xff, 0xac,
0x00, 0x00, 0x00, 0x00, 0x00, 0x00, 0xff, 0xe1, 0x00, 0x00, 0x00, 0x00, 0x00, 0x00, 0x00, 0x00,
0x00, 0x00, 0x00, 0x00, 0x00, 0x00, 0x00, 0x00, 0x00, 0x00, 0x00, 0x00, 0x00, 0x00, 0xff, 0xc9,
0x00, 0x00, 0x00, 0x08, 0x00, 0x05, 0x00, 0x00, 0xff, 0xe6, 0x00, 0x00, 0x00, 0x00, 0x00, 0x00,
0x00, 0x00, 0xff, 0xcd, 0x00, 0x19, 0x00, 0x00, 0x00, 0x00, 0x00, 0x00, 0x00, 0x00, 0x00, 0x00,
0x00, 0x00, 0x00, 0x00, 0x00, 0x00, 0x00, 0x00, 0x00, 0x00, 0x00, 0x00, 0x00, 0x00, 0x00, 0x00,
0x00, 0x00, 0x00, 0x00, 0x00, 0x00, 0x00, 0x00, 0x00, 0x00, 0x00, 0x00, 0x00, 0x00, 0x00, 0x00,
0x00, 0x00, 0x00, 0x00, 0x00, 0x00, 0x00, 0x00, 0x00, 0x00, 0x00, 0x00, 0x00, 0x00, 0x00, 0x00,
0x00, 0x00, 0x00, 0x00, 0x00, 0x00, 0x00, 0x00, 0x00, 0x00, 0x00, 0x00, 0x00, 0x00, 0x00, 0x00,
0xff, 0xe1, 0x00, 0x00, 0x00, 0x00, 0x00, 0x00, 0x00, 0x00, 0x00, 0x00, 0x00, 0x00, 0x00, 0x00,
0x00, 0x00, 0x00, 0x00, 0x00, 0x00, 0x00, 0x00, 0x00, 0x00, 0x00, 0x00, 0x00, 0x00, 0x00, 0x00,
0xff, 0xc3, 0x00, 0x00, 0x00, 0x00, 0x00, 0x00, 0xff, 0xb8, 0x00, 0x00, 0x00, 0x00, 0x00, 0x00,
0x00, 0x00, 0x00, 0x07, 0x00, 0x00, 0x00, 0x00, 0x00, 0x00, 0x00, 0x00, 0x00, 0x00, 0x00, 0x00,
0x00, 0x00, 0x00, 0x00, 0x00, 0x00, 0x00, 0x00, 0x00, 0x00, 0x00, 0x00, 0x00, 0x00, 0x00, 0x00,
0x00, 0x00, 0x00, 0x00, 0x00, 0x00, 0x00, 0x00, 0x00, 0x00, 0x00, 0x00, 0x00, 0x00, 0x00, 0x00,
0x00, 0x00, 0x00, 0x00, 0x00, 0x00, 0x00, 0x00, 0x00, 0x00, 0x00, 0x00, 0x00, 0x00, 0x00, 0x00,
0x00, 0x00, 0x00, 0x00, 0xff, 0x8c, 0xff, 0x98, 0x00, 0x00, 0x00, 0x00, 0x00, 0x00, 0x00, 0x00,
0x00, 0x00, 0x00, 0x00, 0x00, 0x00, 0x00, 0x00, 0x00, 0x00, 0x00, 0x00, 0x00, 0x00, 0x00, 0x00,
0x00, 0x00, 0x00, 0x00, 0x00, 0x00, 0x00, 0x00, 0x00, 0x00, 0x00, 0x00, 0x00, 0x00, 0x00, 0x00,
0x00, 0x00, 0x00, 0x00, 0x00, 0x00, 0x00, 0x00, 0x00, 0x00, 0x00, 0x00, 0x00, 0x00, 0x00, 0x00,
0x00, 0x00, 0x00, 0x00, 0x00, 0x00, 0x00, 0x00, 0x00, 0x00, 0x00, 0x00, 0x00, 0x00, 0x00, 0x00,
0x00, 0x00, 0x00, 0x00, 0x00, 0x00, 0x00, 0x00, 0x00, 0x00, 0x00, 0x00, 0x00, 0x00, 0x00, 0x00,
0x00, 0x00, 0x00, 0x00, 0x00, 0x00, 0x00, 0x00, 0x00, 0x00, 0x00, 0x00, 0x00, 0x00, 0x00, 0x00,
0x00, 0x00, 0x00, 0x00, 0x00, 0x00, 0x00, 0x00, 0x00, 0x00, 0x00, 0x00, 0x00, 0x00, 0x00, 0x00,
0x00, 0x00, 0x00, 0x00, 0x00, 0x00, 0x00, 0x00, 0x00, 0x00, 0x00, 0x00, 0x00, 0x00, 0x00, 0x00,
0x00, 0x00, 0x00, 0x00, 0x00, 0x00, 0xff, 0xa2, 0x00, 0x00, 0x00, 0x00, 0x00, 0x00, 0x00, 0x00,
0x00, 0x00, 0x00, 0x00, 0x00, 0x00, 0x00, 0x00, 0x00, 0x00, 0x00, 0x00, 0x00, 0x00, 0x00, 0x00,
0x00, 0x00, 0x00, 0x00, 0x00, 0x00, 0x00, 0x00, 0x00, 0x00, 0x00, 0x00, 0x00, 0x00, 0x00, 0x00,
0x00, 0x00, 0x00, 0x00, 0x00, 0x00, 0x00, 0x00, 0x00, 0x00, 0x00, 0x00, 0x00, 0x00, 0x00, 0x00,
0x00, 0x00, 0x00, 0x00, 0x00, 0x00, 0x00, 0x00, 0x00, 0x00, 0x00, 0x00, 0x00, 0x00, 0x00, 0x00,
0x00, 0x00, 0x00, 0x00, 0x00, 0x00, 0x00, 0x00, 0x00, 0x00, 0x00, 0x00, 0x00, 0x00, 0x00, 0x00,
0x00, 0x00, 0x00, 0x00, 0x00, 0x00, 0x00, 0x00, 0x00, 0x00, 0x00, 0x00, 0x00, 0x00, 0x00, 0x00,
0x00, 0x00, 0x00, 0x00, 0x00, 0x00, 0x00, 0x00, 0x00, 0x00, 0x00, 0x00, 0x00, 0x00, 0x00, 0x00,
0x00, 0x00, 0x00, 0x00, 0x00, 0x00, 0x00, 0x00, 0x00, 0x00, 0x00, 0x00, 0x00, 0x00, 0x00, 0x00,
0x00, 0x00, 0x00, 0x00, 0x00, 0x00, 0x00, 0x00, 0x00, 0x00, 0x00, 0x00, 0x00, 0x00, 0x00, 0x00,
0x00, 0x00, 0x00, 0x00, 0x00, 0x00, 0x00, 0x00, 0x00, 0x00, 0x00, 0x00, 0x00, 0x00, 0x00, 0x00,
0x00, 0x00, 0x00, 0x00, 0x00, 0x00, 0x00, 0x00, 0x00, 0x00, 0x00, 0x00, 0x00, 0x00, 0x00, 0x00,
0x00, 0x00, 0x00, 0x00, 0x00, 0x00, 0x00, 0x00, 0x00, 0x00, 0x00, 0x00, 0x00, 0x00, 0x00, 0x00,
0x00, 0x00, 0x00, 0x00, 0x00, 0x00, 0x00, 0x00, 0x00, 0x00, 0x00, 0x00, 0x00, 0x00, 0x00, 0x00,
0x00, 0x00, 0x00, 0x00, 0x00, 0x00, 0xff, 0xe2, 0x00, 0x00, 0x00, 0x00, 0x00, 0x00, 0x00, 0x15,
0x00, 0x00, 0x00, 0x0d, 0x00, 0x00, 0x00, 0x00, 0x00, 0x00, 0x00, 0x00, 0x00, 0x00, 0x00, 0x00,
0x00, 0x00, 0x00, 0x00, 0x00, 0x00, 0x00, 0x00, 0x00, 0x00, 0x00, 0x00, 0x00, 0x00, 0xff, 0xce,
0x00, 0x00, 0x00, 0x00, 0x00, 0x00, 0x00, 0x00, 0x00, 0x15, 0x00, 0x00, 0x00, 0x00, 0x00, 0x00,
0x00, 0x00, 0x00, 0x00, 0x00, 0x00, 0x00, 0x18, 0x00, 0x00, 0x00, 0x0d, 0x00, 0x0d, 0x00, 0x00,
0x00, 0x00, 0x00, 0x00, 0x00, 0x00, 0x00, 0x00, 0x00, 0x00, 0x00, 0x18, 0x00, 0x0b, 0x00, 0x15,
0x00, 0x00, 0x00, 0x00, 0xff, 0x98, 0xff, 0x98, 0x00, 0x00, 0xff, 0x23, 0x00, 0x00, 0xff, 0xa3,
0x00, 0x00, 0x00, 0x00, 0x00, 0x00, 0x00, 0x00, 0xff, 0xaf, 0x00, 0x00, 0x00, 0x00, 0x00, 0x00,
0x00, 0x00, 0x00, 0x00, 0x00, 0x00, 0x00, 0x00, 0x00, 0x00, 0x00, 0x00, 0x00, 0x00, 0x00, 0x00,
0x00, 0x00, 0x00, 0x00, 0x00, 0x00, 0x00, 0x00, 0x00, 0x00, 0x00, 0x00, 0x00, 0x00, 0x00, 0x00,
0x00, 0xba, 0x00, 0x00, 0x00, 0x00, 0x00, 0x00, 0x00, 0x00, 0xff, 0x3b, 0x00, 0x00, 0x00, 0x00,
0x00, 0x00, 0x00, 0x00, 0x00, 0x00, 0x00, 0x00, 0x00, 0x00, 0x00, 0x00, 0x00, 0x00, 0x00, 0x00,
0x00, 0x00, 0x00, 0x00, 0x00, 0x00, 0x00, 0x00, 0x00, 0x00, 0x00, 0x00, 0x00, 0x00, 0x00, 0x00,
0x00, 0x00, 0x00, 0x00, 0x00, 0x00, 0x00, 0x00, 0x00, 0x00, 0x00, 0x00, 0x00, 0x00, 0x00, 0x00,
0x00, 0x00, 0x00, 0x00, 0x00, 0x00, 0x00, 0x00, 0x00, 0x00, 0x00, 0x00, 0x00, 0x00, 0x00, 0x00,
0x00, 0x00, 0x00, 0x00, 0x00, 0x00, 0x00, 0x00, 0x00, 0x00, 0x00, 0x00, 0x00, 0x00, 0x00, 0x00,
0x00, 0x00, 0x00, 0x00, 0x00, 0x00, 0x00, 0x00, 0x00, 0x00, 0x00, 0x00, 0x00, 0x00, 0x00, 0x00,
0x00, 0x00, 0x00, 0x00, 0x00, 0x00, 0x00, 0x00, 0x00, 0x00, 0x00, 0x00, 0x00, 0x00, 0x00, 0x00,
0x00, 0x00, 0x00, 0x00, 0x00, 0x00, 0x00, 0x00, 0x00, 0x00, 0x00, 0x00, 0x00, 0x00, 0x00, 0x00,
0x00, 0x00, 0x00, 0x00, 0x00, 0x00, 0x00, 0x00, 0x00, 0x00, 0x00, 0x00, 0x00, 0x00, 0x00, 0x00,
0x00, 0x00, 0x00, 0x00, 0x00, 0x00, 0x00, 0x00, 0x00, 0x00, 0xff, 0xbb, 0x00, 0x00, 0x00, 0x00,
0x00, 0x00, 0x00, 0x00, 0x00, 0x00, 0xff, 0xbb, 0x00, 0x00, 0x00, 0x00, 0x00, 0x00, 0x00, 0x00,
0x00, 0x00, 0x00, 0x00, 0x00, 0x00, 0x00, 0x00, 0x00, 0x00, 0x00, 0x00, 0x00, 0x00, 0x00, 0x00,
0x00, 0x00, 0x00, 0x00, 0x00, 0x00, 0x00, 0x00, 0x00, 0x00, 0x00, 0x00, 0x00, 0x00, 0x00, 0x00,
0x00, 0x00, 0x00, 0x00, 0x00, 0x00, 0x00, 0x00, 0x00, 0x00, 0x00, 0x00, 0x00, 0x00, 0x00, 0x00,
0x00, 0x00, 0x00, 0x00, 0xff, 0xcb, 0x00, 0x00, 0x00, 0x00, 0x00, 0x00, 0x00, 0x00, 0x00, 0x00,
0x00, 0x00, 0x00, 0x00, 0x00, 0x00, 0x00, 0x00, 0x00, 0x00, 0x00, 0x00, 0x00, 0x00, 0x00, 0x00,
0x00, 0x00, 0x00, 0x00, 0x00, 0x00, 0x00, 0x00, 0x00, 0x00, 0x00, 0x00, 0x00, 0x00, 0x00, 0x00,
0xff, 0xb6, 0x00, 0x00, 0x00, 0x00, 0x00, 0x00, 0x00, 0x00, 0x00, 0x00, 0x00, 0x00, 0x00, 0x00,
0x00, 0x00, 0x00, 0x00, 0x00, 0x00, 0x00, 0x00, 0x00, 0x00, 0xff, 0x9c, 0x00, 0x00, 0x00, 0x00,
0x00, 0x00, 0x00, 0x00, 0x00, 0x00, 0x00, 0x00, 0x00, 0x00, 0x00, 0x00, 0x00, 0x00, 0x00, 0x00,
0x00, 0x00, 0x00, 0x00, 0x00, 0x00, 0x00, 0x00, 0x00, 0x00, 0x00, 0x00, 0x00, 0x00, 0x00, 0x00,
0x00, 0x00, 0x00, 0x00, 0x00, 0x00, 0x00, 0x00, 0x00, 0x00, 0x00, 0x00, 0x00, 0x00, 0x00, 0x00,
0x00, 0x00, 0x00, 0x00, 0x00, 0x00, 0x00, 0x00, 0x00, 0x00, 0x00, 0x00, 0x00, 0x00, 0x00, 0x00,
0x00, 0x00, 0x00, 0x00, 0x00, 0x00, 0x00, 0x00, 0x00, 0x00, 0x00, 0x00, 0x00, 0x00, 0x00, 0x00,
0x00, 0x00, 0x00, 0x00, 0x00, 0x00, 0x00, 0x00, 0x00, 0x00, 0x00, 0x00, 0x00, 0x00, 0x00, 0x00,
0x00, 0x00, 0x00, 0x00, 0x00, 0x00, 0x00, 0x00, 0x00, 0x00, 0x00, 0x00, 0x00, 0x00, 0x00, 0x00,
0xff, 0xce, 0x00, 0x00, 0x00, 0x00, 0x00, 0x00, 0x00, 0x00, 0x00, 0x00, 0x00, 0x00, 0x00, 0x00,
0x00, 0x00, 0x00, 0x00, 0x00, 0x00, 0x00, 0x00, 0x00, 0x00, 0x00, 0x00, 0x00, 0x00, 0x00, 0x00,
0x00, 0x00, 0x00, 0x00, 0x00, 0x00, 0x00, 0x00, 0x00, 0x00, 0x00, 0x00, 0x00, 0x0a, 0x00, 0x00,
0x00, 0x00, 0x00, 0x00, 0x00, 0x0a, 0x00, 0x00, 0x00, 0x00, 0x00, 0x00, 0x00, 0x00, 0x00, 0x00,
0xff, 0x80, 0x00, 0x00, 0x00, 0x00, 0x00, 0x00, 0x00, 0x00, 0x00, 0x00, 0x00, 0x00, 0x00, 0x00,
0x00, 0x00, 0x00, 0x00, 0x00, 0x00, 0x00, 0x00, 0x00, 0x00, 0x00, 0x00, 0x00, 0x00, 0x00, 0x00,
0x00, 0x00, 0x00, 0x00, 0x00, 0x00, 0x00, 0x00, 0x00, 0x00, 0x00, 0x00, 0x00, 0x00, 0x00, 0x00,
0x00, 0x00, 0x00, 0x00, 0x00, 0x00, 0x00, 0x00, 0x00, 0x00, 0x00, 0x00, 0x00, 0x00, 0x00, 0x00,
0x00, 0x00, 0x00, 0x00, 0x00, 0x00, 0x00, 0x00, 0x00, 0x00, 0x00, 0x00, 0x00, 0x00, 0x00, 0x00,
0x00, 0x00, 0x00, 0x00, 0x00, 0x00, 0x00, 0x00, 0x00, 0x00, 0x00, 0x00, 0x00, 0x00, 0x00, 0x00,
0x00, 0x00, 0x00, 0x00, 0x00, 0x00, 0x00, 0x00, 0x00, 0x00, 0x00, 0x00, 0x00, 0x00, 0x00, 0x00,
0x00, 0x00, 0x00, 0x00, 0x00, 0x00, 0x00, 0x00, 0x00, 0x00, 0x00, 0x00, 0x00, 0x00, 0x00, 0x00,
0x00, 0x00, 0x00, 0x00, 0x00, 0x00, 0x00, 0x00, 0x00, 0x00, 0x00, 0x00, 0x00, 0x00, 0x00, 0x00,
0x00, 0x00, 0x00, 0x00, 0x00, 0x00, 0x00, 0x00, 0x00, 0x00, 0x00, 0x00, 0x00, 0x00, 0x00, 0x00,
0xff, 0xf8, 0x00, 0x00, 0x00, 0x00, 0x00, 0x00, 0x00, 0x0f, 0x00, 0x00, 0x00, 0x00, 0x00, 0x00,
0x00, 0x00, 0x00, 0x00, 0x00, 0x00, 0x00, 0x00, 0x00, 0x00, 0x00, 0x00, 0x00, 0x00, 0x00, 0x00,
0xff, 0xf4, 0x00, 0x00, 0x00, 0x00, 0x00, 0x00, 0xff, 0xe9, 0x00, 0x00, 0x00, 0x00, 0x00, 0x00,
0x00, 0x00, 0x00, 0x1d, 0x00, 0x00, 0x00, 0x00, 0x00, 0x00, 0x00, 0x00, 0x00, 0x00, 0x00, 0x00,
0xff, 0xd8, 0x00, 0x00, 0x00, 0x00, 0x00, 0x0b, 0x00, 0x00, 0xff, 0xf5, 0x00, 0x00, 0x00, 0x00,
0x00, 0x00, 0x00, 0x00, 0xff, 0xd6, 0x00, 0x19, 0x00, 0x00, 0x00, 0x00, 0x00, 0x00, 0x00, 0x00,
0x00, 0x00, 0x00, 0x00, 0x00, 0x00, 0x00, 0x00, 0x00, 0x00, 0x00, 0x00, 0x00, 0x00, 0x00, 0x00,
0x00, 0x00, 0x00, 0x00, 0x00, 0x00, 0x00, 0x00, 0x00, 0x00, 0x00, 0x00, 0x00, 0x00, 0x00, 0x00,
0x00, 0x00, 0x00, 0x00, 0x00, 0x00, 0x00, 0x00, 0x00, 0x00, 0x00, 0x00, 0x00, 0x00, 0x00, 0x00,
0x00, 0x00, 0x00, 0x00, 0x00, 0x00, 0x00, 0x00, 0x00, 0x00, 0x00, 0x00, 0x00, 0x00, 0x00, 0x00,
0x00, 0x00, 0x00, 0x00, 0x00, 0x00, 0x00, 0x00, 0x00, 0x00, 0x00, 0x00, 0x00, 0x00, 0x00, 0x00,
0x00, 0x00, 0x00, 0x00, 0x00, 0x00, 0x00, 0x00, 0x00, 0x00, 0x00, 0x00, 0x00, 0x00, 0x00, 0x00,
0x00, 0x00, 0x00, 0x00, 0x00, 0x00, 0x00, 0x00, 0x00, 0x00, 0xff, 0xce, 0x00, 0x00, 0x00, 0x00,
0x00, 0x00, 0x00, 0x00, 0x00, 0x00, 0x00, 0x00, 0x00, 0x00, 0x00, 0x00, 0x00, 0x00, 0x00, 0x00,
0x00, 0x00, 0x00, 0x00, 0x00, 0x00, 0x00, 0x00, 0x00, 0x00, 0x00, 0x00, 0x00, 0x00, 0x00, 0x00,
0x00, 0x00, 0x00, 0x00, 0x00, 0x00, 0x00, 0x00, 0x00, 0x00, 0x00, 0x00, 0x00, 0x00, 0x00, 0x00,
0x00, 0x00, 0x00, 0x00, 0x00, 0x00, 0x00, 0x00, 0x00, 0x00, 0x00, 0x00, 0x00, 0x00, 0x00, 0x00,
0x00, 0x00, 0x00, 0x00, 0x00, 0x00, 0x00, 0x00, 0x00, 0x00, 0x00, 0x00, 0x00, 0x00, 0x00, 0x00,
0x00, 0x00, 0x00, 0x00, 0x00, 0x00, 0x00, 0x00, 0x00, 0x00, 0x00, 0x00, 0x00, 0x00, 0x00, 0x00,
0x00, 0x00, 0x00, 0x00, 0x00, 0x00, 0x00, 0x00, 0x00, 0x00, 0x00, 0x00, 0x00, 0x00, 0x00, 0x00,
0x00, 0x00, 0x00, 0x00, 0xff, 0xeb, 0x00, 0x00, 0x00, 0x00, 0x00, 0x00, 0x00, 0x00, 0x00, 0x00,
0x00, 0x00, 0x00, 0x00, 0x00, 0x00, 0x00, 0x00, 0x00, 0x00, 0x00, 0x00, 0x00, 0x00, 0x00, 0x00,
0x00, 0x00, 0x00, 0x00, 0x00, 0x00, 0x00, 0x00, 0x00, 0x00, 0x00, 0x00, 0x00, 0x00, 0x00, 0x00,
0x00, 0x00, 0x00, 0x00, 0x00, 0x00, 0x00, 0x00, 0x00, 0x00, 0x00, 0x00, 0x00, 0x00, 0x00, 0x00,
0x00, 0x00, 0x00, 0x00, 0x00, 0x00, 0x00, 0x00, 0x00, 0x00, 0x00, 0x00, 0x00, 0x00, 0x00, 0x00,
0x00, 0x00, 0x00, 0x00, 0x00, 0x00, 0x00, 0x00, 0x00, 0x00, 0x00, 0x00, 0x00, 0x00, 0x00, 0x00,
0x00, 0x00, 0x00, 0x00, 0x00, 0x00, 0x00, 0x00, 0x00, 0x00, 0x00, 0x00, 0x00, 0x00, 0x00, 0x00,
0x00, 0x00, 0x00, 0x00, 0x00, 0x00, 0x00, 0x00, 0x00, 0x00, 0x00, 0x00, 0x00, 0x00, 0x00, 0x00,
0x00, 0x00, 0x00, 0x00, 0x00, 0x00, 0x00, 0x00, 0x00, 0x00, 0x00, 0x00, 0x00, 0x00, 0x00, 0x00,
0x00, 0x00, 0x00, 0x00, 0x00, 0x00, 0x00, 0x00, 0x00, 0x00, 0x00, 0x00, 0x00, 0x00, 0x00, 0x00,
0x00, 0x00, 0x00, 0x00, 0x00, 0x00, 0xff, 0xe3, 0x00, 0x00, 0x00, 0x00, 0x00, 0x00, 0x00, 0x00,
0x00, 0x00, 0x00, 0x00, 0x00, 0x00, 0x00, 0x00, 0x00, 0x00, 0x00, 0x00, 0x00, 0x00, 0x00, 0x00,
0x00, 0x00, 0x00, 0x00, 0x00, 0x00, 0x00, 0x00, 0x00, 0x00, 0x00, 0x00, 0x00, 0x00, 0xff, 0xe2,
0x00, 0x00, 0x00, 0x00, 0x00, 0x00, 0x00, 0x00, 0x00, 0x00, 0x00, 0x00, 0x00, 0x00, 0x00, 0x00,
0x00, 0x00, 0x00, 0x00, 0xff, 0xd2, 0x00, 0x15, 0x00, 0x00, 0x00, 0x00, 0x00, 0x00, 0x00, 0x00,
0x00, 0x00, 0x00, 0x00, 0x00, 0x00, 0x00, 0x00, 0x00, 0x00, 0x00, 0x15, 0x00, 0x00, 0x00, 0x00,
0x00, 0x00, 0x00, 0x00, 0x00, 0x00, 0x00, 0x00, 0x00, 0x00, 0x00, 0x00, 0x00, 0x00, 0x00, 0x00,
0x00, 0x00, 0x00, 0x00, 0x00, 0x00, 0x00, 0x00, 0x00, 0x00, 0x00, 0x00, 0x00, 0x00, 0x00, 0x00,
0x00, 0x00, 0x00, 0x00, 0x00, 0x00, 0x00, 0x00, 0x00, 0x00, 0x00, 0x00, 0x00, 0x00, 0x00, 0x00,
0x00, 0x00, 0x00, 0x00, 0x00, 0x00, 0x00, 0x00, 0x00, 0x00, 0x00, 0x00, 0x00, 0x00, 0x00, 0x00,
0x00, 0x00, 0x00, 0x00, 0x00, 0x00, 0x00, 0x00, 0xff, 0xeb, 0x00, 0x00, 0x00, 0x00, 0x00, 0x00,
0x00, 0x00, 0x00, 0x00, 0x00, 0x00, 0x00, 0x00, 0x00, 0x00, 0x00, 0x00, 0x00, 0x00, 0x00, 0x00,
0x00, 0x00, 0x00, 0x00, 0x00, 0x00, 0x00, 0x00, 0x00, 0x00, 0x00, 0x00, 0x00, 0x00, 0x00, 0x00,
0x00, 0x00, 0x00, 0x00, 0x00, 0x00, 0x00, 0x00, 0x00, 0x00, 0x00, 0x00, 0x00, 0x00, 0x00, 0x00,
0x00, 0x00, 0x00, 0x00, 0x00, 0x00, 0x00, 0x00, 0x00, 0x00, 0x00, 0x00, 0x00, 0x00, 0x00, 0x00,
0x00, 0x00, 0x00, 0x00, 0x00, 0x00, 0x00, 0x00, 0x00, 0x00, 0x00, 0x00, 0x00, 0x00, 0x00, 0x00,
0x00, 0x00, 0x00, 0x02, 0x00, 0x32, 0x00, 0x01, 0x00, 0x1b, 0x00, 0x00, 0x00, 0x20, 0x00, 0x58,
0x00, 0x1b, 0x00, 0x5a, 0x00, 0x5c, 0x00, 0x54, 0x00, 0x5e, 0x00, 0x61, 0x00, 0x57, 0x00, 0x63,
0x00, 0x67, 0x00, 0x5b, 0x00, 0x69, 0x00, 0x81, 0x00, 0x60, 0x00, 0x86, 0x00, 0x8c, 0x00, 0x79,
0x00, 0x8e, 0x00, 0x90, 0x00, 0x80, 0x00, 0x93, 0x00, 0x94, 0x00, 0x83, 0x00, 0x96, 0x00, 0x96,
0x00, 0x85, 0x00, 0x9a, 0x00, 0x9d, 0x00, 0x86, 0x00, 0x9f, 0x00, 0x9f, 0x00, 0x8a, 0x00, 0xa1,
0x00, 0xa2, 0x00, 0x8b, 0x00, 0xbe, 0x00, 0xbe, 0x00, 0x8d, 0x00, 0xc0, 0x00, 0xc0, 0x00, 0x8e,
0x00, 0xc2, 0x00, 0xc2, 0x00, 0x8f, 0x00, 0xc5, 0x00, 0xc5, 0x00, 0x90, 0x00, 0xd1, 0x00, 0xd7,
0x00, 0x91, 0x00, 0xdd, 0x00, 0xe8, 0x00, 0x98, 0x00, 0xea, 0x00, 0xea, 0x00, 0xa4, 0x00, 0xec,
0x00, 0xec, 0x00, 0xa5, 0x00, 0xf1, 0x00, 0xf2, 0x00, 0xa6, 0x00, 0xf4, 0x00, 0xf6, 0x00, 0xa8,
0x00, 0xf8, 0x00, 0xfc, 0x00, 0xab, 0x00, 0xfe, 0x00, 0xff, 0x00, 0xb0, 0x01, 0x02, 0x01, 0x03,
0x00, 0xb2, 0x01, 0x06, 0x01, 0x0b, 0x00, 0xb4, 0x01, 0x0e, 0x01, 0x13, 0x00, 0xba, 0x01, 0x16,
0x01, 0x20, 0x00, 0xc0, 0x01, 0x23, 0x01, 0x28, 0x00, 0xcb, 0x01, 0x2a, 0x01, 0x2d, 0x00, 0xd1,
0x01, 0x30, 0x01, 0x33, 0x00, 0xd5, 0x01, 0x35, 0x01, 0x3b, 0x00, 0xd9, 0x01, 0x3e, 0x01, 0x3f,
0x00, 0xe0, 0x01, 0x48, 0x01, 0x48, 0x00, 0xe2, 0x01, 0x4c, 0x01, 0x4c, 0x00, 0xe3, 0x01, 0x4e,
0x01, 0x4e, 0x00, 0xe4, 0x01, 0x50, 0x01, 0x76, 0x00, 0xe5, 0x01, 0x79, 0x01, 0x7d, 0x01, 0x0c,
0x01, 0x80, 0x01, 0x81, 0x01, 0x11, 0x01, 0xa8, 0x01, 0xa8, 0x01, 0x13, 0x01, 0xc4, 0x01, 0xc7,
0x01, 0x14, 0x01, 0xd1, 0x01, 0xd4, 0x01, 0x18, 0x02, 0x4f, 0x02, 0x50, 0x01, 0x1c, 0x02, 0x52,
0x02, 0x56, 0x01, 0x1e, 0x02, 0x58, 0x02, 0x61, 0x01, 0x23, 0x02, 0x64, 0x02, 0x67, 0x01, 0x2d,
0x02, 0x69, 0x02, 0x6a, 0x01, 0x31, 0x02, 0x74, 0x02, 0x74, 0x01, 0x33, 0x02, 0x7e, 0x02, 0x7e,
0x01, 0x34, 0x00, 0x02, 0x00, 0xb5, 0x00, 0x01, 0x00, 0x07, 0x00, 0x05, 0x00, 0x08, 0x00, 0x08,
0x00, 0x07, 0x00, 0x09, 0x00, 0x09, 0x00, 0x13, 0x00, 0x0a, 0x00, 0x0b, 0x00, 0x1b, 0x00, 0x0c,
0x00, 0x0c, 0x00, 0x04, 0x00, 0x0d, 0x00, 0x11, 0x00, 0x07, 0x00, 0x12, 0x00, 0x12, 0x00, 0x2e,
0x00, 0x13, 0x00, 0x13, 0x00, 0x1f, 0x00, 0x14, 0x00, 0x14, 0x00, 0x15, 0x00, 0x17, 0x00, 0x17,
0x00, 0x1a, 0x00, 0x1a, 0x00, 0x1a, 0x00, 0x1a, 0x00, 0x20, 0x00, 0x20, 0x00, 0x08, 0x00, 0x21,
0x00, 0x21, 0x00, 0x16, 0x00, 0x22, 0x00, 0x22, 0x00, 0x1c, 0x00, 0x26, 0x00, 0x2c, 0x00, 0x04,
0x00, 0x2d, 0x00, 0x2d, 0x00, 0x27, 0x00, 0x2e, 0x00, 0x2e, 0x00, 0x04, 0x00, 0x2f, 0x00, 0x2f,
0x00, 0x15, 0x00, 0x30, 0x00, 0x30, 0x00, 0x12, 0x00, 0x31, 0x00, 0x31, 0x00, 0x0d, 0x00, 0x32,
0x00, 0x36, 0x00, 0x08, 0x00, 0x37, 0x00, 0x37, 0x00, 0x26, 0x00, 0x38, 0x00, 0x38, 0x00, 0x25,
0x00, 0x39, 0x00, 0x39, 0x00, 0x19, 0x00, 0x3a, 0x00, 0x3b, 0x00, 0x0c, 0x00, 0x3c, 0x00, 0x3c,
0x00, 0x20, 0x00, 0x3d, 0x00, 0x43, 0x00, 0x02, 0x00, 0x44, 0x00, 0x44, 0x00, 0x29, 0x00, 0x45,
0x00, 0x4b, 0x00, 0x03, 0x00, 0x4c, 0x00, 0x4f, 0x00, 0x01, 0x00, 0x51, 0x00, 0x55, 0x00, 0x01,
0x00, 0x56, 0x00, 0x58, 0x00, 0x21, 0x00, 0x5a, 0x00, 0x5a, 0x00, 0x1e, 0x00, 0x5b, 0x00, 0x5b,
0x00, 0x02, 0x00, 0x5c, 0x00, 0x5c, 0x00, 0x09, 0x00, 0x5e, 0x00, 0x5e, 0x00, 0x28, 0x00, 0x5f,
0x00, 0x61, 0x00, 0x09, 0x00, 0x63, 0x00, 0x63, 0x00, 0x09, 0x00, 0x64, 0x00, 0x64, 0x00, 0x18,
0x00, 0x67, 0x00, 0x67, 0x00, 0x31, 0x00, 0x69, 0x00, 0x6b, 0x00, 0x02, 0x00, 0x6c, 0x00, 0x73,
0x00, 0x01, 0x00, 0x74, 0x00, 0x74, 0x00, 0x1e, 0x00, 0x75, 0x00, 0x75, 0x00, 0x0a, 0x00, 0x76,
0x00, 0x76, 0x00, 0x0f, 0x00, 0x77, 0x00, 0x78, 0x00, 0x13, 0x00, 0x79, 0x00, 0x7a, 0x00, 0x06,
0x00, 0x7b, 0x00, 0x7c, 0x00, 0x03, 0x00, 0x7d, 0x00, 0x7d, 0x00, 0x4c, 0x00, 0x7e, 0x00, 0x81,
0x00, 0x03, 0x00, 0x86, 0x00, 0x86, 0x00, 0x0b, 0x00, 0x87, 0x00, 0x87, 0x00, 0x24, 0x00, 0x88,
0x00, 0x88, 0x00, 0x23, 0x00, 0x89, 0x00, 0x8b, 0x00, 0x0b, 0x00, 0x8c, 0x00, 0x8c, 0x00, 0x14,
0x00, 0x8e, 0x00, 0x8e, 0x00, 0x01, 0x00, 0x8f, 0x00, 0x8f, 0x00, 0x47, 0x00, 0x90, 0x00, 0x90,
0x00, 0x34, 0x00, 0x93, 0x00, 0x93, 0x00, 0x3a, 0x00, 0x94, 0x00, 0x94, 0x00, 0x22, 0x00, 0x96,
0x00, 0x96, 0x00, 0x38, 0x00, 0x9a, 0x00, 0x9a, 0x00, 0x4f, 0x00, 0x9b, 0x00, 0x9b, 0x00, 0x38,
0x00, 0x9c, 0x00, 0x9d, 0x00, 0x3a, 0x00, 0x9f, 0x00, 0x9f, 0x00, 0x38, 0x00, 0xa1, 0x00, 0xa1,
0x00, 0x51, 0x00, 0xa2, 0x00, 0xa2, 0x00, 0x4d, 0x00, 0xbe, 0x00, 0xbe, 0x00, 0x2d, 0x00, 0xc0,
0x00, 0xc0, 0x00, 0x2d, 0x00, 0xc2, 0x00, 0xc2, 0x00, 0x2d, 0x00, 0xc5, 0x00, 0xc5, 0x00, 0x10,
0x00, 0xd1, 0x00, 0xd1, 0x00, 0x11, 0x00, 0xd2, 0x00, 0xd2, 0x00, 0x10, 0x00, 0xd3, 0x00, 0xd3,
0x00, 0x1d, 0x00, 0xd4, 0x00, 0xd4, 0x00, 0x10, 0x00, 0xd5, 0x00, 0xd5, 0x00, 0x11, 0x00, 0xd6,
0x00, 0xd6, 0x00, 0x10, 0x00, 0xd7, 0x00, 0xd7, 0x00, 0x1d, 0x00, 0xdd, 0x00, 0xdd, 0x00, 0x39,
0x00, 0xde, 0x00, 0xde, 0x00, 0x42, 0x00, 0xdf, 0x00, 0xdf, 0x00, 0x39, 0x00, 0xe0, 0x00, 0xe0,
0x00, 0x42, 0x00, 0xe1, 0x00, 0xe1, 0x00, 0x36, 0x00, 0xe2, 0x00, 0xe2, 0x00, 0x37, 0x00, 0xe3,
0x00, 0xe3, 0x00, 0x36, 0x00, 0xe4, 0x00, 0xe4, 0x00, 0x37, 0x00, 0xe5, 0x00, 0xe5, 0x00, 0x36,
0x00, 0xe6, 0x00, 0xe6, 0x00, 0x37, 0x00, 0xe7, 0x00, 0xe7, 0x00, 0x2f, 0x00, 0xe8, 0x00, 0xe8,
0x00, 0x2d, 0x00, 0xea, 0x00, 0xea, 0x00, 0x2d, 0x00, 0xec, 0x00, 0xec, 0x00, 0x2d, 0x00, 0xf1,
0x00, 0xf1, 0x00, 0x52, 0x00, 0xf2, 0x00, 0xf2, 0x00, 0x22, 0x00, 0xf4, 0x00, 0xf4, 0x00, 0x2c,
0x00, 0xf5, 0x00, 0xf6, 0x00, 0x10, 0x00, 0xf8, 0x00, 0xf9, 0x00, 0x32, 0x00, 0xfa, 0x00, 0xfb,
0x00, 0x2b, 0x00, 0xfc, 0x00, 0xfc, 0x00, 0x2a, 0x00, 0xfe, 0x00, 0xfe, 0x00, 0x2a, 0x00, 0xff,
0x00, 0xff, 0x00, 0x10, 0x01, 0x02, 0x01, 0x02, 0x00, 0x3f, 0x01, 0x03, 0x01, 0x03, 0x00, 0x40,
0x01, 0x06, 0x01, 0x06, 0x00, 0x11, 0x01, 0x07, 0x01, 0x07, 0x00, 0x10, 0x01, 0x08, 0x01, 0x08,
0x00, 0x1d, 0x01, 0x09, 0x01, 0x09, 0x00, 0x10, 0x01, 0x0a, 0x01, 0x0a, 0x00, 0x11, 0x01, 0x0b,
0x01, 0x0b, 0x00, 0x10, 0x01, 0x0e, 0x01, 0x0e, 0x00, 0x11, 0x01, 0x0f, 0x01, 0x0f, 0x00, 0x10,
0x01, 0x10, 0x01, 0x10, 0x00, 0x1d, 0x01, 0x11, 0x01, 0x11, 0x00, 0x10, 0x01, 0x12, 0x01, 0x12,
0x00, 0x11, 0x01, 0x13, 0x01, 0x13, 0x00, 0x10, 0x01, 0x16, 0x01, 0x17, 0x00, 0x35, 0x01, 0x18,
0x01, 0x18, 0x00, 0x1d, 0x01, 0x19, 0x01, 0x19, 0x00, 0x45, 0x01, 0x1a, 0x01, 0x1a, 0x00, 0x2f,
0x01, 0x1b, 0x01, 0x1b, 0x00, 0x35, 0x01, 0x1c, 0x01, 0x1f, 0x00, 0x33, 0x01, 0x20, 0x01, 0x20,
0x00, 0x22, 0x01, 0x23, 0x01, 0x24, 0x00, 0x30, 0x01, 0x25, 0x01, 0x25, 0x00, 0x3c, 0x01, 0x26,
0x01, 0x26, 0x00, 0x30, 0x01, 0x27, 0x01, 0x27, 0x00, 0x4a, 0x01, 0x28, 0x01, 0x28, 0x00, 0x3e,
0x01, 0x2a, 0x01, 0x2b, 0x00, 0x41, 0x01, 0x2c, 0x01, 0x2c, 0x00, 0x4b, 0x01, 0x2d, 0x01, 0x2d,
0x00, 0x3c, 0x01, 0x30, 0x01, 0x31, 0x00, 0x30, 0x01, 0x32, 0x01, 0x32, 0x00, 0x3e, 0x01, 0x33,
0x01, 0x33, 0x00, 0x4e, 0x01, 0x35, 0x01, 0x35, 0x00, 0x53, 0x01, 0x36, 0x01, 0x36, 0x00, 0x54,
0x01, 0x37, 0x01, 0x37, 0x00, 0x46, 0x01, 0x38, 0x01, 0x38, 0x00, 0x55, 0x01, 0x39, 0x01, 0x39,
0x00, 0x56, 0x01, 0x3a, 0x01, 0x3a, 0x00, 0x46, 0x01, 0x3b, 0x01, 0x3b, 0x00, 0x57, 0x01, 0x3e,
0x01, 0x3f, 0x00, 0x44, 0x01, 0x48, 0x01, 0x48, 0x00, 0x50, 0x01, 0x4c, 0x01, 0x4c, 0x00, 0x3b,
0x01, 0x4e, 0x01, 0x4e, 0x00, 0x3b, 0x01, 0x50, 0x01, 0x50, 0x00, 0x43, 0x01, 0x51, 0x01, 0x51,
0x00, 0x49, 0x01, 0x52, 0x01, 0x6b, 0x00, 0x0e, 0x01, 0x6c, 0x01, 0x71, 0x00, 0x17, 0x01, 0x72,
0x01, 0x72, 0x00, 0x3d, 0x01, 0x73, 0x01, 0x74, 0x00, 0x17, 0x01, 0x75, 0x01, 0x75, 0x00, 0x3d,
0x01, 0x76, 0x01, 0x76, 0x00, 0x17, 0x01, 0x79, 0x01, 0x7d, 0x00, 0x17, 0x01, 0x80, 0x01, 0x81,
0x00, 0x17, 0x01, 0xa8, 0x01, 0xa8, 0x00, 0x48, 0x01, 0xc4, 0x01, 0xc6, 0x00, 0x10, 0x01, 0xc7,
0x01, 0xc7, 0x00, 0x11, 0x01, 0xd1, 0x01, 0xd3, 0x00, 0x10, 0x01, 0xd4, 0x01, 0xd4, 0x00, 0x11,
0x02, 0x4f, 0x02, 0x4f, 0x00, 0x2b, 0x02, 0x50, 0x02, 0x50, 0x00, 0x2a, 0x02, 0x52, 0x02, 0x52,
0x00, 0x05, 0x02, 0x53, 0x02, 0x53, 0x00, 0x07, 0x02, 0x54, 0x02, 0x54, 0x00, 0x1a, 0x02, 0x55,
0x02, 0x55, 0x00, 0x04, 0x02, 0x56, 0x02, 0x56, 0x00, 0x08, 0x02, 0x58, 0x02, 0x58, 0x00, 0x02,
0x02, 0x59, 0x02, 0x59, 0x00, 0x01, 0x02, 0x5a, 0x02, 0x5a, 0x00, 0x09, 0x02, 0x5b, 0x02, 0x5b,
0x00, 0x28, 0x02, 0x5c, 0x02, 0x5c, 0x00, 0x09, 0x02, 0x5e, 0x02, 0x5e, 0x00, 0x01, 0x02, 0x5f,
0x02, 0x5f, 0x00, 0x03, 0x02, 0x60, 0x02, 0x60, 0x00, 0x0b, 0x02, 0x61, 0x02, 0x61, 0x00, 0x03,
0x02, 0x64, 0x02, 0x65, 0x00, 0x2b, 0x02, 0x66, 0x02, 0x67, 0x00, 0x2a, 0x02, 0x69, 0x02, 0x69,
0x00, 0x39, 0x02, 0x6a, 0x02, 0x6a, 0x00, 0x10, 0x02, 0x74, 0x02, 0x74, 0x00, 0x04, 0x02, 0x7e,
0x02, 0x7e, 0x00, 0x22, 0x00, 0x02, 0x00, 0xbd, 0x00, 0x01, 0x00, 0x08, 0x00, 0x05, 0x00, 0x09,
0x00, 0x09, 0x00, 0x01, 0x00, 0x0a, 0x00, 0x0b, 0x00, 0x04, 0x00, 0x0c, 0x00, 0x12, 0x00, 0x01,
0x00, 0x13, 0x00, 0x14, 0x00, 0x04, 0x00, 0x15, 0x00, 0x16, 0x00, 0x01, 0x00, 0x17, 0x00, 0x17,
0x00, 0x15, 0x00, 0x18, 0x00, 0x19, 0x00, 0x01, 0x00, 0x1a, 0x00, 0x1a, 0x00, 0x15, 0x00, 0x1b,
0x00, 0x1b, 0x00, 0x01, 0x00, 0x20, 0x00, 0x20, 0x00, 0x25, 0x00, 0x21, 0x00, 0x25, 0x00, 0x01,
0x00, 0x26, 0x00, 0x2c, 0x00, 0x04, 0x00, 0x2d, 0x00, 0x2d, 0x00, 0x01, 0x00, 0x2e, 0x00, 0x2e,
0x00, 0x04, 0x00, 0x2f, 0x00, 0x2f, 0x00, 0x01, 0x00, 0x30, 0x00, 0x30, 0x00, 0x12, 0x00, 0x31,
0x00, 0x31, 0x00, 0x0e, 0x00, 0x32, 0x00, 0x36, 0x00, 0x09, 0x00, 0x37, 0x00, 0x37, 0x00, 0x1b,
0x00, 0x38, 0x00, 0x38, 0x00, 0x1f, 0x00, 0x39, 0x00, 0x39, 0x00, 0x13, 0x00, 0x3a, 0x00, 0x3b,
0x00, 0x0d, 0x00, 0x3c, 0x00, 0x3c, 0x00, 0x18, 0x00, 0x3d, 0x00, 0x44, 0x00, 0x07, 0x00, 0x45,
0x00, 0x4b, 0x00, 0x02, 0x00, 0x4c, 0x00, 0x4d, 0x00, 0x01, 0x00, 0x4e, 0x00, 0x55, 0x00, 0x02,
0x00, 0x56, 0x00, 0x56, 0x00, 0x26, 0x00, 0x57, 0x00, 0x57, 0x00, 0x01, 0x00, 0x58, 0x00, 0x58,
0x00, 0x26, 0x00, 0x59, 0x00, 0x59, 0x00, 0x01, 0x00, 0x5a, 0x00, 0x5a, 0x00, 0x02, 0x00, 0x5b,
0x00, 0x5b, 0x00, 0x01, 0x00, 0x5c, 0x00, 0x5c, 0x00, 0x10, 0x00, 0x5e, 0x00, 0x5e, 0x00, 0x20,
0x00, 0x5f, 0x00, 0x61, 0x00, 0x10, 0x00, 0x63, 0x00, 0x63, 0x00, 0x1a, 0x00, 0x64, 0x00, 0x68,
0x00, 0x01, 0x00, 0x69, 0x00, 0x6b, 0x00, 0x03, 0x00, 0x6c, 0x00, 0x72, 0x00, 0x02, 0x00, 0x73,
0x00, 0x73, 0x00, 0x03, 0x00, 0x74, 0x00, 0x74, 0x00, 0x02, 0x00, 0x75, 0x00, 0x75, 0x00, 0x03,
0x00, 0x76, 0x00, 0x76, 0x00, 0x0c, 0x00, 0x77, 0x00, 0x78, 0x00, 0x01, 0x00, 0x79, 0x00, 0x79,
0x00, 0x06, 0x00, 0x7a, 0x00, 0x7a, 0x00, 0x01, 0x00, 0x7b, 0x00, 0x7c, 0x00, 0x08, 0x00, 0x7d,
0x00, 0x7d, 0x00, 0x48, 0x00, 0x7e, 0x00, 0x80, 0x00, 0x08, 0x00, 0x81, 0x00, 0x81, 0x00, 0x03,
0x00, 0x86, 0x00, 0x86, 0x00, 0x0a, 0x00, 0x87, 0x00, 0x87, 0x00, 0x1e, 0x00, 0x88, 0x00, 0x88,
0x00, 0x1c, 0x00, 0x89, 0x00, 0x8b, 0x00, 0x0a, 0x00, 0x8c, 0x00, 0x8c, 0x00, 0x19, 0x00, 0x8d,
0x00, 0x8d, 0x00, 0x01, 0x00, 0x8e, 0x00, 0x8e, 0x00, 0x02, 0x00, 0x8f, 0x00, 0x8f, 0x00, 0x40,
0x00, 0x90, 0x00, 0x90, 0x00, 0x2b, 0x00, 0x93, 0x00, 0x93, 0x00, 0x30, 0x00, 0x94, 0x00, 0x94,
0x00, 0x3a, 0x00, 0x96, 0x00, 0x96, 0x00, 0x3c, 0x00, 0x97, 0x00, 0x97, 0x00, 0x32, 0x00, 0x99,
0x00, 0x99, 0x00, 0x30, 0x00, 0x9a, 0x00, 0x9a, 0x00, 0x4a, 0x00, 0x9b, 0x00, 0x9b, 0x00, 0x41,
0x00, 0x9d, 0x00, 0x9d, 0x00, 0x30, 0x00, 0x9e, 0x00, 0x9e, 0x00, 0x3a, 0x00, 0x9f, 0x00, 0x9f,
0x00, 0x3c, 0x00, 0xa0, 0x00, 0xa0, 0x00, 0x32, 0x00, 0xa1, 0x00, 0xa1, 0x00, 0x4c, 0x00, 0xa2,
0x00, 0xa2, 0x00, 0x39, 0x00, 0xbf, 0x00, 0xbf, 0x00, 0x23, 0x00, 0xc1, 0x00, 0xc1, 0x00, 0x23,
0x00, 0xc3, 0x00, 0xc3, 0x00, 0x23, 0x00, 0xc5, 0x00, 0xc5, 0x00, 0x0f, 0x00, 0xd1, 0x00, 0xd1,
0x00, 0x11, 0x00, 0xd2, 0x00, 0xd2, 0x00, 0x0f, 0x00, 0xd3, 0x00, 0xd3, 0x00, 0x17, 0x00, 0xd4,
0x00, 0xd4, 0x00, 0x0f, 0x00, 0xd5, 0x00, 0xd5, 0x00, 0x11, 0x00, 0xd6, 0x00, 0xd6, 0x00, 0x0f,
0x00, 0xd7, 0x00, 0xd7, 0x00, 0x17, 0x00, 0xdd, 0x00, 0xdd, 0x00, 0x2f, 0x00, 0xde, 0x00, 0xde,
0x00, 0x37, 0x00, 0xdf, 0x00, 0xdf, 0x00, 0x2f, 0x00, 0xe0, 0x00, 0xe0, 0x00, 0x37, 0x00, 0xe1,
0x00, 0xe1, 0x00, 0x2d, 0x00, 0xe2, 0x00, 0xe2, 0x00, 0x2e, 0x00, 0xe3, 0x00, 0xe3, 0x00, 0x2d,
0x00, 0xe4, 0x00, 0xe4, 0x00, 0x2e, 0x00, 0xe5, 0x00, 0xe5, 0x00, 0x2d, 0x00, 0xe6, 0x00, 0xe6,
0x00, 0x2e, 0x00, 0xe7, 0x00, 0xe7, 0x00, 0x21, 0x00, 0xe9, 0x00, 0xe9, 0x00, 0x23, 0x00, 0xeb,
0x00, 0xeb, 0x00, 0x23, 0x00, 0xed, 0x00, 0xed, 0x00, 0x23, 0x00, 0xf1, 0x00, 0xf1, 0x00, 0x4d,
0x00, 0xf2, 0x00, 0xf2, 0x00, 0x14, 0x00, 0xf4, 0x00, 0xf4, 0x00, 0x3f, 0x00, 0xf5, 0x00, 0xf6,
0x00, 0x0f, 0x00, 0xf8, 0x00, 0xf9, 0x00, 0x27, 0x00, 0xfa, 0x00, 0xfb, 0x00, 0x22, 0x00, 0xfc,
0x00, 0xfe, 0x00, 0x1d, 0x00, 0xff, 0x00, 0xff, 0x00, 0x0f, 0x01, 0x02, 0x01, 0x02, 0x00, 0x35,
0x01, 0x03, 0x01, 0x03, 0x00, 0x36, 0x01, 0x06, 0x01, 0x06, 0x00, 0x11, 0x01, 0x07, 0x01, 0x07,
0x00, 0x0f, 0x01, 0x08, 0x01, 0x08, 0x00, 0x17, 0x01, 0x09, 0x01, 0x09, 0x00, 0x0f, 0x01, 0x0a,
0x01, 0x0a, 0x00, 0x11, 0x01, 0x0b, 0x01, 0x0b, 0x00, 0x0f, 0x01, 0x0e, 0x01, 0x0e, 0x00, 0x11,
0x01, 0x0f, 0x01, 0x0f, 0x00, 0x0f, 0x01, 0x10, 0x01, 0x10, 0x00, 0x17, 0x01, 0x11, 0x01, 0x11,
0x00, 0x0f, 0x01, 0x12, 0x01, 0x12, 0x00, 0x11, 0x01, 0x13, 0x01, 0x14, 0x00, 0x0f, 0x01, 0x16,
0x01, 0x17, 0x00, 0x2c, 0x01, 0x18, 0x01, 0x18, 0x00, 0x17, 0x01, 0x19, 0x01, 0x19, 0x00, 0x3b,
0x01, 0x1a, 0x01, 0x1a, 0x00, 0x21, 0x01, 0x1b, 0x01, 0x1b, 0x00, 0x2c, 0x01, 0x1c, 0x01, 0x1f,
0x00, 0x29, 0x01, 0x20, 0x01, 0x20, 0x00, 0x39, 0x01, 0x23, 0x01, 0x23, 0x00, 0x28, 0x01, 0x24,
0x01, 0x26, 0x00, 0x24, 0x01, 0x27, 0x01, 0x27, 0x00, 0x44, 0x01, 0x28, 0x01, 0x28, 0x00, 0x24,
0x01, 0x29, 0x01, 0x29, 0x00, 0x28, 0x01, 0x2a, 0x01, 0x2a, 0x00, 0x46, 0x01, 0x2b, 0x01, 0x2b,
0x00, 0x47, 0x01, 0x2c, 0x01, 0x2d, 0x00, 0x28, 0x01, 0x2e, 0x01, 0x2f, 0x00, 0x2a, 0x01, 0x30,
0x01, 0x30, 0x00, 0x24, 0x01, 0x31, 0x01, 0x31, 0x00, 0x2a, 0x01, 0x32, 0x01, 0x32, 0x00, 0x24,
0x01, 0x33, 0x01, 0x33, 0x00, 0x2a, 0x01, 0x34, 0x01, 0x34, 0x00, 0x49, 0x01, 0x35, 0x01, 0x35,
0x00, 0x4e, 0x01, 0x37, 0x01, 0x37, 0x00, 0x3d, 0x01, 0x38, 0x01, 0x38, 0x00, 0x4f, 0x01, 0x39,
0x01, 0x39, 0x00, 0x50, 0x01, 0x3a, 0x01, 0x3a, 0x00, 0x3d, 0x01, 0x43, 0x01, 0x44, 0x00, 0x34,
0x01, 0x4d, 0x01, 0x4d, 0x00, 0x31, 0x01, 0x4f, 0x01, 0x4f, 0x00, 0x31, 0x01, 0x50, 0x01, 0x50,
0x00, 0x38, 0x01, 0x51, 0x01, 0x51, 0x00, 0x43, 0x01, 0x53, 0x01, 0x6b, 0x00, 0x0b, 0x01, 0x6c,
0x01, 0x71, 0x00, 0x16, 0x01, 0x73, 0x01, 0x74, 0x00, 0x33, 0x01, 0x76, 0x01, 0x76, 0x00, 0x16,
0x01, 0x78, 0x01, 0x78, 0x00, 0x4b, 0x01, 0x79, 0x01, 0x7d, 0x00, 0x16, 0x01, 0x80, 0x01, 0x81,
0x00, 0x16, 0x01, 0x82, 0x01, 0x82, 0x00, 0x45, 0x01, 0xa8, 0x01, 0xa8, 0x00, 0x42, 0x01, 0xc3,
0x01, 0xc3, 0x00, 0x14, 0x01, 0xc8, 0x01, 0xca, 0x00, 0x0f, 0x01, 0xcb, 0x01, 0xcc, 0x00, 0x11,
0x02, 0x4f, 0x02, 0x4f, 0x00, 0x22, 0x02, 0x50, 0x02, 0x50, 0x00, 0x1d, 0x02, 0x52, 0x02, 0x52,
0x00, 0x05, 0x02, 0x53, 0x02, 0x53, 0x00, 0x01, 0x02, 0x54, 0x02, 0x54, 0x00, 0x15, 0x02, 0x55,
0x02, 0x55, 0x00, 0x04, 0x02, 0x56, 0x02, 0x56, 0x00, 0x09, 0x02, 0x58, 0x02, 0x58, 0x00, 0x07,
0x02, 0x59, 0x02, 0x59, 0x00, 0x02, 0x02, 0x5a, 0x02, 0x5a, 0x00, 0x10, 0x02, 0x5b, 0x02, 0x5b,
0x00, 0x20, 0x02, 0x5c, 0x02, 0x5c, 0x00, 0x1a, 0x02, 0x5d, 0x02, 0x5d, 0x00, 0x01, 0x02, 0x5e,
0x02, 0x5e, 0x00, 0x02, 0x02, 0x5f, 0x02, 0x5f, 0x00, 0x08, 0x02, 0x60, 0x02, 0x60, 0x00, 0x0a,
0x02, 0x61, 0x02, 0x61, 0x00, 0x02, 0x02, 0x62, 0x02, 0x62, 0x00, 0x01, 0x02, 0x64, 0x02, 0x65,
0x00, 0x22, 0x02, 0x66, 0x02, 0x67, 0x00, 0x1d, 0x02, 0x69, 0x02, 0x69, 0x00, 0x2f, 0x02, 0x6a,
0x02, 0x6a, 0x00, 0x0f, 0x02, 0x6b, 0x02, 0x6b, 0x00, 0x1d, 0x02, 0x74, 0x02, 0x74, 0x00, 0x3e,
0x02, 0x7e, 0x02, 0x7e, 0x00, 0x14, 0x00, 0x00, 0x00, 0x01, 0x00, 0x00, 0x00, 0x0a, 0x00, 0xc0,
0x03, 0x68, 0x00, 0x02, 0x44, 0x46, 0x4c, 0x54, 0x00, 0x0e, 0x6c, 0x61, 0x74, 0x6e, 0x00, 0x12,
0x00, 0x0e, 0x00, 0x00, 0x00, 0x0a, 0x00, 0x01, 0x43, 0x41, 0x54, 0x20, 0x00, 0x56, 0x00, 0x00,
0xff, 0xff, 0x00, 0x23, 0x00, 0x00, 0x00, 0x01, 0x00, 0x02, 0x00, 0x03, 0x00, 0x04, 0x00, 0x05,
0x00, 0x06, 0x00, 0x07, 0x00, 0x08, 0x00, 0x09, 0x00, 0x0a, 0x00, 0x0b, 0x00, 0x0c, 0x00, 0x0d,
0x00, 0x0e, 0x00, 0x0f, 0x00, 0x10, 0x00, 0x11, 0x00, 0x12, 0x00, 0x14, 0x00, 0x15, 0x00, 0x16,
0x00, 0x17, 0x00, 0x18, 0x00, 0x19, 0x00, 0x1a, 0x00, 0x1b, 0x00, 0x1c, 0x00, 0x1d, 0x00, 0x1e,
0x00, 0x1f, 0x00, 0x20, 0x00, 0x21, 0x00, 0x22, 0x00, 0x23, 0x00, 0x00, 0xff, 0xff, 0x00, 0x24,
0x00, 0x00, 0x00, 0x01, 0x00, 0x02, 0x00, 0x03, 0x00, 0x04, 0x00, 0x05, 0x00, 0x06, 0x00, 0x07,
0x00, 0x08, 0x00, 0x09, 0x00, 0x0a, 0x00, 0x0b, 0x00, 0x0c, 0x00, 0x0d, 0x00, 0x0e, 0x00, 0x0f,
0x00, 0x10, 0x00, 0x11, 0x00, 0x12, 0x00, 0x13, 0x00, 0x14, 0x00, 0x15, 0x00, 0x16, 0x00, 0x17,
0x00, 0x18, 0x00, 0x19, 0x00, 0x1a, 0x00, 0x1b, 0x00, 0x1c, 0x00, 0x1d, 0x00, 0x1e, 0x00, 0x1f,
0x00, 0x20, 0x00, 0x21, 0x00, 0x22, 0x00, 0x23, 0x00, 0x24, 0x61, 0x61, 0x6c, 0x74, 0x00, 0xda,
0x63, 0x61, 0x6c, 0x74, 0x00, 0xe2, 0x63, 0x61, 0x73, 0x65, 0x00, 0xee, 0x63, 0x76, 0x30, 0x31,
0x00, 0xf4, 0x63, 0x76, 0x30, 0x32, 0x01, 0x08, 0x63, 0x76, 0x30, 0x33, 0x01, 0x1c, 0x63, 0x76,
0x30, 0x34, 0x01, 0x30, 0x63, 0x76, 0x30, 0x35, 0x01, 0x44, 0x63, 0x76, 0x30, 0x36, 0x01, 0x58,
0x63, 0x76, 0x30, 0x37, 0x01, 0x6c, 0x63, 0x76, 0x30, 0x38, 0x01, 0x80, 0x63, 0x76, 0x30, 0x39,
0x01, 0x94, 0x63, 0x76, 0x31, 0x30, 0x01, 0xa8, 0x63, 0x76, 0x31, 0x31, 0x01, 0xbc, 0x63, 0x76,
0x31, 0x32, 0x01, 0xd0, 0x63, 0x76, 0x31, 0x33, 0x01, 0xe4, 0x64, 0x6c, 0x69, 0x67, 0x01, 0xf8,
0x64, 0x6e, 0x6f, 0x6d, 0x02, 0x00, 0x66, 0x72, 0x61, 0x63, 0x02, 0x06, 0x6c, 0x6f, 0x63, 0x6c,
0x02, 0x24, 0x6e, 0x75, 0x6d, 0x72, 0x02, 0x2a, 0x6f, 0x72, 0x64, 0x6e, 0x02, 0x30, 0x70, 0x6e,
0x75, 0x6d, 0x02, 0x38, 0x73, 0x61, 0x6c, 0x74, 0x02, 0x3e, 0x73, 0x69, 0x6e, 0x66, 0x02, 0x44,
0x73, 0x73, 0x30, 0x31, 0x02, 0x4a, 0x73, 0x73, 0x30, 0x32, 0x02, 0x54, 0x73, 0x73, 0x30, 0x33,
0x02, 0x5e, 0x73, 0x73, 0x30, 0x34, 0x02, 0x68, 0x73, 0x73, 0x30, 0x35, 0x02, 0x72, 0x73, 0x73,
0x30, 0x36, 0x02, 0x7c, 0x73, 0x73, 0x30, 0x37, 0x02, 0x86, 0x73, 0x75, 0x62, 0x73, 0x02, 0x90,
0x73, 0x75, 0x70, 0x73, 0x02, 0x96, 0x74, 0x6e, 0x75, 0x6d, 0x02, 0x9c, 0x7a, 0x65, 0x72, 0x6f,
0x02, 0xa2, 0x00, 0x00, 0x00, 0x02, 0x00, 0x00, 0x00, 0x01, 0x00, 0x00, 0x00, 0x04, 0x00, 0x23,
0x00, 0x24, 0x00, 0x27, 0x00, 0x28, 0x00, 0x00, 0x00, 0x01, 0x00, 0x22, 0x00, 0x06, 0x00, 0x01,
0x00, 0x3f, 0x00, 0x00, 0x01, 0x08, 0x00, 0x00, 0x00, 0x00, 0x00, 0x00, 0x00, 0x00, 0x00, 0x00,
0x00, 0x06, 0x00, 0x01, 0x00, 0x40, 0x00, 0x00, 0x01, 0x09, 0x00, 0x00, 0x00, 0x00, 0x00, 0x00,
0x00, 0x00, 0x00, 0x00, 0x00, 0x06, 0x00, 0x01, 0x00, 0x41, 0x00, 0x00, 0x01, 0x0a, 0x00, 0x00,
0x00, 0x00, 0x00, 0x00, 0x00, 0x00, 0x00, 0x00, 0x00, 0x06, 0x00, 0x01, 0x00, 0x42, 0x00, 0x00,
0x01, 0x0b, 0x00, 0x00, 0x00, 0x00, 0x00, 0x00, 0x00, 0x00, 0x00, 0x00, 0x00, 0x06, 0x00, 0x01,
0x00, 0x43, 0x00, 0x00, 0x01, 0x0c, 0x00, 0x00, 0x00, 0x00, 0x00, 0x00, 0x00, 0x00, 0x00, 0x00,
0x00, 0x06, 0x00, 0x01, 0x00, 0x44, 0x00, 0x00, 0x01, 0x0d, 0x00, 0x00, 0x00, 0x00, 0x00, 0x00,
0x00, 0x00, 0x00, 0x00, 0x00, 0x06, 0x00, 0x01, 0x00, 0x45, 0x00, 0x00, 0x01, 0x0e, 0x00, 0x00,
0x00, 0x00, 0x00, 0x00, 0x00, 0x00, 0x00, 0x00, 0x00, 0x06, 0x00, 0x01, 0x00, 0x46, 0x00, 0x00,
0x01, 0x0f, 0x00, 0x00, 0x00, 0x00, 0x00, 0x00, 0x00, 0x00, 0x00, 0x00, 0x00, 0x06, 0x00, 0x01,
0x00, 0x47, 0x00, 0x00, 0x01, 0x10, 0x00, 0x00, 0x00, 0x00, 0x00, 0x00, 0x00, 0x00, 0x00, 0x00,
0x00, 0x06, 0x00, 0x01, 0x00, 0x48, 0x00, 0x00, 0x01, 0x11, 0x00, 0x00, 0x00, 0x00, 0x00, 0x00,
0x00, 0x00, 0x00, 0x00, 0x00, 0x06, 0x00, 0x01, 0x00, 0x49, 0x00, 0x00, 0x01, 0x12, 0x00, 0x00,
0x00, 0x00, 0x00, 0x00, 0x00, 0x00, 0x00, 0x00, 0x00, 0x06, 0x00, 0x01, 0x00, 0x4a, 0x00, 0x00,
0x01, 0x13, 0x00, 0x00, 0x00, 0x00, 0x00, 0x00, 0x00, 0x00, 0x00, 0x00, 0x00, 0x06, 0x00, 0x01,
0x00, 0x4b, 0x00, 0x00, 0x01, 0x14, 0x00, 0x00, 0x00, 0x00, 0x00, 0x00, 0x00, 0x00, 0x00, 0x00,
0x00, 0x00, 0x00, 0x02, 0x00, 0x2a, 0x00, 0x2e, 0x00, 0x00, 0x00, 0x01, 0x00, 0x07, 0x00, 0x00,
0x00, 0x0d, 0x00, 0x08, 0x00, 0x0a, 0x00, 0x0c, 0x00, 0x0e, 0x00, 0x10, 0x00, 0x12, 0x00, 0x14,
0x00, 0x16, 0x00, 0x18, 0x00, 0x1a, 0x00, 0x1c, 0x00, 0x1e, 0x00, 0x20, 0x00, 0x00, 0x00, 0x01,
0x00, 0x02, 0x00, 0x00, 0x00, 0x01, 0x00, 0x06, 0x00, 0x00, 0x00, 0x02, 0x00, 0x34, 0x00, 0x36,
0x00, 0x00, 0x00, 0x01, 0x00, 0x31, 0x00, 0x00, 0x00, 0x01, 0x00, 0x37, 0x00, 0x00, 0x00, 0x01,
0x00, 0x05, 0x00, 0x06, 0x00, 0x01, 0x00, 0x38, 0x00, 0x00, 0x01, 0x00, 0x00, 0x06, 0x00, 0x01,
0x00, 0x39, 0x00, 0x00, 0x01, 0x01, 0x00, 0x06, 0x00, 0x01, 0x00, 0x3a, 0x00, 0x00, 0x01, 0x02,
0x00, 0x06, 0x00, 0x01, 0x00, 0x3b, 0x00, 0x00, 0x01, 0x03, 0x00, 0x06, 0x00, 0x01, 0x00, 0x3c,
0x00, 0x00, 0x01, 0x04, 0x00, 0x06, 0x00, 0x01, 0x00, 0x3d, 0x00, 0x00, 0x01, 0x05, 0x00, 0x06,
0x00, 0x01, 0x00, 0x3e, 0x00, 0x00, 0x01, 0x06, 0x00, 0x00, 0x00, 0x01, 0x00, 0x2f, 0x00, 0x00,
0x00, 0x01, 0x00, 0x30, 0x00, 0x00, 0x00, 0x01, 0x00, 0x32, 0x00, 0x00, 0x00, 0x01, 0x00, 0x33,
0x00, 0x4c, 0x00, 0x9a, 0x02, 0x24, 0x05, 0x34, 0x05, 0x76, 0x05, 0x96, 0x17, 0x40, 0x05, 0xb6,
0x0a, 0x18, 0x06, 0x10, 0x08, 0x32, 0x08, 0x46, 0x09, 0xaa, 0x08, 0x60, 0x09, 0xaa, 0x08, 0x7c,
0x09, 0xaa, 0x08, 0x9a, 0x09, 0xaa, 0x08, 0xba, 0x09, 0xaa, 0x08, 0xdc, 0x09, 0xaa, 0x09, 0x00,
0x09, 0xaa, 0x09, 0x26, 0x09, 0xaa, 0x09, 0x4e, 0x09, 0xaa, 0x09, 0x78, 0x09, 0xaa, 0x09, 0xd8,
0x0a, 0x18, 0x0a, 0x46, 0x0a, 0xa2, 0x0a, 0xb6, 0x0b, 0x32, 0x0c, 0x72, 0x0c, 0xce, 0x0c, 0xee,
0x0d, 0x16, 0x0e, 0xb0, 0x15, 0xa4, 0x16, 0x18, 0x16, 0xbc, 0x16, 0xd6, 0x16, 0xf0, 0x16, 0xf8,
0x17, 0x40, 0x17, 0xa2, 0x18, 0x5c, 0x18, 0xe4, 0x19, 0x90, 0x19, 0xc2, 0x1a, 0x0a, 0x1a, 0x2c,
0x1a, 0x4e, 0x1b, 0x68, 0x1b, 0xfa, 0x1c, 0x3c, 0x1c, 0x5e, 0x1c, 0x90, 0x1d, 0xa2, 0x1e, 0xb4,
0x1f, 0x4e, 0x1f, 0x80, 0x1f, 0xb2, 0x1f, 0xe4, 0x20, 0x16, 0x20, 0x2c, 0x20, 0x56, 0x20, 0x6a,
0x20, 0x94, 0x20, 0xc6, 0x20, 0xda, 0x21, 0x08, 0x21, 0x1c, 0x00, 0x01, 0x00, 0x00, 0x00, 0x01,
0x00, 0x08, 0x00, 0x02, 0x00, 0xd0, 0x00, 0x65, 0x01, 0x1c, 0x02, 0x52, 0x02, 0x53, 0x02, 0x54,
0x02, 0x57, 0x01, 0x1d, 0x02, 0x55, 0x02, 0x56, 0x02, 0x58, 0x02, 0x61, 0x02, 0x59, 0x02, 0x5b,
0x02, 0x5d, 0x02, 0x62, 0x02, 0x5e, 0x02, 0x5f, 0x02, 0x63, 0x02, 0x60, 0x00, 0xaf, 0x00, 0x93,
0x00, 0x94, 0x00, 0x95, 0x00, 0x96, 0x00, 0x97, 0x00, 0x98, 0x00, 0x99, 0x00, 0x9a, 0x00, 0x9b,
0x00, 0x9c, 0x00, 0x9f, 0x00, 0xe1, 0x00, 0xe2, 0x00, 0xe5, 0x00, 0xe6, 0x00, 0xe3, 0x00, 0xe4,
0x00, 0xe8, 0x00, 0xe9, 0x00, 0xec, 0x00, 0xed, 0x00, 0xea, 0x00, 0xeb, 0x00, 0xf5, 0x00, 0xf6,
0x01, 0x04, 0x01, 0x05, 0x01, 0x06, 0x01, 0x07, 0x01, 0x08, 0x01, 0x09, 0x01, 0x0a, 0x01, 0x0b,
0x01, 0x17, 0x01, 0x0c, 0x01, 0x0d, 0x01, 0x0e, 0x01, 0x0f, 0x01, 0x10, 0x01, 0x11, 0x01, 0x12,
0x01, 0x13, 0x01, 0x18, 0x01, 0xc0, 0x01, 0xc1, 0x02, 0x68, 0x02, 0x7e, 0x02, 0x69, 0x00, 0xee,
0x00, 0xbe, 0x00, 0xbf, 0x00, 0xc2, 0x00, 0xc3, 0x00, 0xc0, 0x00, 0xc1, 0x00, 0xc5, 0x02, 0x6a,
0x00, 0xcf, 0x00, 0xd0, 0x00, 0xd1, 0x00, 0xd2, 0x00, 0xd3, 0x00, 0xd4, 0x00, 0xd5, 0x00, 0xd6,
0x00, 0xd7, 0x02, 0x73, 0x00, 0xd8, 0x00, 0xd9, 0x01, 0xd1, 0x01, 0xd2, 0x01, 0xd3, 0x01, 0xd4,
0x01, 0xd5, 0x01, 0xd6, 0x01, 0xd7, 0x01, 0xd8, 0x01, 0xd9, 0x01, 0xda, 0x01, 0xdb, 0x01, 0xdc,
0x01, 0xdd, 0x00, 0x02, 0x00, 0x1d, 0x00, 0x01, 0x00, 0x02, 0x00, 0x00, 0x00, 0x11, 0x00, 0x11,
0x00, 0x02, 0x00, 0x17, 0x00, 0x17, 0x00, 0x03, 0x00, 0x1c, 0x00, 0x1c, 0x00, 0x04, 0x00, 0x26,
0x00, 0x27, 0x00, 0x05, 0x00, 0x36, 0x00, 0x36, 0x00, 0x07, 0x00, 0x40, 0x00, 0x40, 0x00, 0x08,
0x00, 0x48, 0x00, 0x48, 0x00, 0x09, 0x00, 0x52, 0x00, 0x52, 0x00, 0x0a, 0x00, 0x5e, 0x00, 0x5e,
0x00, 0x0b, 0x00, 0x66, 0x00, 0x66, 0x00, 0x0c, 0x00, 0x68, 0x00, 0x68, 0x00, 0x0d, 0x00, 0x6d,
0x00, 0x6d, 0x00, 0x0e, 0x00, 0x7c, 0x00, 0x7c, 0x00, 0x0f, 0x00, 0x84, 0x00, 0x84, 0x00, 0x10,
0x00, 0x8a, 0x00, 0x8a, 0x00, 0x11, 0x00, 0x9f, 0x00, 0x9f, 0x00, 0x12, 0x00, 0xa3, 0x00, 0xac,
0x00, 0x13, 0x00, 0xaf, 0x00, 0xaf, 0x00, 0x1d, 0x00, 0xb8, 0x00, 0xd9, 0x00, 0x1e, 0x00, 0xdb,
0x00, 0xdd, 0x00, 0x40, 0x00, 0xe7, 0x00, 0xed, 0x00, 0x43, 0x00, 0xf6, 0x00, 0xf6, 0x00, 0x4a,
0x00, 0xff, 0x00, 0xff, 0x00, 0x4b, 0x01, 0x0c, 0x01, 0x13, 0x00, 0x4c, 0x01, 0x18, 0x01, 0x18,
0x00, 0x54, 0x01, 0xb9, 0x01, 0xb9, 0x00, 0x55, 0x01, 0xc0, 0x01, 0xc1, 0x00, 0x56, 0x01, 0xc4,
0x01, 0xd0, 0x00, 0x58, 0x00, 0x03, 0x00, 0x00, 0x00, 0x01, 0x00, 0x08, 0x00, 0x01, 0x02, 0x84,
0x00, 0x40, 0x00, 0x86, 0x00, 0x8e, 0x00, 0x94, 0x00, 0x9a, 0x00, 0xa0, 0x00, 0xa6, 0x00, 0xac,
0x00, 0xb2, 0x00, 0xb8, 0x00, 0xc2, 0x00, 0xca, 0x00, 0xd0, 0x00, 0xd6, 0x00, 0xdc, 0x00, 0xe4,
0x00, 0xec, 0x00, 0xf2, 0x00, 0xf8, 0x00, 0xfe, 0x01, 0x04, 0x01, 0x0a, 0x01, 0x10, 0x01, 0x16,
0x01, 0x1c, 0x01, 0x22, 0x01, 0x28, 0x01, 0x2e, 0x01, 0x3a, 0x01, 0x46, 0x01, 0x52, 0x01, 0x5e,
0x01, 0x6a, 0x01, 0x76, 0x01, 0x82, 0x01, 0x8e, 0x01, 0x9a, 0x01, 0xa6, 0x01, 0xac, 0x01, 0xb2,
0x01, 0xb8, 0x01, 0xbe, 0x01, 0xc4, 0x01, 0xd2, 0x01, 0xe0, 0x01, 0xea, 0x01, 0xf4, 0x01, 0xfa,
0x02, 0x00, 0x02, 0x06, 0x02, 0x12, 0x02, 0x1c, 0x02, 0x24, 0x02, 0x2a, 0x02, 0x32, 0x02, 0x38,
0x02, 0x3e, 0x02, 0x4c, 0x02, 0x5a, 0x02, 0x60, 0x02, 0x66, 0x02, 0x6c, 0x02, 0x72, 0x02, 0x78,
0x02, 0x7e, 0x00, 0x03, 0x01, 0x52, 0x01, 0x22, 0x01, 0x1c, 0x00, 0x02, 0x01, 0x53, 0x01, 0x23,
0x00, 0x02, 0x01, 0x54, 0x01, 0x24, 0x00, 0x02, 0x01, 0x55, 0x01, 0x25, 0x00, 0x02, 0x01, 0x56,
0x01, 0x26, 0x00, 0x02, 0x01, 0x57, 0x01, 0x27, 0x00, 0x02, 0x01, 0x58, 0x01, 0x28, 0x00, 0x02,
0x01, 0x59, 0x01, 0x29, 0x00, 0x04, 0x01, 0x5a, 0x01, 0x1e, 0x01, 0x2a, 0x02, 0x5a, 0x00, 0x03,
0x01, 0x5b, 0x01, 0x2b, 0x02, 0x5c, 0x00, 0x02, 0x01, 0x5c, 0x01, 0x2c, 0x00, 0x02, 0x01, 0x5d,
0x01, 0x2d, 0x00, 0x02, 0x01, 0x5e, 0x01, 0x2e, 0x00, 0x03, 0x01, 0x5f, 0x01, 0x1f, 0x01, 0x2f,
0x00, 0x03, 0x01, 0x60, 0x01, 0x30, 0x01, 0x1d, 0x00, 0x02, 0x01, 0x61, 0x01, 0x31, 0x00, 0x02,
0x01, 0x62, 0x01, 0x32, 0x00, 0x02, 0x01, 0x63, 0x01, 0x33, 0x00, 0x02, 0x01, 0x64, 0x01, 0x34,
0x00, 0x02, 0x01, 0x65, 0x01, 0x35, 0x00, 0x02, 0x01, 0x66, 0x01, 0x36, 0x00, 0x02, 0x01, 0x67,
0x01, 0x37, 0x00, 0x02, 0x01, 0x68, 0x01, 0x38, 0x00, 0x02, 0x01, 0x69, 0x01, 0x39, 0x00, 0x02,
0x01, 0x6a, 0x01, 0x3a, 0x00, 0x02, 0x01, 0x6b, 0x01, 0x3b, 0x00, 0x05, 0x01, 0x6c, 0x01, 0x9b,
0x01, 0x83, 0x01, 0x3c, 0x00, 0xa3, 0x00, 0x05, 0x01, 0x6e, 0x01, 0x9d, 0x01, 0x85, 0x01, 0x3e,
0x00, 0xa4, 0x00, 0x05, 0x01, 0x70, 0x01, 0x9f, 0x01, 0x87, 0x01, 0x40, 0x00, 0xa5, 0x00, 0x05,
0x01, 0x71, 0x01, 0xa0, 0x01, 0x88, 0x01, 0x41, 0x00, 0xa6, 0x00, 0x05, 0x01, 0x73, 0x01, 0xa2,
0x01, 0x8a, 0x01, 0x43, 0x00, 0xa7, 0x00, 0x05, 0x01, 0x75, 0x01, 0xa4, 0x01, 0x8c, 0x01, 0x45,
0x00, 0xa8, 0x00, 0x05, 0x01, 0x76, 0x01, 0xa5, 0x01, 0x8d, 0x01, 0x46, 0x00, 0xa9, 0x00, 0x05,
0x01, 0x78, 0x01, 0xa7, 0x01, 0x8f, 0x01, 0x48, 0x00, 0xaa, 0x00, 0x05, 0x01, 0x79, 0x01, 0xa8,
0x01, 0x90, 0x01, 0x49, 0x00, 0xab, 0x00, 0x05, 0x01, 0x7a, 0x01, 0xa9, 0x01, 0x91, 0x01, 0x4a,
0x00, 0xac, 0x00, 0x02, 0x00, 0xfa, 0x02, 0x6d, 0x00, 0x02, 0x00, 0xfb, 0x02, 0x6c, 0x00, 0x02,
0x00, 0xfc, 0x02, 0x6e, 0x00, 0x02, 0x00, 0xfd, 0x02, 0x70, 0x00, 0x02, 0x00, 0xfe, 0x02, 0x6f,
0x00, 0x06, 0x01, 0x7c, 0x01, 0xad, 0x01, 0x95, 0x00, 0xe8, 0x01, 0x4c, 0x00, 0xb8, 0x00, 0x06,
0x01, 0x7d, 0x01, 0xae, 0x01, 0x96, 0x00, 0xe9, 0x01, 0x4d, 0x00, 0xb9, 0x00, 0x04, 0x01, 0x7e,
0x00, 0xea, 0x01, 0x4e, 0x00, 0xbc, 0x00, 0x04, 0x01, 0x7f, 0x00, 0xeb, 0x01, 0x4f, 0x00, 0xbd,
0x00, 0x02, 0x00, 0xec, 0x00, 0xba, 0x00, 0x02, 0x00, 0xed, 0x00, 0xbb, 0x00, 0x02, 0x00, 0xf6,
0x00, 0xc4, 0x00, 0x05, 0x01, 0xb0, 0x01, 0x98, 0x00, 0xb3, 0x02, 0x4f, 0x02, 0x65, 0x00, 0x04,
0x01, 0xaf, 0x01, 0x97, 0x00, 0xb4, 0x02, 0x64, 0x00, 0x03, 0x00, 0xfd, 0x00, 0xb5, 0x02, 0x66,
0x00, 0x02, 0x00, 0xb6, 0x02, 0x6b, 0x00, 0x03, 0x00, 0xb7, 0x02, 0x50, 0x02, 0x67, 0x00, 0x02,
0x01, 0x0c, 0x00, 0xc6, 0x00, 0x02, 0x01, 0x0d, 0x00, 0xc7, 0x00, 0x06, 0x01, 0x81, 0x01, 0xac,
0x01, 0x94, 0x01, 0x0e, 0x01, 0x51, 0x00, 0xc8, 0x00, 0x06, 0x01, 0x80, 0x01, 0xab, 0x01, 0x93,
0x01, 0x0f, 0x01, 0x50, 0x00, 0xc9, 0x00, 0x02, 0x01, 0x10, 0x00, 0xca, 0x00, 0x02, 0x01, 0x11,
0x00, 0xcb, 0x00, 0x02, 0x01, 0x12, 0x00, 0xcc, 0x00, 0x02, 0x01, 0x13, 0x00, 0xcd, 0x00, 0x02,
0x01, 0x18, 0x00, 0xce, 0x00, 0x02, 0x01, 0x99, 0x01, 0x9a, 0x00, 0x02, 0x01, 0xb1, 0x01, 0xb2,
0x00, 0x01, 0x00, 0x40, 0x00, 0x3d, 0x00, 0x4c, 0x00, 0x4e, 0x00, 0x50, 0x00, 0x51, 0x00, 0x56,
0x00, 0x5a, 0x00, 0x5b, 0x00, 0x5c, 0x00, 0x63, 0x00, 0x64, 0x00, 0x65, 0x00, 0x69, 0x00, 0x6a,
0x00, 0x6c, 0x00, 0x73, 0x00, 0x74, 0x00, 0x75, 0x00, 0x76, 0x00, 0x79, 0x00, 0x7b, 0x00, 0x86,
0x00, 0x87, 0x00, 0x88, 0x00, 0x89, 0x00, 0x8c, 0x00, 0x93, 0x00, 0x94, 0x00, 0x95, 0x00, 0x96,
0x00, 0x97, 0x00, 0x98, 0x00, 0x99, 0x00, 0x9a, 0x00, 0x9b, 0x00, 0x9c, 0x00, 0xb3, 0x00, 0xb4,
0x00, 0xb5, 0x00, 0xb6, 0x00, 0xb7, 0x00, 0xe1, 0x00, 0xe2, 0x00, 0xe3, 0x00, 0xe4, 0x00, 0xe5,
0x00, 0xe6, 0x00, 0xf5, 0x00, 0xfa, 0x00, 0xfb, 0x00, 0xfc, 0x00, 0xfd, 0x00, 0xfe, 0x01, 0x04,
0x01, 0x05, 0x01, 0x06, 0x01, 0x07, 0x01, 0x08, 0x01, 0x09, 0x01, 0x0a, 0x01, 0x0b, 0x01, 0x17,
0x01, 0x98, 0x01, 0xb0, 0x00, 0x06, 0x00, 0x00, 0x00, 0x01, 0x00, 0x08, 0x00, 0x01, 0x00, 0x0a,
0x00, 0x02, 0x00, 0x12, 0x00, 0x26, 0x00, 0x01, 0x00, 0x02, 0x00, 0x22, 0x00, 0x65, 0x00, 0x01,
0x00, 0x04, 0x00, 0x00, 0x00, 0x02, 0x00, 0xff, 0x00, 0x01, 0x00, 0x22, 0x00, 0x01, 0x00, 0x00,
0x00, 0x04, 0x00, 0x01, 0x00, 0x04, 0x00, 0x00, 0x00, 0x02, 0x00, 0xff, 0x00, 0x01, 0x00, 0x65,
0x00, 0x01, 0x00, 0x00, 0x00, 0x03, 0x00, 0x04, 0x00, 0x00, 0x00, 0x01, 0x00, 0x08, 0x00, 0x01,
0x00, 0x12, 0x00, 0x01, 0x00, 0x08, 0x00, 0x01, 0x00, 0x04, 0x00, 0x66, 0x00, 0x02, 0x00, 0xff,
0x00, 0x01, 0x00, 0x01, 0x00, 0x65, 0x00, 0x04, 0x00, 0x00, 0x00, 0x01, 0x00, 0x08, 0x00, 0x01,
0x00, 0x12, 0x00, 0x01, 0x00, 0x08, 0x00, 0x01, 0x00, 0x04, 0x02, 0x75, 0x00, 0x02, 0x00, 0xff,
0x00, 0x01, 0x00, 0x01, 0x00, 0x22, 0x00, 0x01, 0x00, 0x00, 0x00, 0x01, 0x00, 0x08, 0x00, 0x02,
0x00, 0x2a, 0x00, 0x12, 0x01, 0x1e, 0x01, 0x1f, 0x01, 0x9b, 0x01, 0x9d, 0x01, 0x9f, 0x01, 0xa0,
0x01, 0xa2, 0x01, 0xa4, 0x01, 0xa5, 0x01, 0xa7, 0x01, 0xa8, 0x01, 0xa9, 0x01, 0xad, 0x01, 0xae,
0x01, 0xb0, 0x01, 0xaf, 0x01, 0xac, 0x01, 0xab, 0x00, 0x01, 0x00, 0x12, 0x00, 0x5c, 0x00, 0x6a,
0x00, 0x93, 0x00, 0x94, 0x00, 0x95, 0x00, 0x96, 0x00, 0x97, 0x00, 0x98, 0x00, 0x99, 0x00, 0x9a,
0x00, 0x9b, 0x00, 0x9c, 0x00, 0xe1, 0x00, 0xe2, 0x00, 0xfa, 0x00, 0xfb, 0x01, 0x06, 0x01, 0x07,
0x00, 0x06, 0x00, 0x00, 0x00, 0x01, 0x00, 0x08, 0x00, 0x02, 0x02, 0x28, 0x00, 0x18, 0x00, 0x10,
0x00, 0x18, 0x00, 0x02, 0x00, 0x00, 0x00, 0x3a, 0x00, 0x01, 0x00, 0xf1, 0x00, 0x01, 0x00, 0x01,
0x00, 0x02, 0x00, 0x05, 0x00, 0x93, 0x00, 0x9c, 0x00, 0x01, 0x00, 0xe1, 0x00, 0xe2, 0x00, 0x01,
0x00, 0xf1, 0x00, 0xf1, 0x00, 0x02, 0x00, 0xfa, 0x00, 0xfb, 0x00, 0x01, 0x01, 0x06, 0x01, 0x07,
0x00, 0x01, 0x00, 0x15, 0x00, 0x2c, 0x00, 0x4a, 0x00, 0x68, 0x00, 0x84, 0x00, 0xa0, 0x00, 0xba,
0x00, 0xd4, 0x00, 0xec, 0x01, 0x04, 0x01, 0x1a, 0x01, 0x30, 0x01, 0x44, 0x01, 0x58, 0x01, 0x6a,
0x01, 0x7c, 0x01, 0x8c, 0x01, 0x9c, 0x01, 0xaa, 0x01, 0xb8, 0x01, 0xc4, 0x01, 0xd0, 0x00, 0x0b,
0x00, 0x01, 0x00, 0x01, 0x00, 0x01, 0x00, 0x01, 0x00, 0x01, 0x00, 0x01, 0x00, 0x01, 0x00, 0x01,
0x00, 0x01, 0x00, 0x01, 0x00, 0x02, 0x00, 0x01, 0x00, 0x00, 0x00, 0x00, 0x00, 0x00, 0x00, 0x01,
0x00, 0x0b, 0x00, 0x01, 0x00, 0x01, 0x00, 0x01, 0x00, 0x01, 0x00, 0x01, 0x00, 0x01, 0x00, 0x01,
0x00, 0x01, 0x00, 0x01, 0x00, 0x01, 0x00, 0x02, 0x00, 0x00, 0x00, 0x0a, 0x00, 0x01, 0x00, 0x01,
0x00, 0x01, 0x00, 0x01, 0x00, 0x01, 0x00, 0x01, 0x00, 0x01, 0x00, 0x01, 0x00, 0x01, 0x00, 0x02,
0x00, 0x01, 0x00, 0x00, 0x00, 0x00, 0x00, 0x00, 0x00, 0x01, 0x00, 0x0a, 0x00, 0x01, 0x00, 0x01,
0x00, 0x01, 0x00, 0x01, 0x00, 0x01, 0x00, 0x01, 0x00, 0x01, 0x00, 0x01, 0x00, 0x01, 0x00, 0x02,
0x00, 0x00, 0x00, 0x09, 0x00, 0x01, 0x00, 0x01, 0x00, 0x01, 0x00, 0x01, 0x00, 0x01, 0x00, 0x01,
0x00, 0x01, 0x00, 0x01, 0x00, 0x02, 0x00, 0x01, 0x00, 0x00, 0x00, 0x00, 0x00, 0x00, 0x00, 0x01,
0x00, 0x09, 0x00, 0x01, 0x00, 0x01, 0x00, 0x01, 0x00, 0x01, 0x00, 0x01, 0x00, 0x01, 0x00, 0x01,
0x00, 0x01, 0x00, 0x02, 0x00, 0x00, 0x00, 0x08, 0x00, 0x01, 0x00, 0x01, 0x00, 0x01, 0x00, 0x01,
0x00, 0x01, 0x00, 0x01, 0x00, 0x01, 0x00, 0x02, 0x00, 0x01, 0x00, 0x00, 0x00, 0x00, 0x00, 0x00,
0x00, 0x01, 0x00, 0x08, 0x00, 0x01, 0x00, 0x01, 0x00, 0x01, 0x00, 0x01, 0x00, 0x01, 0x00, 0x01,
0x00, 0x01, 0x00, 0x02, 0x00, 0x00, 0x00, 0x07, 0x00, 0x01, 0x00, 0x01, 0x00, 0x01, 0x00, 0x01,
0x00, 0x01, 0x00, 0x01, 0x00, 0x02, 0x00, 0x01, 0x00, 0x00, 0x00, 0x00, 0x00, 0x00, 0x00, 0x01,
0x00, 0x07, 0x00, 0x01, 0x00, 0x01, 0x00, 0x01, 0x00, 0x01, 0x00, 0x01, 0x00, 0x01, 0x00, 0x02,
0x00, 0x00, 0x00, 0x06, 0x00, 0x01, 0x00, 0x01, 0x00, 0x01, 0x00, 0x01, 0x00, 0x01, 0x00, 0x02,
0x00, 0x01, 0x00, 0x00, 0x00, 0x00, 0x00, 0x00, 0x00, 0x01, 0x00, 0x06, 0x00, 0x01, 0x00, 0x01,
0x00, 0x01, 0x00, 0x01, 0x00, 0x01, 0x00, 0x02, 0x00, 0x00, 0x00, 0x05, 0x00, 0x01, 0x00, 0x01,
0x00, 0x01, 0x00, 0x01, 0x00, 0x02, 0x00, 0x01, 0x00, 0x00, 0x00, 0x00, 0x00, 0x00, 0x00, 0x01,
0x00, 0x05, 0x00, 0x01, 0x00, 0x01, 0x00, 0x01, 0x00, 0x01, 0x00, 0x02, 0x00, 0x00, 0x00, 0x04,
0x00, 0x01, 0x00, 0x01, 0x00, 0x01, 0x00, 0x02, 0x00, 0x01, 0x00, 0x00, 0x00, 0x00, 0x00, 0x00,
0x00, 0x01, 0x00, 0x04, 0x00, 0x01, 0x00, 0x01, 0x00, 0x01, 0x00, 0x02, 0x00, 0x00, 0x00, 0x03,
0x00, 0x01, 0x00, 0x01, 0x00, 0x02, 0x00, 0x01, 0x00, 0x00, 0x00, 0x00, 0x00, 0x00, 0x00, 0x01,
0x00, 0x03, 0x00, 0x01, 0x00, 0x01, 0x00, 0x02, 0x00, 0x00, 0x00, 0x02, 0x00, 0x01, 0x00, 0x02,
0x00, 0x01, 0x00, 0x00, 0x00, 0x00, 0x00, 0x00, 0x00, 0x01, 0x00, 0x02, 0x00, 0x01, 0x00, 0x02,
0x00, 0x00, 0x00, 0x01, 0x00, 0x01, 0x00, 0x01, 0x00, 0x01, 0x00, 0x01, 0x00, 0x01, 0x00, 0x00,
0x00, 0x09, 0x00, 0x01, 0x00, 0x00, 0x00, 0x01, 0x00, 0x08, 0x00, 0x01, 0x00, 0x06, 0x00, 0x91,
0x00, 0x01, 0x00, 0x01, 0x00, 0xf1, 0x00, 0x06, 0x00, 0x00, 0x00, 0x01, 0x00, 0x08, 0x00, 0x03,
0x00, 0x00, 0x00, 0x01, 0x02, 0x14, 0x00, 0x01, 0x01, 0x56, 0x00, 0x01, 0x00, 0x00, 0x00, 0x0b,
0x00, 0x06, 0x00, 0x00, 0x00, 0x01, 0x00, 0x08, 0x00, 0x03, 0x00, 0x00, 0x00, 0x01, 0x01, 0xfa,
0x00, 0x02, 0x02, 0x16, 0x01, 0x3c, 0x00, 0x01, 0x00, 0x00, 0x00, 0x0d, 0x00, 0x06, 0x00, 0x00,
0x00, 0x01, 0x00, 0x08, 0x00, 0x03, 0x00, 0x00, 0x00, 0x01, 0x01, 0xde, 0x00, 0x03, 0x01, 0xfa,
0x01, 0xfa, 0x01, 0x20, 0x00, 0x01, 0x00, 0x00, 0x00, 0x0f, 0x00, 0x06, 0x00, 0x00, 0x00, 0x01,
0x00, 0x08, 0x00, 0x03, 0x00, 0x00, 0x00, 0x01, 0x01, 0xc0, 0x00, 0x04, 0x01, 0xdc, 0x01, 0xdc,
0x01, 0xdc, 0x01, 0x02, 0x00, 0x01, 0x00, 0x00, 0x00, 0x11, 0x00, 0x06, 0x00, 0x00, 0x00, 0x01,
0x00, 0x08, 0x00, 0x03, 0x00, 0x00, 0x00, 0x01, 0x01, 0xa0, 0x00, 0x05, 0x01, 0xbc, 0x01, 0xbc,
0x01, 0xbc, 0x01, 0xbc, 0x00, 0xe2, 0x00, 0x01, 0x00, 0x00, 0x00, 0x13, 0x00, 0x06, 0x00, 0x00,
0x00, 0x01, 0x00, 0x08, 0x00, 0x03, 0x00, 0x00, 0x00, 0x01, 0x01, 0x7e, 0x00, 0x06, 0x01, 0x9a,
0x01, 0x9a, 0x01, 0x9a, 0x01, 0x9a, 0x01, 0x9a, 0x00, 0xc0, 0x00, 0x01, 0x00, 0x00, 0x00, 0x15,
0x00, 0x06, 0x00, 0x00, 0x00, 0x01, 0x00, 0x08, 0x00, 0x03, 0x00, 0x00, 0x00, 0x01, 0x01, 0x5a,
0x00, 0x07, 0x01, 0x76, 0x01, 0x76, 0x01, 0x76, 0x01, 0x76, 0x01, 0x76, 0x01, 0x76, 0x00, 0x9c,
0x00, 0x01, 0x00, 0x00, 0x00, 0x17, 0x00, 0x06, 0x00, 0x00, 0x00, 0x01, 0x00, 0x08, 0x00, 0x03,
0x00, 0x00, 0x00, 0x01, 0x01, 0x34, 0x00, 0x08, 0x01, 0x50, 0x01, 0x50, 0x01, 0x50, 0x01, 0x50,
0x01, 0x50, 0x01, 0x50, 0x01, 0x50, 0x00, 0x76, 0x00, 0x01, 0x00, 0x00, 0x00, 0x19, 0x00, 0x06,
0x00, 0x00, 0x00, 0x01, 0x00, 0x08, 0x00, 0x03, 0x00, 0x00, 0x00, 0x01, 0x01, 0x0c, 0x00, 0x09,
0x01, 0x28, 0x01, 0x28, 0x01, 0x28, 0x01, 0x28, 0x01, 0x28, 0x01, 0x28, 0x01, 0x28, 0x01, 0x28,
0x00, 0x4e, 0x00, 0x01, 0x00, 0x00, 0x00, 0x1b, 0x00, 0x06, 0x00, 0x00, 0x00, 0x01, 0x00, 0x08,
0x00, 0x03, 0x00, 0x00, 0x00, 0x01, 0x00, 0xe2, 0x00, 0x0a, 0x00, 0xfe, 0x00, 0xfe, 0x00, 0xfe,
0x00, 0xfe, 0x00, 0xfe, 0x00, 0xfe, 0x00, 0xfe, 0x00, 0xfe, 0x00, 0xfe, 0x00, 0x24, 0x00, 0x01,
0x00, 0x00, 0x00, 0x1d, 0x00, 0x01, 0x00, 0x01, 0x01, 0x82, 0x00, 0x01, 0x00, 0x00, 0x00, 0x01,
0x00, 0x08, 0x00, 0x02, 0x00, 0xb0, 0x00, 0x10, 0x01, 0x9b, 0x01, 0x9d, 0x01, 0x9f, 0x01, 0xa0,
0x01, 0xa2, 0x01, 0xa4, 0x01, 0xa5, 0x01, 0xa7, 0x01, 0xa8, 0x01, 0xa9, 0x01, 0xad, 0x01, 0xae,
0x01, 0xb0, 0x01, 0xaf, 0x01, 0xac, 0x01, 0xab, 0x00, 0x06, 0x00, 0x00, 0x00, 0x01, 0x00, 0x08,
0x00, 0x03, 0x00, 0x01, 0x00, 0x12, 0x00, 0x01, 0x00, 0x82, 0x00, 0x00, 0x00, 0x01, 0x00, 0x00,
0x00, 0x1f, 0x00, 0x01, 0x00, 0x11, 0x01, 0x82, 0x01, 0x83, 0x01, 0x85, 0x01, 0x87, 0x01, 0x88,
0x01, 0x8a, 0x01, 0x8c, 0x01, 0x8d, 0x01, 0x8f, 0x01, 0x90, 0x01, 0x91, 0x01, 0x93, 0x01, 0x94,
0x01, 0x95, 0x01, 0x96, 0x01, 0x97, 0x01, 0x98, 0x00, 0x01, 0x00, 0x00, 0x00, 0x01, 0x00, 0x08,
0x00, 0x02, 0x00, 0x42, 0x00, 0x10, 0x01, 0x83, 0x01, 0x85, 0x01, 0x87, 0x01, 0x88, 0x01, 0x8a,
0x01, 0x8c, 0x01, 0x8d, 0x01, 0x8f, 0x01, 0x90, 0x01, 0x91, 0x01, 0x95, 0x01, 0x96, 0x01, 0x98,
0x01, 0x97, 0x01, 0x94, 0x01, 0x93, 0x00, 0x06, 0x00, 0x00, 0x00, 0x01, 0x00, 0x08, 0x00, 0x03,
0x00, 0x01, 0x00, 0x14, 0x00, 0x01, 0x00, 0x62, 0x00, 0x01, 0x00, 0x30, 0x00, 0x01, 0x00, 0x00,
0x00, 0x21, 0x00, 0x02, 0x00, 0x04, 0x00, 0x93, 0x00, 0x9c, 0x00, 0x00, 0x00, 0xe1, 0x00, 0xe2,
0x00, 0x0a, 0x00, 0xfa, 0x00, 0xfb, 0x00, 0x0c, 0x01, 0x06, 0x01, 0x07, 0x00, 0x0e, 0x00, 0x01,
0x00, 0x10, 0x01, 0x9b, 0x01, 0x9d, 0x01, 0x9f, 0x01, 0xa0, 0x01, 0xa2, 0x01, 0xa4, 0x01, 0xa5,
0x01, 0xa7, 0x01, 0xa8, 0x01, 0xa9, 0x01, 0xab, 0x01, 0xac, 0x01, 0xad, 0x01, 0xae, 0x01, 0xaf,
0x01, 0xb0, 0x00, 0x01, 0x00, 0x00, 0x00, 0x01, 0x00, 0x08, 0x00, 0x01, 0x00, 0x06, 0x00, 0x02,
0x00, 0x01, 0x00, 0x01, 0x01, 0xc0, 0x00, 0x01, 0x00, 0x00, 0x00, 0x01, 0x00, 0x08, 0x00, 0x02,
0x00, 0x46, 0x00, 0x20, 0x02, 0x7e, 0x00, 0xe8, 0x00, 0xe9, 0x00, 0xea, 0x00, 0xeb, 0x00, 0xec,
0x00, 0xed, 0x00, 0xee, 0x00, 0xf6, 0x00, 0xfd, 0x01, 0x0c, 0x01, 0x0d, 0x01, 0x0e, 0x01, 0x0f,
0x01, 0x10, 0x01, 0x11, 0x01, 0x12, 0x01, 0x13, 0x01, 0x18, 0x01, 0xd1, 0x01, 0xd2, 0x01, 0xd3,
0x01, 0xd4, 0x01, 0xd5, 0x01, 0xd6, 0x01, 0xd7, 0x01, 0xd8, 0x01, 0xd9, 0x01, 0xda, 0x01, 0xdb,
0x01, 0xdc, 0x01, 0xdd, 0x00, 0x02, 0x00, 0x07, 0x00, 0xdc, 0x00, 0xdc, 0x00, 0x00, 0x00, 0xe1,
0x00, 0xe7, 0x00, 0x01, 0x00, 0xf5, 0x00, 0xf5, 0x00, 0x08, 0x00, 0xfc, 0x00, 0xfc, 0x00, 0x09,
0x01, 0x04, 0x01, 0x0b, 0x00, 0x0a, 0x01, 0x17, 0x01, 0x17, 0x00, 0x12, 0x01, 0xc4, 0x01, 0xd0,
0x00, 0x13, 0x00, 0x04, 0x00, 0x00, 0x00, 0x01, 0x00, 0x08, 0x00, 0x01, 0x01, 0x2c, 0x00, 0x04,
0x00, 0x0e, 0x00, 0x3c, 0x00, 0x8a, 0x00, 0xa2, 0x00, 0x0a, 0x00, 0x16, 0x00, 0x3e, 0x00, 0x48,
0x00, 0x52, 0x00, 0x5c, 0x00, 0x20, 0x00, 0x66, 0x00, 0x6e, 0x00, 0x28, 0x00, 0x76, 0x01, 0xca,
0x00, 0x04, 0x00, 0xf5, 0x00, 0xf5, 0x01, 0x05, 0x01, 0xc9, 0x00, 0x03, 0x00, 0xf5, 0x01, 0x05,
0x01, 0xc8, 0x00, 0x02, 0x01, 0x05, 0x00, 0x07, 0x00, 0x10, 0x00, 0x1a, 0x00, 0x24, 0x00, 0x2e,
0x00, 0x38, 0x00, 0x40, 0x00, 0x48, 0x01, 0xd7, 0x00, 0x04, 0x00, 0xf5, 0x00, 0xf5, 0x01, 0x0d,
0x01, 0xd7, 0x00, 0x04, 0x00, 0xf5, 0x00, 0xf6, 0x01, 0x0d, 0x01, 0xd7, 0x00, 0x04, 0x00, 0xf6,
0x00, 0xf5, 0x01, 0x0d, 0x01, 0xd7, 0x00, 0x04, 0x00, 0xf6, 0x00, 0xf6, 0x01, 0x0d, 0x01, 0xd6,
0x00, 0x03, 0x00, 0xf5, 0x01, 0x0d, 0x01, 0xd6, 0x00, 0x03, 0x00, 0xf6, 0x01, 0x0d, 0x01, 0xd5,
0x00, 0x02, 0x01, 0x0d, 0x00, 0x02, 0x00, 0x06, 0x00, 0x10, 0x01, 0xc6, 0x00, 0x04, 0x00, 0xf5,
0x00, 0xf5, 0x00, 0xf5, 0x01, 0xc5, 0x00, 0x03, 0x00, 0xf5, 0x00, 0xf5, 0x00, 0x0c, 0x00, 0x1a,
0x00, 0x24, 0x00, 0x2e, 0x00, 0x38, 0x00, 0x42, 0x00, 0x4c, 0x00, 0x56, 0x00, 0x60, 0x00, 0x6a,
0x00, 0x72, 0x00, 0x7a, 0x00, 0x82, 0x01, 0xd3, 0x00, 0x04, 0x00, 0xf5, 0x00, 0xf5, 0x00, 0xf5,
0x01, 0xd3, 0x00, 0x04, 0x00, 0xf5, 0x00, 0xf5, 0x00, 0xf6, 0x01, 0xd3, 0x00, 0x04, 0x00, 0xf5,
0x00, 0xf6, 0x00, 0xf5, 0x01, 0xd3, 0x00, 0x04, 0x00, 0xf5, 0x00, 0xf6, 0x00, 0xf6, 0x01, 0xd3,
0x00, 0x04, 0x00, 0xf6, 0x00, 0xf5, 0x00, 0xf5, 0x01, 0xd3, 0x00, 0x04, 0x00, 0xf6, 0x00, 0xf5,
0x00, 0xf6, 0x01, 0xd3, 0x00, 0x04, 0x00, 0xf6, 0x00, 0xf6, 0x00, 0xf5, 0x01, 0xd3, 0x00, 0x04,
0x00, 0xf6, 0x00, 0xf6, 0x00, 0xf6, 0x01, 0xd2, 0x00, 0x03, 0x00, 0xf5, 0x00, 0xf5, 0x01, 0xd2,
0x00, 0x03, 0x00, 0xf5, 0x00, 0xf6, 0x01, 0xd2, 0x00, 0x03, 0x00, 0xf6, 0x00, 0xf5, 0x01, 0xd2,
0x00, 0x03, 0x00, 0xf6, 0x00, 0xf6, 0x00, 0x01, 0x00, 0x04, 0x00, 0xf5, 0x00, 0xf6, 0x01, 0x04,
0x01, 0x0c, 0x00, 0x06, 0x00, 0x00, 0x00, 0x04, 0x00, 0x0e, 0x00, 0x1e, 0x00, 0x38, 0x00, 0x4a,
0x00, 0x03, 0x00, 0x00, 0x00, 0x02, 0x00, 0x5e, 0x02, 0xd8, 0x00, 0x01, 0x00, 0x20, 0x00, 0x00,
0x00, 0x03, 0x00, 0x00, 0x00, 0x02, 0x00, 0x6e, 0x02, 0xea, 0x00, 0x01, 0x00, 0x10, 0x00, 0x00,
0x00, 0x02, 0x00, 0x01, 0x00, 0x93, 0x00, 0xb2, 0x00, 0x00, 0x00, 0x03, 0x00, 0x00, 0x00, 0x02,
0x00, 0x34, 0x02, 0xae, 0x00, 0x00, 0x00, 0x01, 0x00, 0x00, 0x00, 0x25, 0x00, 0x03, 0x00, 0x00,
0x00, 0x02, 0x00, 0x42, 0x02, 0xbe, 0x00, 0x00, 0x00, 0x01, 0x00, 0x00, 0x00, 0x26, 0x00, 0x04,
0x00, 0x00, 0x00, 0x01, 0x00, 0x08, 0x00, 0x01, 0x00, 0x08, 0x00, 0x01, 0x00, 0x0e, 0x00, 0x01,
0x00, 0x01, 0x01, 0x04, 0x00, 0x01, 0x00, 0x04, 0x01, 0xc4, 0x00, 0x02, 0x00, 0xf5, 0x00, 0x04,
0x00, 0x00, 0x00, 0x01, 0x00, 0x08, 0x00, 0x01, 0x00, 0x08, 0x00, 0x01, 0x00, 0x0e, 0x00, 0x01,
0x00, 0x01, 0x01, 0x0c, 0x00, 0x02, 0x00, 0x06, 0x00, 0x0c, 0x01, 0xd1, 0x00, 0x02, 0x00, 0xf5,
0x01, 0xd1, 0x00, 0x02, 0x00, 0xf6, 0x00, 0x04, 0x00, 0x00, 0x00, 0x01, 0x00, 0x08, 0x00, 0x01,
0x01, 0x7e, 0x00, 0x08, 0x00, 0x16, 0x00, 0x4c, 0x00, 0x66, 0x01, 0x28, 0x01, 0x46, 0x01, 0x50,
0x01, 0x5a, 0x01, 0x6c, 0x00, 0x07, 0x00, 0x10, 0x00, 0x1a, 0x00, 0x22, 0x00, 0x2a, 0x01, 0x06,
0x00, 0x30, 0x01, 0x0c, 0x01, 0xd0, 0x00, 0x04, 0x01, 0x06, 0x01, 0x06, 0x01, 0x05, 0x01, 0xcf,
0x00, 0x03, 0x01, 0x06, 0x01, 0x05, 0x01, 0xc7, 0x00, 0x03, 0x01, 0x06, 0x01, 0x06, 0x01, 0xcd,
0x00, 0x02, 0x01, 0xc8, 0x01, 0xce, 0x00, 0x02, 0x01, 0xc9, 0x00, 0x05, 0x00, 0x0c, 0x00, 0xe4,
0x00, 0xec, 0x00, 0x14, 0x00, 0xf4, 0x01, 0xcc, 0x00, 0x03, 0x01, 0x06, 0x01, 0x05, 0x01, 0xcb,
0x00, 0x02, 0x01, 0x05, 0x00, 0x12, 0x00, 0x26, 0x00, 0x30, 0x00, 0x3a, 0x00, 0x44, 0x00, 0x4e,
0x00, 0x58, 0x00, 0x62, 0x00, 0x6c, 0x00, 0x76, 0x00, 0x7e, 0x00, 0x86, 0x00, 0x8e, 0x00, 0x96,
0x00, 0x9e, 0x00, 0xa6, 0x00, 0xae, 0x00, 0xb6, 0x00, 0xbc, 0x01, 0xdd, 0x00, 0x04, 0x01, 0x06,
0x01, 0x06, 0x01, 0x05, 0x01, 0xdd, 0x00, 0x04, 0x01, 0x06, 0x01, 0x06, 0x01, 0x0d, 0x01, 0xdd,
0x00, 0x04, 0x01, 0x06, 0x01, 0x0e, 0x01, 0x05, 0x01, 0xdd, 0x00, 0x04, 0x01, 0x06, 0x01, 0x0e,
0x01, 0x0d, 0x01, 0xdd, 0x00, 0x04, 0x01, 0x0e, 0x01, 0x06, 0x01, 0x05, 0x01, 0xdd, 0x00, 0x04,
0x01, 0x0e, 0x01, 0x06, 0x01, 0x0d, 0x01, 0xdd, 0x00, 0x04, 0x01, 0x0e, 0x01, 0x0e, 0x01, 0x05,
0x01, 0xdd, 0x00, 0x04, 0x01, 0x0e, 0x01, 0x0e, 0x01, 0x0d, 0x01, 0xdc, 0x00, 0x03, 0x01, 0x06,
0x01, 0x05, 0x01, 0xdc, 0x00, 0x03, 0x01, 0x06, 0x01, 0x0d, 0x01, 0xdc, 0x00, 0x03, 0x01, 0x0e,
0x01, 0x05, 0x01, 0xdc, 0x00, 0x03, 0x01, 0x0e, 0x01, 0x0d, 0x01, 0xd4, 0x00, 0x03, 0x01, 0x06,
0x01, 0x06, 0x01, 0xd4, 0x00, 0x03, 0x01, 0x06, 0x01, 0x0e, 0x01, 0xd4, 0x00, 0x03, 0x01, 0x0e,
0x01, 0x06, 0x01, 0xd4, 0x00, 0x03, 0x01, 0x0e, 0x01, 0x0e, 0x01, 0xda, 0x00, 0x02, 0x01, 0xd5,
0x01, 0xdb, 0x00, 0x02, 0x01, 0xd6, 0x00, 0x03, 0x00, 0x08, 0x00, 0x10, 0x00, 0x18, 0x01, 0xd9,
0x00, 0x03, 0x01, 0x06, 0x01, 0x0d, 0x01, 0xd9, 0x00, 0x03, 0x01, 0x0e, 0x01, 0x0d, 0x01, 0xd8,
0x00, 0x02, 0x01, 0x0d, 0x00, 0x01, 0x00, 0x04, 0x01, 0xcd, 0x00, 0x02, 0x01, 0x05, 0x00, 0x01,
0x00, 0x04, 0x01, 0xce, 0x00, 0x02, 0x01, 0x05, 0x00, 0x02, 0x00, 0x06, 0x00, 0x0c, 0x01, 0xda,
0x00, 0x02, 0x01, 0x05, 0x01, 0xda, 0x00, 0x02, 0x01, 0x0d, 0x00, 0x02, 0x00, 0x06, 0x00, 0x0c,
0x01, 0xdb, 0x00, 0x02, 0x01, 0x05, 0x01, 0xdb, 0x00, 0x02, 0x01, 0x0d, 0x00, 0x01, 0x00, 0x08,
0x01, 0x04, 0x01, 0x06, 0x01, 0x0c, 0x01, 0x0e, 0x01, 0xc4, 0x01, 0xc5, 0x01, 0xd1, 0x01, 0xd2,
0x00, 0x06, 0x00, 0x00, 0x00, 0x3a, 0x00, 0x7a, 0x00, 0x94, 0x00, 0xb6, 0x00, 0xda, 0x00, 0xec,
0x01, 0x00, 0x01, 0x16, 0x01, 0x2e, 0x01, 0x4e, 0x01, 0x60, 0x01, 0x74, 0x01, 0x8a, 0x01, 0xa2,
0x01, 0xc2, 0x01, 0xd4, 0x01, 0xe8, 0x01, 0xfe, 0x02, 0x16, 0x02, 0x36, 0x02, 0x46, 0x02, 0x58,
0x02, 0x6c, 0x02, 0x7e, 0x02, 0x8e, 0x02, 0xa0, 0x02, 0xb4, 0x02, 0xca, 0x02, 0xe2, 0x03, 0x3a,
0x03, 0x4c, 0x03, 0x60, 0x03, 0x76, 0x03, 0x8e, 0x03, 0xa8, 0x03, 0xbc, 0x03, 0xd2, 0x03, 0xea,
0x04, 0x00, 0x04, 0x18, 0x04, 0x32, 0x04, 0x4a, 0x04, 0x64, 0x04, 0xd0, 0x05, 0x0a, 0x05, 0x20,
0x05, 0x38, 0x05, 0x52, 0x05, 0x6e, 0x05, 0x98, 0x05, 0xae, 0x05, 0xc6, 0x05, 0xe0, 0x05, 0xfc,
0x06, 0x26, 0x06, 0x3c, 0x06, 0x54, 0x06, 0x6e, 0x06, 0x8a, 0x00, 0x03, 0x00, 0x00, 0x00, 0x01,
0x00, 0x14, 0x00, 0x02, 0x00, 0x50, 0x00, 0x34, 0x00, 0x01, 0x00, 0x00, 0x00, 0x29, 0x00, 0x01,
0x00, 0x01, 0x00, 0xfc, 0x00, 0x03, 0x00, 0x01, 0x00, 0x3e, 0x00, 0x01, 0x00, 0x14, 0x00, 0x01,
0x00, 0x1a, 0x00, 0x01, 0x00, 0x00, 0x00, 0x29, 0x00, 0x01, 0x00, 0x01, 0x00, 0xf5, 0x00, 0x01,
0x00, 0x02, 0x00, 0xe2, 0x00, 0xe9, 0x00, 0x03, 0x00, 0x02, 0x00, 0x14, 0x00, 0x1c, 0x00, 0x01,
0x04, 0xdc, 0x00, 0x00, 0x00, 0x01, 0x00, 0x00, 0x00, 0x29, 0x00, 0x01, 0x00, 0x02, 0x00, 0xf5,
0x00, 0xf6, 0x00, 0x01, 0x00, 0x02, 0x00, 0xfc, 0x00, 0xfd, 0x00, 0x03, 0x00, 0x03, 0x05, 0xce,
0x05, 0xce, 0x00, 0x6e, 0x00, 0x01, 0x04, 0xb8, 0x00, 0x00, 0x00, 0x00, 0x00, 0x03, 0x00, 0x04,
0x05, 0xbc, 0x05, 0xbc, 0x05, 0xbc, 0x00, 0x5c, 0x00, 0x01, 0x04, 0xa6, 0x00, 0x00, 0x00, 0x00,
0x00, 0x03, 0x00, 0x05, 0x05, 0xa8, 0x05, 0xa8, 0x05, 0xa8, 0x05, 0xa8, 0x00, 0x48, 0x00, 0x01,
0x04, 0x92, 0x00, 0x00, 0x00, 0x00, 0x00, 0x03, 0x00, 0x06, 0x05, 0x92, 0x05, 0x92, 0x05, 0x92,
0x05, 0x92, 0x05, 0x92, 0x00, 0x32, 0x00, 0x01, 0x04, 0x7c, 0x00, 0x00, 0x00, 0x00, 0x00, 0x03,
0x00, 0x07, 0x05, 0x7a, 0x05, 0x7a, 0x05, 0x7a, 0x05, 0x7a, 0x05, 0x7a, 0x05, 0x7a, 0x00, 0x1a,
0x00, 0x01, 0x04, 0x64, 0x00, 0x00, 0x00, 0x00, 0x00, 0x01, 0x00, 0x01, 0x00, 0xe1, 0x00, 0x03,
0x00, 0x03, 0x05, 0x5a, 0x05, 0x5a, 0x00, 0x6e, 0x00, 0x01, 0x04, 0xd2, 0x00, 0x00, 0x00, 0x00,
0x00, 0x03, 0x00, 0x04, 0x05, 0x48, 0x05, 0x48, 0x05, 0x48, 0x00, 0x5c, 0x00, 0x01, 0x04, 0xc0,
0x00, 0x00, 0x00, 0x00, 0x00, 0x03, 0x00, 0x05, 0x05, 0x34, 0x05, 0x34, 0x05, 0x34, 0x05, 0x34,
0x00, 0x48, 0x00, 0x01, 0x04, 0xac, 0x00, 0x00, 0x00, 0x00, 0x00, 0x03, 0x00, 0x06, 0x05, 0x1e,
0x05, 0x1e, 0x05, 0x1e, 0x05, 0x1e, 0x05, 0x1e, 0x00, 0x32, 0x00, 0x01, 0x04, 0x96, 0x00, 0x00,
0x00, 0x00, 0x00, 0x03, 0x00, 0x07, 0x05, 0x06, 0x05, 0x06, 0x05, 0x06, 0x05, 0x06, 0x05, 0x06,
0x05, 0x06, 0x00, 0x1a, 0x00, 0x01, 0x04, 0x7e, 0x00, 0x00, 0x00, 0x00, 0x00, 0x01, 0x00, 0x01,
0x00, 0xe5, 0x00, 0x03, 0x00, 0x03, 0x04, 0xe6, 0x04, 0xe6, 0x00, 0x6e, 0x00, 0x01, 0x05, 0x2c,
0x00, 0x00, 0x00, 0x00, 0x00, 0x03, 0x00, 0x04, 0x04, 0xd4, 0x04, 0xd4, 0x04, 0xd4, 0x00, 0x5c,
0x00, 0x01, 0x05, 0x1a, 0x00, 0x00, 0x00, 0x00, 0x00, 0x03, 0x00, 0x05, 0x04, 0xc0, 0x04, 0xc0,
0x04, 0xc0, 0x04, 0xc0, 0x00, 0x48, 0x00, 0x01, 0x05, 0x06, 0x00, 0x00, 0x00, 0x00, 0x00, 0x03,
0x00, 0x06, 0x04, 0xaa, 0x04, 0xaa, 0x04, 0xaa, 0x04, 0xaa, 0x04, 0xaa, 0x00, 0x32, 0x00, 0x01,
0x04, 0xf0, 0x00, 0x00, 0x00, 0x00, 0x00, 0x03, 0x00, 0x07, 0x04, 0x92, 0x04, 0x92, 0x04, 0x92,
0x04, 0x92, 0x04, 0x92, 0x04, 0x92, 0x00, 0x1a, 0x00, 0x01, 0x04, 0xd8, 0x00, 0x00, 0x00, 0x00,
0x00, 0x01, 0x00, 0x01, 0x00, 0xe3, 0x00, 0x03, 0x00, 0x01, 0x02, 0x54, 0x00, 0x01, 0x05, 0x0a,
0x00, 0x01, 0x00, 0xbe, 0x00, 0x00, 0x00, 0x03, 0x00, 0x01, 0x02, 0x44, 0x00, 0x01, 0x04, 0xfa,
0x00, 0x02, 0x02, 0x3a, 0x00, 0xae, 0x00, 0x00, 0x00, 0x03, 0x00, 0x01, 0x02, 0x32, 0x00, 0x01,
0x04, 0xe8, 0x00, 0x03, 0x02, 0x28, 0x02, 0x28, 0x00, 0x9c, 0x00, 0x00, 0x00, 0x03, 0x00, 0x01,
0x02, 0x1e, 0x00, 0x01, 0x04, 0xd4, 0x00, 0x00, 0x00, 0x01, 0x00, 0x00, 0x00, 0x29, 0x00, 0x03,
0x00, 0x01, 0x00, 0x76, 0x00, 0x01, 0x04, 0xc2, 0x00, 0x01, 0x02, 0x0c, 0x00, 0x00, 0x00, 0x03,
0x00, 0x02, 0x04, 0xb2, 0x00, 0x66, 0x00, 0x01, 0x04, 0xb2, 0x00, 0x01, 0x01, 0xfc, 0x00, 0x00,
0x00, 0x03, 0x00, 0x03, 0x04, 0xa0, 0x04, 0xa0, 0x00, 0x54, 0x00, 0x01, 0x04, 0xa0, 0x00, 0x01,
0x01, 0xea, 0x00, 0x00, 0x00, 0x03, 0x00, 0x04, 0x04, 0x8c, 0x04, 0x8c, 0x04, 0x8c, 0x00, 0x40,
0x00, 0x01, 0x04, 0x8c, 0x00, 0x01, 0x01, 0xd6, 0x00, 0x00, 0x00, 0x03, 0x00, 0x05, 0x04, 0x76,
0x04, 0x76, 0x04, 0x76, 0x04, 0x76, 0x00, 0x2a, 0x00, 0x01, 0x04, 0x76, 0x00, 0x01, 0x01, 0xc0,
0x00, 0x00, 0x00, 0x03, 0x00, 0x01, 0x00, 0x12, 0x00, 0x01, 0x04, 0x5e, 0x00, 0x02, 0x04, 0x5e,
0x01, 0xa8, 0x00, 0x00, 0x00, 0x02, 0x00, 0x0b, 0x00, 0x3d, 0x00, 0x44, 0x00, 0x00, 0x00, 0x4c,
0x00, 0x56, 0x00, 0x08, 0x00, 0x5a, 0x00, 0x5c, 0x00, 0x13, 0x00, 0x5e, 0x00, 0x61, 0x00, 0x16,
0x00, 0x63, 0x00, 0x66, 0x00, 0x1a, 0x00, 0x69, 0x00, 0x77, 0x00, 0x1e, 0x00, 0x79, 0x00, 0x79,
0x00, 0x2d, 0x00, 0x7b, 0x00, 0x7c, 0x00, 0x2e, 0x00, 0x7e, 0x00, 0x80, 0x00, 0x30, 0x00, 0x86,
0x00, 0x8c, 0x00, 0x33, 0x00, 0x8e, 0x00, 0x8e, 0x00, 0x3a, 0x00, 0x03, 0x00, 0x00, 0x00, 0x01,
0x04, 0x06, 0x00, 0x01, 0x01, 0x50, 0x00, 0x01, 0x00, 0x00, 0x00, 0x29, 0x00, 0x03, 0x00, 0x00,
0x00, 0x01, 0x03, 0xf4, 0x00, 0x02, 0x03, 0xf4, 0x01, 0x3e, 0x00, 0x01, 0x00, 0x00, 0x00, 0x29,
0x00, 0x03, 0x00, 0x00, 0x00, 0x01, 0x03, 0xe0, 0x00, 0x03, 0x03, 0xe0, 0x03, 0xe0, 0x01, 0x2a,
0x00, 0x01, 0x00, 0x00, 0x00, 0x29, 0x00, 0x03, 0x00, 0x00, 0x00, 0x01, 0x03, 0xca, 0x00, 0x04,
0x03, 0xca, 0x03, 0xca, 0x03, 0xca, 0x01, 0x14, 0x00, 0x01, 0x00, 0x00, 0x00, 0x29, 0x00, 0x03,
0x00, 0x00, 0x00, 0x01, 0x03, 0xb2, 0x00, 0x05, 0x03, 0xb2, 0x03, 0xb2, 0x03, 0xb2, 0x03, 0xb2,
0x00, 0xfc, 0x00, 0x01, 0x00, 0x00, 0x00, 0x29, 0x00, 0x03, 0x00, 0x01, 0x00, 0xe2, 0x00, 0x01,
0x03, 0x98, 0x00, 0x01, 0x00, 0xe2, 0x00, 0x01, 0x00, 0x00, 0x00, 0x29, 0x00, 0x03, 0x00, 0x01,
0x00, 0xce, 0x00, 0x01, 0x03, 0x84, 0x00, 0x02, 0x00, 0xc4, 0x00, 0xce, 0x00, 0x01, 0x00, 0x00,
0x00, 0x29, 0x00, 0x03, 0x00, 0x01, 0x00, 0xb8, 0x00, 0x01, 0x03, 0x6e, 0x00, 0x03, 0x00, 0xae,
0x00, 0xae, 0x00, 0xb8, 0x00, 0x01, 0x00, 0x00, 0x00, 0x29, 0x00, 0x03, 0x00, 0x02, 0x00, 0x96,
0x00, 0xa0, 0x00, 0x01, 0x03, 0x56, 0x00, 0x01, 0x00, 0xa0, 0x00, 0x01, 0x00, 0x00, 0x00, 0x29,
0x00, 0x03, 0x00, 0x02, 0x00, 0x80, 0x00, 0x8a, 0x00, 0x01, 0x03, 0x40, 0x00, 0x02, 0x00, 0x80,
0x00, 0x8a, 0x00, 0x01, 0x00, 0x00, 0x00, 0x29, 0x00, 0x03, 0x00, 0x02, 0x00, 0x68, 0x00, 0x72,
0x00, 0x01, 0x03, 0x28, 0x00, 0x03, 0x00, 0x68, 0x00, 0x68, 0x00, 0x72, 0x00, 0x01, 0x00, 0x00,
0x00, 0x29, 0x00, 0x03, 0x00, 0x03, 0x00, 0x4e, 0x00, 0x4e, 0x00, 0x58, 0x00, 0x01, 0x03, 0x0e,
0x00, 0x01, 0x00, 0x58, 0x00, 0x01, 0x00, 0x00, 0x00, 0x29, 0x00, 0x03, 0x00, 0x03, 0x00, 0x36,
0x00, 0x36, 0x00, 0x40, 0x00, 0x01, 0x02, 0xf6, 0x00, 0x02, 0x00, 0x36, 0x00, 0x40, 0x00, 0x01,
0x00, 0x00, 0x00, 0x29, 0x00, 0x03, 0x00, 0x03, 0x00, 0x1c, 0x00, 0x1c, 0x00, 0x26, 0x00, 0x01,
0x02, 0xdc, 0x00, 0x03, 0x00, 0x1c, 0x00, 0x1c, 0x00, 0x26, 0x00, 0x01, 0x00, 0x00, 0x00, 0x29,
0x00, 0x01, 0x00, 0x03, 0x01, 0xc0, 0x01, 0xc1, 0x01, 0xc2, 0x00, 0x02, 0x00, 0x0b, 0x00, 0x01,
0x00, 0x13, 0x00, 0x00, 0x00, 0x15, 0x00, 0x1a, 0x00, 0x13, 0x00, 0x20, 0x00, 0x3c, 0x00, 0x19,
0x00, 0x8d, 0x00, 0x8d, 0x00, 0x36, 0x00, 0x8f, 0x00, 0xb2, 0x00, 0x37, 0x00, 0xda, 0x00, 0xe0,
0x00, 0x5b, 0x00, 0xf2, 0x00, 0xf2, 0x00, 0x62, 0x01, 0x20, 0x01, 0x20, 0x00, 0x63, 0x01, 0xb3,
0x01, 0xb6, 0x00, 0x64, 0x01, 0xc3, 0x01, 0xc3, 0x00, 0x68, 0x02, 0x74, 0x02, 0x75, 0x00, 0x69,
0x00, 0x03, 0x00, 0x01, 0x00, 0x12, 0x00, 0x01, 0x02, 0x70, 0x00, 0x00, 0x00, 0x01, 0x00, 0x00,
0x00, 0x29, 0x00, 0x02, 0x00, 0x06, 0x00, 0xe8, 0x00, 0xee, 0x00, 0x00, 0x00, 0xf6, 0x00, 0xf6,
0x00, 0x07, 0x00, 0xfd, 0x00, 0xfd, 0x00, 0x08, 0x01, 0x0c, 0x01, 0x13, 0x00, 0x09, 0x01, 0x18,
0x01, 0x18, 0x00, 0x11, 0x01, 0xd1, 0x01, 0xdd, 0x00, 0x12, 0x00, 0x03, 0x00, 0x03, 0x01, 0x9e,
0x01, 0x9e, 0x00, 0x82, 0x00, 0x01, 0x00, 0x88, 0x00, 0x00, 0x00, 0x01, 0x00, 0x00, 0x00, 0x29,
0x00, 0x03, 0x00, 0x04, 0x01, 0x88, 0x01, 0x88, 0x01, 0x88, 0x00, 0x6c, 0x00, 0x01, 0x00, 0x72,
0x00, 0x00, 0x00, 0x01, 0x00, 0x00, 0x00, 0x29, 0x00, 0x03, 0x00, 0x05, 0x01, 0x70, 0x01, 0x70,
0x01, 0x70, 0x01, 0x70, 0x00, 0x54, 0x00, 0x01, 0x00, 0x5a, 0x00, 0x00, 0x00, 0x01, 0x00, 0x00,
0x00, 0x29, 0x00, 0x03, 0x00, 0x06, 0x01, 0x56, 0x01, 0x56, 0x01, 0x56, 0x01, 0x56, 0x01, 0x56,
0x00, 0x3a, 0x00, 0x01, 0x00, 0x40, 0x00, 0x00, 0x00, 0x01, 0x00, 0x00, 0x00, 0x29, 0x00, 0x03,
0x00, 0x07, 0x01, 0x3a, 0x01, 0x3a, 0x01, 0x3a, 0x01, 0x3a, 0x01, 0x3a, 0x01, 0x3a, 0x00, 0x1e,
0x00, 0x01, 0x00, 0x24, 0x00, 0x00, 0x00, 0x01, 0x00, 0x00, 0x00, 0x29, 0x00, 0x01, 0x00, 0x01,
0x00, 0xe8, 0x00, 0x01, 0x00, 0x01, 0x00, 0xe2, 0x00, 0x03, 0x00, 0x03, 0x01, 0x10, 0x01, 0x10,
0x00, 0x82, 0x00, 0x01, 0x00, 0x88, 0x00, 0x00, 0x00, 0x01, 0x00, 0x00, 0x00, 0x29, 0x00, 0x03,
0x00, 0x04, 0x00, 0xfa, 0x00, 0xfa, 0x00, 0xfa, 0x00, 0x6c, 0x00, 0x01, 0x00, 0x72, 0x00, 0x00,
0x00, 0x01, 0x00, 0x00, 0x00, 0x29, 0x00, 0x03, 0x00, 0x05, 0x00, 0xe2, 0x00, 0xe2, 0x00, 0xe2,
0x00, 0xe2, 0x00, 0x54, 0x00, 0x01, 0x00, 0x5a, 0x00, 0x00, 0x00, 0x01, 0x00, 0x00, 0x00, 0x29,
0x00, 0x03, 0x00, 0x06, 0x00, 0xc8, 0x00, 0xc8, 0x00, 0xc8, 0x00, 0xc8, 0x00, 0xc8, 0x00, 0x3a,
0x00, 0x01, 0x00, 0x40, 0x00, 0x00, 0x00, 0x01, 0x00, 0x00, 0x00, 0x29, 0x00, 0x03, 0x00, 0x07,
0x00, 0xac, 0x00, 0xac, 0x00, 0xac, 0x00, 0xac, 0x00, 0xac, 0x00, 0xac, 0x00, 0x1e, 0x00, 0x01,
0x00, 0x24, 0x00, 0x00, 0x00, 0x01, 0x00, 0x00, 0x00, 0x29, 0x00, 0x01, 0x00, 0x01, 0x00, 0xec,
0x00, 0x01, 0x00, 0x01, 0x00, 0xe6, 0x00, 0x03, 0x00, 0x03, 0x00, 0x82, 0x00, 0x82, 0x00, 0xc2,
0x00, 0x01, 0x00, 0xc8, 0x00, 0x00, 0x00, 0x01, 0x00, 0x00, 0x00, 0x29, 0x00, 0x03, 0x00, 0x04,
0x00, 0x6c, 0x00, 0x6c, 0x00, 0x6c, 0x00, 0xac, 0x00, 0x01, 0x00, 0xb2, 0x00, 0x00, 0x00, 0x01,
0x00, 0x00, 0x00, 0x29, 0x00, 0x03, 0x00, 0x05, 0x00, 0x54, 0x00, 0x54, 0x00, 0x54, 0x00, 0x54,
0x00, 0x94, 0x00, 0x01, 0x00, 0x9a, 0x00, 0x00, 0x00, 0x01, 0x00, 0x00, 0x00, 0x29, 0x00, 0x03,
0x00, 0x06, 0x00, 0x3a, 0x00, 0x3a, 0x00, 0x3a, 0x00, 0x3a, 0x00, 0x3a, 0x00, 0x7a, 0x00, 0x01,
0x00, 0x80, 0x00, 0x00, 0x00, 0x01, 0x00, 0x00, 0x00, 0x29, 0x00, 0x03, 0x00, 0x07, 0x00, 0x1e,
0x00, 0x1e, 0x00, 0x1e, 0x00, 0x1e, 0x00, 0x1e, 0x00, 0x1e, 0x00, 0x5e, 0x00, 0x01, 0x00, 0x64,
0x00, 0x00, 0x00, 0x01, 0x00, 0x00, 0x00, 0x29, 0x00, 0x02, 0x00, 0x0a, 0x00, 0x01, 0x00, 0x5c,
0x00, 0x00, 0x00, 0x5e, 0x00, 0x61, 0x00, 0x5c, 0x00, 0x63, 0x00, 0xf6, 0x00, 0x60, 0x00, 0xf8,
0x00, 0xff, 0x00, 0xf4, 0x01, 0x02, 0x01, 0xbb, 0x00, 0xfc, 0x01, 0xc0, 0x01, 0xdd, 0x01, 0xb6,
0x01, 0xe0, 0x02, 0x50, 0x01, 0xd4, 0x02, 0x52, 0x02, 0x70, 0x02, 0x45, 0x02, 0x73, 0x02, 0x75,
0x02, 0x64, 0x02, 0x7e, 0x02, 0x7e, 0x02, 0x67, 0x00, 0x01, 0x00, 0x01, 0x00, 0xea, 0x00, 0x01,
0x00, 0x01, 0x00, 0xe4, 0x00, 0x01, 0x00, 0x00, 0x00, 0x01, 0x00, 0x08, 0x00, 0x02, 0x00, 0x44,
0x00, 0x1f, 0x00, 0xe8, 0x00, 0xe9, 0x00, 0xea, 0x00, 0xeb, 0x00, 0xec, 0x00, 0xed, 0x00, 0xee,
0x00, 0xf6, 0x00, 0xfd, 0x01, 0x0c, 0x01, 0x0d, 0x01, 0x0e, 0x01, 0x0f, 0x01, 0x10, 0x01, 0x11,
0x01, 0x12, 0x01, 0x13, 0x01, 0x18, 0x01, 0xd1, 0x01, 0xd2, 0x01, 0xd3, 0x01, 0xd4, 0x01, 0xd5,
0x01, 0xd6, 0x01, 0xd7, 0x01, 0xd8, 0x01, 0xd9, 0x01, 0xda, 0x01, 0xdb, 0x01, 0xdc, 0x01, 0xdd,
0x00, 0x02, 0x00, 0x06, 0x00, 0xe1, 0x00, 0xe7, 0x00, 0x00, 0x00, 0xf5, 0x00, 0xf5, 0x00, 0x07,
0x00, 0xfc, 0x00, 0xfc, 0x00, 0x08, 0x01, 0x04, 0x01, 0x0b, 0x00, 0x09, 0x01, 0x17, 0x01, 0x17,
0x00, 0x11, 0x01, 0xc4, 0x01, 0xd0, 0x00, 0x12, 0x00, 0x06, 0x00, 0x08, 0x00, 0x05, 0x00, 0x10,
0x00, 0x22, 0x00, 0x3c, 0x00, 0x5a, 0x00, 0x6c, 0x00, 0x03, 0x00, 0x00, 0x00, 0x01, 0x0a, 0xee,
0x00, 0x01, 0x00, 0x3e, 0x00, 0x01, 0x00, 0x00, 0x00, 0x2b, 0x00, 0x03, 0x00, 0x01, 0x0a, 0xdc,
0x00, 0x01, 0x00, 0xae, 0x00, 0x01, 0x00, 0x14, 0x00, 0x01, 0x00, 0x00, 0x00, 0x2c, 0x00, 0x01,
0x00, 0x01, 0x00, 0x5c, 0x00, 0x03, 0x00, 0x01, 0x00, 0x42, 0x00, 0x01, 0x00, 0x42, 0x00, 0x02,
0x00, 0x42, 0x00, 0x12, 0x00, 0x00, 0x00, 0x01, 0x00, 0x04, 0x00, 0x5c, 0x00, 0x5f, 0x00, 0x60,
0x00, 0x63, 0x00, 0x03, 0x00, 0x01, 0x00, 0x24, 0x00, 0x01, 0x0a, 0xb8, 0x00, 0x00, 0x00, 0x01,
0x00, 0x00, 0x00, 0x2b, 0x00, 0x03, 0x00, 0x01, 0x00, 0x12, 0x00, 0x01, 0x0a, 0x92, 0x00, 0x00,
0x00, 0x01, 0x00, 0x00, 0x00, 0x2d, 0x00, 0x01, 0x00, 0x11, 0x00, 0x50, 0x00, 0x56, 0x00, 0x57,
0x00, 0x64, 0x00, 0x65, 0x00, 0x66, 0x00, 0x67, 0x00, 0x68, 0x00, 0x75, 0x00, 0x79, 0x00, 0x7a,
0x00, 0x86, 0x00, 0x87, 0x00, 0x88, 0x00, 0x89, 0x00, 0x8a, 0x00, 0x8b, 0x00, 0x01, 0x00, 0x08,
0x00, 0x01, 0x00, 0x08, 0x00, 0x02, 0x00, 0x0a, 0x00, 0x02, 0x00, 0x58, 0x00, 0x7a, 0x00, 0x01,
0x00, 0x02, 0x00, 0x56, 0x00, 0x79, 0x00, 0x01, 0x00, 0x08, 0x00, 0x01, 0x00, 0x08, 0x00, 0x02,
0x00, 0x0a, 0x00, 0x02, 0x00, 0x59, 0x00, 0x59, 0x00, 0x01, 0x00, 0x02, 0x00, 0x56, 0x00, 0x58,
0x00, 0x01, 0x00, 0x08, 0x00, 0x01, 0x0a, 0x20, 0x00, 0x04, 0x00, 0x08, 0x00, 0x01, 0x00, 0x08,
0x00, 0x01, 0x00, 0x36, 0x00, 0x04, 0x00, 0x0e, 0x00, 0x18, 0x00, 0x22, 0x00, 0x2c, 0x00, 0x01,
0x00, 0x04, 0x00, 0xdf, 0x00, 0x02, 0x00, 0xdd, 0x00, 0x01, 0x00, 0x04, 0x00, 0xe0, 0x00, 0x02,
0x00, 0xde, 0x00, 0x01, 0x00, 0x04, 0x00, 0xdf, 0x00, 0x02, 0x00, 0xdb, 0x00, 0x01, 0x00, 0x04,
0x00, 0xe0, 0x00, 0x02, 0x00, 0xdc, 0x00, 0x02, 0x00, 0x01, 0x00, 0xdb, 0x00, 0xde, 0x00, 0x00,
0x00, 0x01, 0x00, 0x00, 0x00, 0x01, 0x00, 0x08, 0x00, 0x02, 0x00, 0xbc, 0x00, 0x2a, 0x01, 0x52,
0x01, 0x53, 0x01, 0x54, 0x01, 0x55, 0x01, 0x56, 0x01, 0x57, 0x01, 0x58, 0x01, 0x59, 0x01, 0x5a,
0x01, 0x5b, 0x01, 0x5c, 0x01, 0x5d, 0x01, 0x5e, 0x01, 0x5f, 0x01, 0x60, 0x01, 0x61, 0x01, 0x62,
0x01, 0x63, 0x01, 0x64, 0x01, 0x65, 0x01, 0x66, 0x01, 0x67, 0x01, 0x68, 0x01, 0x69, 0x01, 0x6a,
0x01, 0x6b, 0x01, 0x6c, 0x01, 0x6e, 0x01, 0x70, 0x01, 0x71, 0x01, 0x73, 0x01, 0x75, 0x01, 0x76,
0x01, 0x78, 0x01, 0x79, 0x01, 0x7a, 0x01, 0x7c, 0x01, 0x7d, 0x01, 0x7e, 0x01, 0x7f, 0x01, 0x81,
0x01, 0x80, 0x00, 0x01, 0x00, 0x00, 0x00, 0x01, 0x00, 0x08, 0x00, 0x02, 0x00, 0x5a, 0x00, 0x2a,
0x01, 0x22, 0x01, 0x23, 0x01, 0x24, 0x01, 0x25, 0x01, 0x26, 0x01, 0x27, 0x01, 0x28, 0x01, 0x29,
0x01, 0x2a, 0x01, 0x2b, 0x01, 0x2c, 0x01, 0x2d, 0x01, 0x2e, 0x01, 0x2f, 0x01, 0x30, 0x01, 0x31,
0x01, 0x32, 0x01, 0x33, 0x01, 0x34, 0x01, 0x35, 0x01, 0x36, 0x01, 0x37, 0x01, 0x38, 0x01, 0x39,
0x01, 0x3a, 0x01, 0x3b, 0x01, 0x3c, 0x01, 0x3e, 0x01, 0x40, 0x01, 0x41, 0x01, 0x43, 0x01, 0x45,
0x01, 0x46, 0x01, 0x48, 0x01, 0x49, 0x01, 0x4a, 0x01, 0x4c, 0x01, 0x4d, 0x01, 0x4e, 0x01, 0x4f,
0x01, 0x51, 0x01, 0x50, 0x00, 0x01, 0x00, 0x2a, 0x00, 0x3d, 0x00, 0x4c, 0x00, 0x4e, 0x00, 0x50,
0x00, 0x51, 0x00, 0x56, 0x00, 0x5a, 0x00, 0x5b, 0x00, 0x5c, 0x00, 0x63, 0x00, 0x64, 0x00, 0x65,
0x00, 0x69, 0x00, 0x6a, 0x00, 0x6c, 0x00, 0x73, 0x00, 0x74, 0x00, 0x75, 0x00, 0x76, 0x00, 0x79,
0x00, 0x7b, 0x00, 0x86, 0x00, 0x87, 0x00, 0x88, 0x00, 0x89, 0x00, 0x8c, 0x00, 0x93, 0x00, 0x94,
0x00, 0x95, 0x00, 0x96, 0x00, 0x97, 0x00, 0x98, 0x00, 0x99, 0x00, 0x9a, 0x00, 0x9b, 0x00, 0x9c,
0x00, 0xe1, 0x00, 0xe2, 0x00, 0xe3, 0x00, 0xe4, 0x01, 0x06, 0x01, 0x07, 0x00, 0x01, 0x00, 0x00,
0x00, 0x01, 0x00, 0x08, 0x00, 0x02, 0x00, 0x6a, 0x00, 0x32, 0x00, 0x93, 0x00, 0x94, 0x00, 0x95,
0x00, 0x96, 0x00, 0x97, 0x00, 0x98, 0x00, 0x99, 0x00, 0x9a, 0x00, 0x9b, 0x00, 0x9c, 0x00, 0x9f,
0x00, 0xfa, 0x00, 0xfb, 0x00, 0xfc, 0x00, 0xfd, 0x00, 0xfe, 0x00, 0xe1, 0x00, 0xe2, 0x00, 0xe5,
0x00, 0xe6, 0x00, 0xe3, 0x00, 0xe4, 0x00, 0xe8, 0x00, 0xe9, 0x00, 0xec, 0x00, 0xed, 0x00, 0xea,
0x00, 0xeb, 0x00, 0xf5, 0x00, 0xf6, 0x01, 0x04, 0x01, 0x05, 0x01, 0x06, 0x01, 0x07, 0x01, 0x08,
0x01, 0x09, 0x01, 0x0a, 0x01, 0x0b, 0x01, 0x17, 0x01, 0x0c, 0x01, 0x0d, 0x01, 0x0e, 0x01, 0x0f,
0x01, 0x10, 0x01, 0x11, 0x01, 0x12, 0x01, 0x13, 0x01, 0x18, 0x01, 0xc0, 0x01, 0xc1, 0x00, 0x02,
0x00, 0x03, 0x00, 0xa3, 0x00, 0xac, 0x00, 0x00, 0x00, 0xaf, 0x00, 0xaf, 0x00, 0x0a, 0x00, 0xb3,
0x00, 0xd9, 0x00, 0x0b, 0x00, 0x01, 0x00, 0x00, 0x00, 0x01, 0x00, 0x08, 0x00, 0x02, 0x00, 0x6a,
0x00, 0x32, 0x00, 0xa3, 0x00, 0xa4, 0x00, 0xa5, 0x00, 0xa6, 0x00, 0xa7, 0x00, 0xa8, 0x00, 0xa9,
0x00, 0xaa, 0x00, 0xab, 0x00, 0xac, 0x00, 0xaf, 0x00, 0xb8, 0x00, 0xb9, 0x00, 0xbc, 0x00, 0xbd,
0x00, 0xba, 0x00, 0xbb, 0x00, 0xbe, 0x00, 0xbf, 0x00, 0xc2, 0x00, 0xc3, 0x00, 0xc0, 0x00, 0xc1,
0x00, 0xc4, 0x00, 0xc5, 0x00, 0xb3, 0x00, 0xb4, 0x00, 0xb5, 0x00, 0xb6, 0x00, 0xb7, 0x00, 0xc6,
0x00, 0xc7, 0x00, 0xc8, 0x00, 0xc9, 0x00, 0xca, 0x00, 0xcb, 0x00, 0xcc, 0x00, 0xcd, 0x00, 0xcf,
0x00, 0xd0, 0x00, 0xd1, 0x00, 0xd2, 0x00, 0xd3, 0x00, 0xd4, 0x00, 0xd5, 0x00, 0xd6, 0x00, 0xce,
0x00, 0xd7, 0x00, 0xd8, 0x00, 0xd9, 0x00, 0x02, 0x00, 0x09, 0x00, 0x93, 0x00, 0x9c, 0x00, 0x00,
0x00, 0x9f, 0x00, 0x9f, 0x00, 0x0a, 0x00, 0xe1, 0x00, 0xe6, 0x00, 0x0b, 0x00, 0xe8, 0x00, 0xed,
0x00, 0x11, 0x00, 0xf5, 0x00, 0xf6, 0x00, 0x17, 0x00, 0xfa, 0x00, 0xfe, 0x00, 0x19, 0x01, 0x04,
0x01, 0x13, 0x00, 0x1e, 0x01, 0x17, 0x01, 0x18, 0x00, 0x2e, 0x01, 0xc0, 0x01, 0xc1, 0x00, 0x30,
0x00, 0x01, 0x00, 0x00, 0x00, 0x01, 0x00, 0x08, 0x00, 0x02, 0x00, 0x16, 0x00, 0x08, 0x00, 0x9d,
0x00, 0xad, 0x01, 0x3d, 0x01, 0x6d, 0x01, 0x84, 0x01, 0x9c, 0x02, 0x04, 0x02, 0x3c, 0x00, 0x01,
0x00, 0x08, 0x00, 0x93, 0x00, 0xa3, 0x01, 0x3c, 0x01, 0x6c, 0x01, 0x83, 0x01, 0x9b, 0x01, 0xfa,
0x02, 0x32, 0x00, 0x06, 0x00, 0x00, 0x00, 0x02, 0x00, 0x0a, 0x00, 0x24, 0x00, 0x03, 0x00, 0x01,
0x00, 0x2c, 0x00, 0x01, 0x00, 0x12, 0x00, 0x00, 0x00, 0x01, 0x00, 0x00, 0x00, 0x35, 0x00, 0x01,
0x00, 0x02, 0x00, 0x01, 0x00, 0x3d, 0x00, 0x03, 0x00, 0x01, 0x00, 0x12, 0x00, 0x01, 0x00, 0x1c,
0x00, 0x00, 0x00, 0x01, 0x00, 0x00, 0x00, 0x35, 0x00, 0x02, 0x00, 0x01, 0x00, 0x93, 0x00, 0x9c,
0x00, 0x00, 0x00, 0x01, 0x00, 0x02, 0x00, 0x26, 0x00, 0x6c, 0x00, 0x01, 0x00, 0x00, 0x00, 0x01,
0x00, 0x08, 0x00, 0x02, 0x00, 0x0e, 0x00, 0x04, 0x01, 0x1c, 0x01, 0x1d, 0x01, 0x1c, 0x01, 0x1d,
0x00, 0x01, 0x00, 0x04, 0x00, 0x01, 0x00, 0x26, 0x00, 0x3d, 0x00, 0x6c, 0x00, 0x04, 0x00, 0x00,
0x00, 0x01, 0x00, 0x08, 0x00, 0x01, 0x00, 0x14, 0x00, 0x01, 0x00, 0x08, 0x00, 0x01, 0x00, 0x04,
0x01, 0xc3, 0x00, 0x03, 0x00, 0x6c, 0x00, 0xfb, 0x00, 0x01, 0x00, 0x01, 0x00, 0x24, 0x00, 0x01,
0x00, 0x00, 0x00, 0x01, 0x00, 0x08, 0x00, 0x02, 0x00, 0x8a, 0x00, 0x42, 0x00, 0x14, 0x00, 0x1b,
0x00, 0x1c, 0x00, 0x1d, 0x00, 0x1e, 0x00, 0x1f, 0x00, 0x45, 0x00, 0x46, 0x00, 0x47, 0x00, 0x48,
0x00, 0x49, 0x00, 0x4a, 0x00, 0x4b, 0x00, 0x57, 0x00, 0x67, 0x00, 0x68, 0x00, 0x78, 0x00, 0x7a,
0x00, 0x81, 0x00, 0x84, 0x00, 0x85, 0x00, 0x82, 0x00, 0x83, 0x00, 0x9e, 0x00, 0x9f, 0x00, 0xa0,
0x00, 0xa1, 0x00, 0xa2, 0x00, 0xae, 0x00, 0xaf, 0x00, 0xb0, 0x00, 0xb1, 0x00, 0xb2, 0x01, 0x3f,
0x01, 0x42, 0x01, 0x44, 0x01, 0x47, 0x01, 0x4b, 0x01, 0x6f, 0x01, 0x72, 0x01, 0x74, 0x01, 0x77,
0x01, 0x7b, 0x01, 0x86, 0x01, 0x89, 0x01, 0x8b, 0x01, 0x8e, 0x01, 0x92, 0x01, 0x9e, 0x01, 0xa1,
0x01, 0xa3, 0x01, 0xa6, 0x01, 0xaa, 0x02, 0x05, 0x02, 0x06, 0x02, 0x07, 0x02, 0x08, 0x02, 0x09,
0x02, 0x3d, 0x02, 0x3e, 0x02, 0x3f, 0x02, 0x40, 0x02, 0x41, 0x02, 0x57, 0x02, 0x61, 0x02, 0x63,
0x00, 0x01, 0x00, 0x42, 0x00, 0x13, 0x00, 0x16, 0x00, 0x17, 0x00, 0x18, 0x00, 0x19, 0x00, 0x1a,
0x00, 0x3d, 0x00, 0x3e, 0x00, 0x3f, 0x00, 0x40, 0x00, 0x41, 0x00, 0x42, 0x00, 0x43, 0x00, 0x56,
0x00, 0x65, 0x00, 0x66, 0x00, 0x77, 0x00, 0x79, 0x00, 0x7b, 0x00, 0x7c, 0x00, 0x7e, 0x00, 0x7f,
0x00, 0x80, 0x00, 0x94, 0x00, 0x96, 0x00, 0x97, 0x00, 0x99, 0x00, 0x9c, 0x00, 0xa4, 0x00, 0xa6,
0x00, 0xa7, 0x00, 0xa9, 0x00, 0xac, 0x01, 0x3e, 0x01, 0x41, 0x01, 0x43, 0x01, 0x46, 0x01, 0x4a,
0x01, 0x6e, 0x01, 0x71, 0x01, 0x73, 0x01, 0x76, 0x01, 0x7a, 0x01, 0x85, 0x01, 0x88, 0x01, 0x8a,
0x01, 0x8d, 0x01, 0x91, 0x01, 0x9d, 0x01, 0xa0, 0x01, 0xa2, 0x01, 0xa5, 0x01, 0xa9, 0x01, 0xfb,
0x01, 0xfd, 0x01, 0xfe, 0x02, 0x00, 0x02, 0x03, 0x02, 0x33, 0x02, 0x35, 0x02, 0x36, 0x02, 0x38,
0x02, 0x3b, 0x02, 0x54, 0x02, 0x58, 0x02, 0x5f, 0x00, 0x01, 0x00, 0x00, 0x00, 0x01, 0x00, 0x08,
0x00, 0x02, 0x00, 0x46, 0x00, 0x20, 0x00, 0x9f, 0x00, 0xa0, 0x00, 0xa1, 0x00, 0xa2, 0x00, 0xaf,
0x00, 0xb0, 0x00, 0xb1, 0x00, 0xb2, 0x01, 0x42, 0x01, 0x44, 0x01, 0x47, 0x01, 0x4b, 0x01, 0x72,
0x01, 0x74, 0x01, 0x77, 0x01, 0x7b, 0x01, 0x89, 0x01, 0x8b, 0x01, 0x8e, 0x01, 0x92, 0x01, 0xa1,
0x01, 0xa3, 0x01, 0xa6, 0x01, 0xaa, 0x02, 0x06, 0x02, 0x07, 0x02, 0x08, 0x02, 0x09, 0x02, 0x3e,
0x02, 0x3f, 0x02, 0x40, 0x02, 0x41, 0x00, 0x01, 0x00, 0x20, 0x00, 0x96, 0x00, 0x97, 0x00, 0x99,
0x00, 0x9c, 0x00, 0xa6, 0x00, 0xa7, 0x00, 0xa9, 0x00, 0xac, 0x01, 0x41, 0x01, 0x43, 0x01, 0x46,
0x01, 0x4a, 0x01, 0x71, 0x01, 0x73, 0x01, 0x76, 0x01, 0x7a, 0x01, 0x88, 0x01, 0x8a, 0x01, 0x8d,
0x01, 0x91, 0x01, 0xa0, 0x01, 0xa2, 0x01, 0xa5, 0x01, 0xa9, 0x01, 0xfd, 0x01, 0xfe, 0x02, 0x00,
0x02, 0x03, 0x02, 0x35, 0x02, 0x36, 0x02, 0x38, 0x02, 0x3b, 0x00, 0x01, 0x00, 0x00, 0x00, 0x01,
0x00, 0x08, 0x00, 0x02, 0x00, 0x1e, 0x00, 0x0c, 0x00, 0x1b, 0x00, 0x1c, 0x00, 0x1d, 0x00, 0x1e,
0x00, 0x1f, 0x00, 0x67, 0x00, 0x68, 0x00, 0x78, 0x00, 0x9d, 0x00, 0xad, 0x02, 0x04, 0x02, 0x3c,
0x00, 0x01, 0x00, 0x0c, 0x00, 0x16, 0x00, 0x17, 0x00, 0x18, 0x00, 0x19, 0x00, 0x1a, 0x00, 0x65,
0x00, 0x66, 0x00, 0x77, 0x00, 0x93, 0x00, 0xa3, 0x01, 0xfa, 0x02, 0x32, 0x00, 0x01, 0x00, 0x00,
0x00, 0x01, 0x00, 0x08, 0x00, 0x02, 0x00, 0x0e, 0x00, 0x04, 0x02, 0x4f, 0x02, 0x50, 0x01, 0x99,
0x01, 0xb1, 0x00, 0x01, 0x00, 0x04, 0x00, 0xfa, 0x00, 0xfe, 0x01, 0x98, 0x01, 0xb0, 0x00, 0x01,
0x00, 0x00, 0x00, 0x01, 0x00, 0x08, 0x00, 0x02, 0x00, 0x16, 0x00, 0x08, 0x00, 0x1b, 0x00, 0x1c,
0x00, 0x1d, 0x00, 0x1e, 0x00, 0x1f, 0x00, 0x67, 0x00, 0x68, 0x00, 0x78, 0x00, 0x01, 0x00, 0x08,
0x00, 0x16, 0x00, 0x17, 0x00, 0x18, 0x00, 0x19, 0x00, 0x1a, 0x00, 0x65, 0x00, 0x66, 0x00, 0x77,
0x00, 0x01, 0x00, 0x00, 0x00, 0x01, 0x00, 0x08, 0x00, 0x02, 0x00, 0x86, 0x00, 0x40, 0x01, 0xe0,
0x01, 0xe1, 0x01, 0xe2, 0x01, 0xe3, 0x01, 0xe4, 0x01, 0xe5, 0x01, 0xe6, 0x01, 0xe7, 0x01, 0xe8,
0x01, 0xe9, 0x01, 0xea, 0x01, 0xeb, 0x01, 0xec, 0x01, 0xed, 0x01, 0xee, 0x01, 0xef, 0x01, 0xf0,
0x01, 0xf1, 0x01, 0xf2, 0x01, 0xf3, 0x01, 0xf4, 0x01, 0xf5, 0x01, 0xf6, 0x01, 0xf7, 0x01, 0xf8,
0x01, 0xf9, 0x01, 0xfa, 0x01, 0xfb, 0x01, 0xfc, 0x01, 0xfd, 0x01, 0xfe, 0x01, 0xff, 0x02, 0x00,
0x02, 0x01, 0x02, 0x02, 0x02, 0x03, 0x02, 0x04, 0x02, 0x05, 0x02, 0x06, 0x02, 0x07, 0x02, 0x08,
0x02, 0x09, 0x02, 0x0a, 0x02, 0x0b, 0x02, 0x0c, 0x02, 0x0d, 0x02, 0x0d, 0x02, 0x0e, 0x02, 0x0f,
0x02, 0x10, 0x02, 0x11, 0x02, 0x13, 0x02, 0x14, 0x02, 0x0e, 0x02, 0x0f, 0x02, 0x10, 0x02, 0x11,
0x02, 0x13, 0x02, 0x14, 0x02, 0x12, 0x02, 0x15, 0x02, 0x16, 0x02, 0x15, 0x02, 0x16, 0x00, 0x01,
0x00, 0x40, 0x00, 0x01, 0x00, 0x09, 0x00, 0x0a, 0x00, 0x0c, 0x00, 0x0d, 0x00, 0x12, 0x00, 0x13,
0x00, 0x15, 0x00, 0x16, 0x00, 0x20, 0x00, 0x21, 0x00, 0x22, 0x00, 0x23, 0x00, 0x24, 0x00, 0x26,
0x00, 0x2d, 0x00, 0x2e, 0x00, 0x2f, 0x00, 0x30, 0x00, 0x31, 0x00, 0x32, 0x00, 0x37, 0x00, 0x38,
0x00, 0x39, 0x00, 0x3a, 0x00, 0x3c, 0x00, 0x93, 0x00, 0x94, 0x00, 0x95, 0x00, 0x96, 0x00, 0x97,
0x00, 0x98, 0x00, 0x99, 0x00, 0x9a, 0x00, 0x9b, 0x00, 0x9c, 0x00, 0x9d, 0x00, 0x9e, 0x00, 0x9f,
0x00, 0xa0, 0x00, 0xa1, 0x00, 0xa2, 0x00, 0xdb, 0x00, 0xdd, 0x00, 0xef, 0x00, 0xf5, 0x00, 0xf6,
0x01, 0x04, 0x01, 0x05, 0x01, 0x06, 0x01, 0x07, 0x01, 0x08, 0x01, 0x09, 0x01, 0x0c, 0x01, 0x0d,
0x01, 0x0e, 0x01, 0x0f, 0x01, 0x10, 0x01, 0x11, 0x01, 0x82, 0x01, 0xc4, 0x01, 0xc8, 0x01, 0xd1,
0x01, 0xd5, 0x00, 0x01, 0x00, 0x00, 0x00, 0x01, 0x00, 0x08, 0x00, 0x02, 0x00, 0x88, 0x00, 0x41,
0x02, 0x17, 0x02, 0x18, 0x02, 0x19, 0x02, 0x1a, 0x02, 0x1b, 0x02, 0x1c, 0x02, 0x1d, 0x02, 0x1e,
0x02, 0x1f, 0x02, 0x20, 0x02, 0x21, 0x02, 0x22, 0x02, 0x23, 0x02, 0x24, 0x02, 0x25, 0x02, 0x26,
0x02, 0x27, 0x02, 0x28, 0x02, 0x29, 0x02, 0x2a, 0x02, 0x2b, 0x02, 0x2c, 0x02, 0x2d, 0x02, 0x2e,
0x02, 0x2f, 0x02, 0x30, 0x02, 0x31, 0x02, 0x32, 0x02, 0x33, 0x02, 0x34, 0x02, 0x35, 0x02, 0x36,
0x02, 0x37, 0x02, 0x38, 0x02, 0x39, 0x02, 0x3a, 0x02, 0x3b, 0x02, 0x3c, 0x02, 0x3d, 0x02, 0x3e,
0x02, 0x3f, 0x02, 0x40, 0x02, 0x41, 0x02, 0x42, 0x02, 0x43, 0x02, 0x44, 0x02, 0x45, 0x02, 0x45,
0x02, 0x46, 0x02, 0x47, 0x02, 0x48, 0x02, 0x49, 0x02, 0x4b, 0x02, 0x4c, 0x02, 0x46, 0x02, 0x47,
0x02, 0x48, 0x02, 0x49, 0x02, 0x4b, 0x02, 0x4c, 0x02, 0x4a, 0x02, 0x4d, 0x02, 0x4e, 0x02, 0x4d,
0x02, 0x4e, 0x00, 0x02, 0x00, 0x15, 0x00, 0x01, 0x00, 0x01, 0x00, 0x00, 0x00, 0x09, 0x00, 0x0a,
0x00, 0x01, 0x00, 0x0c, 0x00, 0x0d, 0x00, 0x03, 0x00, 0x12, 0x00, 0x16, 0x00, 0x05, 0x00, 0x20,
0x00, 0x24, 0x00, 0x0a, 0x00, 0x26, 0x00, 0x26, 0x00, 0x0f, 0x00, 0x2d, 0x00, 0x32, 0x00, 0x10,
0x00, 0x37, 0x00, 0x3a, 0x00, 0x16, 0x00, 0x3c, 0x00, 0x3c, 0x00, 0x1a, 0x00, 0x93, 0x00, 0xa2,
0x00, 0x1b, 0x00, 0xdb, 0x00, 0xdb, 0x00, 0x2b, 0x00, 0xdd, 0x00, 0xdd, 0x00, 0x2c, 0x00, 0xef,
0x00, 0xef, 0x00, 0x2d, 0x00, 0xf5, 0x00, 0xf6, 0x00, 0x2e, 0x01, 0x04, 0x01, 0x09, 0x00, 0x30,
0x01, 0x0c, 0x01, 0x11, 0x00, 0x36, 0x01, 0x82, 0x01, 0x82, 0x00, 0x3c, 0x01, 0xc4, 0x01, 0xc4,
0x00, 0x3d, 0x01, 0xc8, 0x01, 0xc8, 0x00, 0x3e, 0x01, 0xd1, 0x01, 0xd1, 0x00, 0x3f, 0x01, 0xd5,
0x01, 0xd5, 0x00, 0x40, 0x00, 0x01, 0x00, 0x00, 0x00, 0x01, 0x00, 0x08, 0x00, 0x02, 0x00, 0x4a,
0x00, 0x22, 0x02, 0x52, 0x02, 0x53, 0x02, 0x54, 0x02, 0x57, 0x02, 0x55, 0x02, 0x56, 0x02, 0x58,
0x02, 0x61, 0x02, 0x59, 0x02, 0x5a, 0x02, 0x5b, 0x02, 0x5c, 0x02, 0x5d, 0x02, 0x62, 0x02, 0x5e,
0x02, 0x5f, 0x02, 0x63, 0x02, 0x60, 0x02, 0x6d, 0x02, 0x6c, 0x02, 0x6e, 0x02, 0x70, 0x02, 0x6f,
0x02, 0x68, 0x02, 0x69, 0x02, 0x65, 0x02, 0x64, 0x02, 0x66, 0x02, 0x6b, 0x02, 0x67, 0x02, 0x6a,
0x01, 0x9a, 0x01, 0xb2, 0x02, 0x73, 0x00, 0x01, 0x00, 0x22, 0x00, 0x02, 0x00, 0x11, 0x00, 0x17,
0x00, 0x1c, 0x00, 0x27, 0x00, 0x36, 0x00, 0x40, 0x00, 0x48, 0x00, 0x52, 0x00, 0x5c, 0x00, 0x5e,
0x00, 0x63, 0x00, 0x66, 0x00, 0x68, 0x00, 0x6d, 0x00, 0x7c, 0x00, 0x84, 0x00, 0x8a, 0x00, 0xb3,
0x00, 0xb4, 0x00, 0xb5, 0x00, 0xb6, 0x00, 0xb7, 0x00, 0xdb, 0x00, 0xdd, 0x00, 0xfa, 0x00, 0xfb,
0x00, 0xfc, 0x00, 0xfd, 0x00, 0xfe, 0x00, 0xff, 0x01, 0x98, 0x01, 0xb0, 0x01, 0xb9, 0x00, 0x01,
0x00, 0x00, 0x00, 0x01, 0x00, 0x08, 0x00, 0x02, 0x00, 0x16, 0x00, 0x08, 0x00, 0x9e, 0x00, 0xae,
0x01, 0x3f, 0x01, 0x6f, 0x01, 0x86, 0x01, 0x9e, 0x02, 0x05, 0x02, 0x3d, 0x00, 0x01, 0x00, 0x08,
0x00, 0x94, 0x00, 0xa4, 0x01, 0x3e, 0x01, 0x6e, 0x01, 0x85, 0x01, 0x9d, 0x01, 0xfb, 0x02, 0x33,
0x00, 0x01, 0x00, 0x00, 0x00, 0x01, 0x00, 0x08, 0x00, 0x02, 0x00, 0x16, 0x00, 0x08, 0x00, 0xa0,
0x00, 0xb0, 0x01, 0x44, 0x01, 0x74, 0x01, 0x8b, 0x01, 0xa3, 0x02, 0x07, 0x02, 0x3f, 0x00, 0x01,
0x00, 0x08, 0x00, 0x97, 0x00, 0xa7, 0x01, 0x43, 0x01, 0x73, 0x01, 0x8a, 0x01, 0xa2, 0x01, 0xfe,
0x02, 0x36, 0x00, 0x01, 0x00, 0x00, 0x00, 0x01, 0x00, 0x08, 0x00, 0x02, 0x00, 0x16, 0x00, 0x08,
0x00, 0xa1, 0x00, 0xb1, 0x01, 0x47, 0x01, 0x77, 0x01, 0x8e, 0x01, 0xa6, 0x02, 0x08, 0x02, 0x40,
0x00, 0x01, 0x00, 0x08, 0x00, 0x99, 0x00, 0xa9, 0x01, 0x46, 0x01, 0x76, 0x01, 0x8d, 0x01, 0xa5,
0x02, 0x00, 0x02, 0x38, 0x00, 0x01, 0x00, 0x00, 0x00, 0x01, 0x00, 0x08, 0x00, 0x02, 0x00, 0x16,
0x00, 0x08, 0x00, 0xa2, 0x00, 0xb2, 0x01, 0x4b, 0x01, 0x7b, 0x01, 0x92, 0x01, 0xaa, 0x02, 0x09,
0x02, 0x41, 0x00, 0x01, 0x00, 0x08, 0x00, 0x9c, 0x00, 0xac, 0x01, 0x4a, 0x01, 0x7a, 0x01, 0x91,
0x01, 0xa9, 0x02, 0x03, 0x02, 0x3b, 0x00, 0x01, 0x00, 0x00, 0x00, 0x01, 0x00, 0x08, 0x00, 0x01,
0x00, 0x06, 0x00, 0x02, 0x00, 0x01, 0x00, 0x02, 0x00, 0x65, 0x00, 0x66, 0x00, 0x01, 0x00, 0x00,
0x00, 0x01, 0x00, 0x08, 0x00, 0x02, 0x00, 0x12, 0x00, 0x06, 0x00, 0x81, 0x00, 0x84, 0x00, 0x85,
0x00, 0x82, 0x00, 0x83, 0x02, 0x63, 0x00, 0x01, 0x00, 0x06, 0x00, 0x7b, 0x00, 0x7c, 0x00, 0x7e,
0x00, 0x7f, 0x00, 0x80, 0x02, 0x5f, 0x00, 0x01, 0x00, 0x00, 0x00, 0x01, 0x00, 0x08, 0x00, 0x01,
0x00, 0x06, 0x00, 0x01, 0x00, 0x01, 0x00, 0x01, 0x00, 0x77, 0x00, 0x01, 0x00, 0x00, 0x00, 0x01,
0x00, 0x08, 0x00, 0x02, 0x00, 0x12, 0x00, 0x06, 0x00, 0x1b, 0x00, 0x1c, 0x00, 0x1d, 0x00, 0x1e,
0x00, 0x1f, 0x02, 0x57, 0x00, 0x01, 0x00, 0x06, 0x00, 0x16, 0x00, 0x17, 0x00, 0x18, 0x00, 0x19,
0x00, 0x1a, 0x02, 0x54, 0x00, 0x01, 0x00, 0x00, 0x00, 0x01, 0x00, 0x08, 0x00, 0x02, 0x00, 0x16,
0x00, 0x08, 0x00, 0x9f, 0x00, 0xaf, 0x01, 0x42, 0x01, 0x72, 0x01, 0x89, 0x01, 0xa1, 0x02, 0x06,
0x02, 0x3e, 0x00, 0x01, 0x00, 0x08, 0x00, 0x96, 0x00, 0xa6, 0x01, 0x41, 0x01, 0x71, 0x01, 0x88,
0x01, 0xa0, 0x01, 0xfd, 0x02, 0x35, 0x00, 0x01, 0x00, 0x00, 0x00, 0x01, 0x00, 0x08, 0x00, 0x01,
0x00, 0x06, 0x00, 0x01, 0x00, 0x01, 0x00, 0x01, 0x00, 0x13, 0x00, 0x01, 0x00, 0x00, 0x00, 0x01,
0x00, 0x08, 0x00, 0x02, 0x00, 0x16, 0x00, 0x08, 0x00, 0x45, 0x00, 0x46, 0x00, 0x47, 0x00, 0x48,
0x00, 0x49, 0x00, 0x4a, 0x00, 0x4b, 0x02, 0x61, 0x00, 0x02, 0x00, 0x02, 0x00, 0x3d, 0x00, 0x43,
0x00, 0x00, 0x02, 0x58, 0x02, 0x58, 0x00, 0x07, 0x00, 0x01, 0x00, 0x00, 0x00, 0x01, 0x00, 0x08,
0x00, 0x01, 0x00, 0x06, 0x00, 0x01, 0x00, 0x01, 0x00, 0x01, 0x00, 0x56, 0x00, 0x01, 0x00, 0x00,
0x00, 0x01, 0x00, 0x08, 0x00, 0x01, 0x00, 0x06, 0x00, 0x01, 0x00, 0x01, 0x00, 0x01, 0x00, 0x79,
};
static const unsigned int remolo_inter_semibold_ttf_len = 93936;
